Schema Name,View Name,Column Name,Datatype,Change Type,New View,New Column,
CoSell,vw_CosellPrioritizedPartners,SolutionPlay,varchar,Deprecate,,,
CoSell,vw_DimOpportunity,SolutionPlay,varchar,Stale,,,
CoSell,vw_DimMSXSolutionArea,SolutionPlay,varchar,Stale,,,
CoSell,vw_DimMSXWorkload,SolutionPlay,varchar,Stale,,,
CoSell,vw_DimOpportunity,Solution Play (Seller Tagged),varchar,Stale,,,
CoSell,vw_DimProject,SolutionPlay,varchar,Stale,,,
CoSell,vw_DimSolutionArea,SolutionPlay,varchar,Deprecate,,,
CoSell,vw_DimSolutionAreaOppty,SolutionPlay,varchar,Stale,,,
CoSell,vw_FactSolution,SolutionPlay,varchar,Stale,,,
CoSell,vw_Bridge_CoSellPrioritizedSolutionPracticeCountry,SolutionPlay,varchar,Deprecate,,,
CoSell,vw_FactPartnerDealFY20,ApprovalDateKey,varchar,TBD,,,
CoSell,vw_FactPartnerDealFY20,IPCoSellDealReg_Azure,decimal,TBD,,,
CoSell,vw_FactPartnerDealFY20,EstimatedRevenueCD,decimal,TBD,,,
CoSell,vw_FactPartnerDealFY20,IsPartnerCoSellDeal_Azure_ACR,varchar,TBD,,,
CoSell,vw_FactPartnerDealFY20,CRMPartnerAccountKey,varchar,TBD,,,
CoSell,vw_DimPartnerReferral,IsIPCoSellWithFY19Logic,varchar,TBD,,,
CoSell,vw_DimGPSCRMAccount,IsFY24RecruitPartner,varchar,TBD,,,
CoSell,vw_DimReportingPartnerOneSub,IsFY24RecruitPartner,varchar,TBD,,,
CoSell,vw_DimPartnerReferral,IsIPCoSellWithFY21Logic,varchar,TBD,,,
CoSell,vw_FactPartnerDealFY20,Approval_ReportedDateKey,varchar,TBD,,,
CoSell,vw_FactPartnerDealFY20,CustomerGeographyKey,bigint,TBD,,,
CoSell,vw_FactPartnerDealFY20,CustomerSegmentKey,bigint,TBD,,,
CoSell,vw_FactPartnerDealFY20,IsPartnerReportedACR,varchar,TBD,,,
CoSell,vw_FactPartnerDealFY20,ServiceCompGroupingKey,int,TBD,,,
CoSell,vw_FactPartnerDealFY20,IsPartnerCoSellDeal_ClosedMonth_Azure_ACR,varchar,TBD,,,
CoSell,vw_FactPartnerDealFY20,PartnerReportedACR_Azure,decimal,TBD,,,
CoSell,vw_FactPartnerDealFY20,TrueACRConsumption,decimal,TBD,,,
CoSell,vw_FactPartnerDealFY20,PartnerDealKey,bigint,TBD,,,
CoSell,vw_FactPartnerDealFY20,ATUKey,int,TBD,,,
CoSell,vw_FactPartnerDealFY20,ChannelPartnerOneKey,int,TBD,,,
CoSell,vw_FactPartnerDealFY20,IPCoSellPartnerOneKey,int,TBD,,,
CoSell,vw_FactPartnerDealFY20,LeadKey,bigint,TBD,,,
CoSell,vw_FactPartnerDealFY20,OpportunityKey,bigint,TBD,,,
CoSell,vw_FactPartnerDealFY20,PartnerGeographyKey,int,TBD,,,
CoSell,vw_FactPartnerDealFY20,CreatedDateKey,int,TBD,,,
CoSell,vw_FactPartnerDealFY20,IPPartnerOneKey,int,TBD,,,
CoSell,vw_FactPartnerDealFY20,ReportingGeographyKey,int,TBD,,,
CoSell,vw_FactPartnerDealFY20,PartnerOneReportingKey,bigint,TBD,,,
CoSell,vw_FactPartnerDealFY20,ScoreCardRecognitionKey,int,TBD,,,
CoSell,vw_FactPartnerDealFY20,PartnerOneKey,int,TBD,,,
CoSell,vw_FactPartnerDealFY20,PSXDealKey,varchar,TBD,,,
CoSell,vw_FactPartnerDealFY20,rank,bigint,TBD,,,
CoSell,vw_FactPartnerDealFY20,SolutionKey,bigint,TBD,,,
CoSell,vw_FactPartnerDealFY20,SolutionPartnerDealCompositeKey,int,TBD,,,
CoSell,vw_FactPartnerDealFY20,SellerCoSellIncentiveKey,int,TBD,,,
CoSell,vw_FactPartnerDealFY20,SharingTypeKey,int,TBD,,,
CoSell,vw_HistoricalRecruitFlags,IsFY24RecruitPartner,varchar,TBD,,,
rob,vw_Dim_UsedCustomer,CustomerKey,int,No Change,,,
rob,vw_Dim_UsedCustomer,TPName,varchar,No Change,,,
rob,vw_Dim_UsedCustomer,SubSegmentKey,int,No Change,,,
rob,vw_Dim_UsedCustomer,VerticalName,varchar,No Change,,,
rob,vw_Dim_UsedCustomer,IndustryName,varchar,No Change,,,
rob,vw_Dim_UsedCustomer,HQ/DS,varchar,No Change,,,
rob,vw_Dim_UsedCustomer,CustomerNameID,varchar,No Change,,,
rob,vw_Dim_UsedCustomer,SubsidiaryID,int,No Change,,,
rob,vw_Dim_UsedCustomer,EOU,varchar,No Change,,,
rob,vw_Dim_UsedCustomer,AreaName,varchar,No Change,,,
rob,vw_Dim_UsedCustomer,RegionName,varchar,No Change,,,
rob,vw_Dim_UsedCustomer,SubRegionName,varchar,No Change,,,
rob,vw_Dim_UsedCustomer,SubsidiaryName,varchar,No Change,,,
rob,vw_Dim_UsedCustomer,IsS500Customer,varchar,No Change,,,
rob,vw_Duration,ID,bigint,No Change,,,
rob,vw_Duration,NumberofMonths,varchar,No Change,,,
rob,vw_Fact_AllUpPartnerTarget,MetricKey,smallint,No Change,,,
rob,vw_Fact_AllUpPartnerTarget,FiscalMonthID,int,No Change,,,
rob,vw_Fact_AllUpPartnerTarget,CreditedGeographyKey,int,No Change,,,
rob,vw_Fact_AllUpPartnerTarget,Target,decimal,No Change,,,
rob,vw_Dim_PartnerAssociationType,AssociationTypeID,int,No Change,,,
rob,vw_Dim_PartnerAssociationType,AssociationType,varchar,No Change,,,
rob,vw_Dim_PartnerAssociationType,AdminType,varchar,No Change,,,
rob,vw_Dim_PartnerReportingGeography,SubsidiaryID,bigint,No Change,,,
rob,vw_Dim_PartnerReportingGeography,Subsidiary,varchar,No Change,,,
rob,vw_Dim_PartnerReportingGeography,Subregion,varchar,No Change,,,
rob,vw_Dim_PartnerReportingGeography,Region,varchar,No Change,,,
rob,vw_Dim_PartnerReportingGeography,Area,varchar,No Change,,,
rob,vw_Dim_PartnerReportingGeography,BigArea,varchar,No Change,,,
rob,vw_Dim_PartnerReportingGeography,Perspective,varchar,No Change,,,
rob,vw_Dim_Perspective,PerspectiveName,varchar,No Change,,,
rob,vw_Dim_Perspective,PerspectiveKey,int,No Change,,,
rob,vw_Dim_Product_Detailed,ProductKey,bigint,No Change,,,
rob,vw_Dim_Product_Detailed,RevSumCategoryKey,int,No Change,,,
rob,vw_Dim_Product_Detailed,RevSumCategoryID,int,No Change,,,
rob,vw_Dim_Product_Detailed,RevSumCategoryName,varchar,No Change,,,
rob,vw_Dim_Product_Detailed,RevSumDivisionID,int,No Change,,,
rob,vw_Dim_Product_Detailed,RevSumDivisionName,varchar,No Change,,,
rob,vw_Dim_Product_Detailed,SuperRevSumDivisionName,varchar,No Change,,,
rob,vw_Dim_Product_Detailed,SuperRevSumDivisionCode,varchar,No Change,,,
rob,vw_Dim_Product_Detailed,ReportingProductName,varchar,No Change,,,
rob,vw_Dim_Product_Detailed,ProductFamilyID,bigint,No Change,,,
rob,vw_Dim_Product_Detailed,SolutionArea,varchar,No Change,,,
rob,vw_Dim_Product_Detailed,SolutionAreaSortOrder,int,No Change,,,
rob,vw_Dim_Product_Detailed,ProductPartNumber,varchar,No Change,,,
rob,vw_Dim_Product_Detailed,SuperRevSumDivisionID,bigint,No Change,,,
rob,vw_Dim_Product_Detailed,ProductFamilyName,varchar,No Change,,,
rob,vw_Dim_Product_Detailed,OLServiceFlagID,int,No Change,,,
rob,vw_Dim_Product_Detailed,IsCSPCloudFRA,varchar,No Change,,,
rob,vw_Dim_Product_Detailed,CustomSolutionArea,varchar,No Change,,,
rob,vw_Dim_ProductType_Detailed,OLServiceFlagKey,bigint,No Change,,,
rob,vw_Dim_ProductType_Detailed,ProductTypeID,bigint,No Change,,,
rob,vw_Dim_ProductType_Detailed,ProductType,varchar,No Change,,,
rob,vw_Dim_ProductType_Detailed,DetailProductType,varchar,No Change,,,
rob,vw_Dim_ProductType_Detailed,DetailProductTypeID,bigint,No Change,,,
rob,vw_Dim_ProductType_Detailed,ProductGroup,varchar,No Change,,,
rob,vw_Dim_ProductType_Detailed,ProductGroupID,bigint,No Change,,,
rob,vw_Dim_ProgramOffering,ProgramOfferingID,int,No Change,,,
rob,vw_Dim_ProgramOffering,ProgramOfferingCode,varchar,No Change,,,
rob,vw_Dim_ProgramOffering,ProgramOfferingName,varchar,No Change,,,
rob,vw_Dim_ProgramOfferingType,ProgramOfferingTypeId,smallint,No Change,,,
rob,vw_Dim_ProgramOfferingType,ProgramOfferingTypeCode,varchar,No Change,,,
rob,vw_Dim_ProgramOfferingType,ProgramOfferingTypeName,varchar,No Change,,,
rob,vw_Dim_SalesModel_Detailed,ChannelPlusKey,int,No Change,,,
rob,vw_Dim_SalesModel_Detailed,SalesModelID,int,No Change,,,
rob,vw_Dim_SalesModel_Detailed,ChannelKey,int,No Change,,,
rob,vw_Dim_SalesModel_Detailed,SalesModelName,varchar,No Change,,,
rob,vw_Dim_SalesModel_Detailed,ReportingSalesModelName,varchar,No Change,,,
rob,vw_Dim_SalesModel_Detailed,SalesChannelName,varchar,No Change,,,
rob,vw_Dim_SalesModel_Detailed,SummarySalesModelName,varchar,No Change,,,
rob,vw_Dim_SalesModel_Detailed,FilteringFlag,int,No Change,,,
rob,vw_Dim_SalesModel_Detailed,CustomSalesModel,varchar,No Change,,,
rob,vw_Dim_SalesModel_Detailed,ChannelGrouping,varchar,No Change,,,
rob,vw_Dim_SalesModel_Detailed,LeadingChannel,varchar,No Change,,,
rob,vw_Dim_SalesModel_Detailed,CustomReportingChannel,varchar,No Change,,,
rob,vw_Dim_SalesModel_Detailed,CustomChannelDetail,varchar,No Change,,,
rob,vw_Fact_BizAppsCloudBilledRevenue,CustomerKey,int,TBD,,,
rob,vw_Fact_BizAppsCloudBilledRevenue,PartnerOneReportingKey,bigint,TBD,,,
rob,vw_Fact_BizAppsCloudBilledRevenue,FiscalMonthID,int,TBD,,,
rob,vw_Fact_BizAppsCloudBilledRevenue,CreditedGeographyKey,int,TBD,,,
rob,vw_Fact_BizAppsCloudBilledRevenue,SubSegmentKey,int,TBD,,,
rob,vw_Fact_BizAppsCloudBilledRevenue,AssociationTypeKey,int,TBD,,,
rob,vw_Fact_BizAppsCloudBilledRevenue,RevSumDivisionKey,int,TBD,,,
rob,vw_Fact_BizAppsCloudBilledRevenue,DetailPricingLevelKey,int,TBD,,,
rob,vw_Fact_BizAppsCloudBilledRevenue,IsRecurring,varchar,TBD,,,
rob,vw_Fact_BizAppsCloudBilledRevenue,ProductKey,bigint,TBD,,,
rob,vw_Fact_BizAppsCloudBilledRevenue,PartnerAttachedRevenue,decimal,TBD,,,
rob,vw_Fact_BizAppsCloudBilledRevenue,Revenue,decimal,TBD,,,
rob,vw_Fact_BizAppsCloudBilledRevenue,PartnerAttachedPerformanceBR,decimal,TBD,,,
rob,vw_Fact_BizAppsCloudBilledRevenue,PartnerPerformanceBR,decimal,TBD,,,
rob,vw_Fact_BizAppsCloudBilledRevenue,FieldGeographyKey,int,TBD,,,
rob,vw_Fact_DAISolutionPartnerDesignations,PartnerOneReportingKey,bigint,No Change,,,
rob,vw_Fact_DAISolutionPartnerDesignations,CreditedGeographyKey,int,No Change,,,
rob,vw_Fact_DAISolutionPartnerDesignations,PartnerGlobalID,int,No Change,,,
rob,vw_Fact_DAISolutionPartnerDesignations,StartFiscalMonthID,int,No Change,,,
rob,vw_Fact_DAISolutionPartnerDesignations,EndFiscalMonthID,int,No Change,,,
rob,vw_Fact_NewBizAppsNonRecBilledRevenueGSIESI,FiscalMonthID,int,Deprecate,,,
rob,vw_Fact_NewBizAppsNonRecBilledRevenueGSIESI,UniqueKey,int,Deprecate,,,
rob,vw_Fact_NewBizAppsNonRecBilledRevenueGSIESI,SalesGroupKey,int,Deprecate,,,
rob,vw_Fact_NewBizAppsNonRecBilledRevenueGSIESI,AssociationTypeKey,int,Deprecate,,,
rob,vw_Fact_NewBizAppsNonRecBilledRevenueGSIESI,CreditedGeographyKey,int,Deprecate,,,
rob,vw_Fact_NewBizAppsNonRecBilledRevenueGSIESI,RevSumDivisionKey,int,Deprecate,,,
rob,vw_Fact_NewBizAppsNonRecBilledRevenueGSIESI,SubSegmentKey,int,Deprecate,,,
rob,vw_Fact_NewBizAppsNonRecBilledRevenueGSIESI,CustomerKey,int,Deprecate,,,
rob,vw_Fact_NewBizAppsNonRecBilledRevenueGSIESI,FieldGeographyKey,int,Deprecate,,,
rob,vw_Fact_NewBizAppsNonRecBilledRevenueGSIESI,ProductKey,bigint,Deprecate,,,
rob,vw_Fact_NewBizAppsNonRecBilledRevenueGSIESI,BilledRevenue,decimal,Deprecate,,,
rob,vw_Fact_NewBizAppsNonRecBilledRevenueGSIESI,PartnerPerformanceRevenue,decimal,Deprecate,,,
rob,vw_Fact_PartnerOneAdvancedSpecialization,PartnerOneKey,int,No Change,,,
rob,vw_Fact_PartnerOneAdvancedSpecialization,HighestClubbedEnrollmentStatus,varchar,No Change,,,
rob,vw_Fact_PartnerOneAdvancedSpecialization,EnrollmentStatus,varchar,No Change,,,
rob,vw_Fact_PartnerOneAdvancedSpecialization,Area,varchar,No Change,,,
rob,vw_Fact_PartnerOneAdvancedSpecialization,Program,varchar,No Change,,,
rob,vw_Fact_PartnerOneAdvancedSpecialization,EnrollmentDate,date,No Change,,,
rob,vw_Fact_PartnerOneAdvancedSpecialization,EnrollmentMonthID,int,No Change,,,
rob,vw_Fact_PartnerOneAdvancedSpecialization,EnrollmentEndDate,date,No Change,,,
rob,vw_Fact_PartnerOneAdvancedSpecialization,PartnerGlobalId,int,No Change,,,
rob,vw_Fact_PartnerOneAdvancedSpecialization,HasAzureSpecialization,varchar,No Change,,,
rob,vw_Fact_PartnerOneSpecialization,PartnerOneID,int,No Change,,,
rob,vw_Fact_PartnerOneSpecialization,Category,varchar,No Change,,,
rob,vw_Fact_PartnerOneSpecialization,Program,varchar,No Change,,,
rob,vw_Fact_PartnerOneSpecialization,ProgramCode,varchar,No Change,,,
rob,vw_Fact_PartnerOneSpecialization,ProgramDisplayName,varchar,No Change,,,
rob,vw_Fact_PartnerTarget,MetricKey,smallint,No Change,,,
rob,vw_Fact_PartnerTarget,FiscalMonthID,int,No Change,,,
rob,vw_Fact_PartnerTarget,CreditedGeographyKey,int,No Change,,,
rob,vw_Fact_PartnerTarget,CustomPartnerSegmentID,int,No Change,,,
rob,vw_Fact_PartnerTarget,Target,decimal,No Change,,,
rob,vw_Fact_PartnerTarget,AzureStrategicPillarID,int,No Change,,,
rob,vw_Fact_SubScorecardActual,MetricKey,int,No Change,,,
rob,vw_Fact_SubScorecardActual,FiscalMonthId,int,No Change,,,
rob,vw_Fact_SubScorecardActual,CreditedGeographyKey,int,No Change,,,
rob,vw_Fact_SubScorecardActual,SubSegmentKey,int,No Change,,,
rob,vw_Fact_SubScorecardActual,SubActual,float,No Change,,,
rob,vw_Fact_SubScorecardActual,RevSumDivisionKey,int,No Change,,,
rob,vw_Fact_SubScorecardActual,ProductKey,bigint,No Change,,,
rob,vw_Fact_SubScorecardActual,AzureStrategicPillarID,bigint,No Change,,,
rob,vw_Fact_SubScorecardTarget,MetricKey,int,No Change,,,
rob,vw_Fact_SubScorecardTarget,FiscalMonthID,int,No Change,,,
rob,vw_Fact_SubScorecardTarget,CreditedGeographyKey,int,No Change,,,
rob,vw_Fact_SubScorecardTarget,SubSegmentKey,int,No Change,,,
rob,vw_Fact_SubScorecardTarget,Target,float,No Change,,,
rob,vw_Fact_SubScorecardTarget,AzureStrategicPillarID,bigint,No Change,,,
rob,vw_Bridge_Tenant,TenantKey,int,No Change,,,
rob,vw_FactNetNewARB,FiscalMonthID,int,No Change,,,
rob,vw_FactNetNewARB,SubSegmentKey,int,No Change,,,
rob,vw_FactNetNewARB,CreditedGeographyKey,int,No Change,,,
rob,vw_FactNetNewARB,PartnerOneReportingKey,bigint,No Change,,,
rob,vw_CustomerSecurity,EmailAlias,varchar,No Change,,,
rob,vw_CustomerSecurity,MSSalesTPID,int,No Change,,,
rob,vw_PartnerSecurity,Alias,varchar,No Change,,,
rob,vw_PartnerSecurity,MPNID,int,No Change,,,
rob,vw_SolutionPartnerDesignation,PartnerOneID,int,TBD,,,
rob,vw_SolutionPartnerDesignation,SolutionArea,varchar,TBD,,,
rob,vw_SolutionPartnerDesignation,SolutionPartnerDesignation,varchar,TBD,,,
rob,vw_SolutionPartnerDesignation,StatusKey,int,TBD,,,
CoSell,vw_DimPartnerReferral,DealSolutionPlay,varchar,Deprecate,,,
CoSell,vw_FactPartnerDealFY20,TPAccountKey,bigint,TBD,,,
CoSell,vw_DimPartnerReferral,,,New Column,,Conversation,
FeedPIN,vw_PIN_Delta,GPSCRMID,varchar,New View,vw_PIN_Delta,,
FeedPIN,vw_PIN_Delta,GPSCRMOptionsetValue,int,New View,vw_PIN_Delta,,
FeedPIN,vw_PIN_Delta,MetricName,varchar,New View,vw_PIN_Delta,,
FeedPIN,vw_PIN_Delta,Specialization,varchar,New View,vw_PIN_Delta,,
FeedPIN,vw_PIN_Delta,SnapshotDate,datetime2,New View,vw_PIN_Delta,,
FeedPIN,vw_PIN_Delta,Total,bigint,New View,vw_PIN_Delta,,
FeedPIN,vw_PIN_Delta,Jul,bigint,New View,vw_PIN_Delta,,
FeedPIN,vw_PIN_Delta,Aug,bigint,New View,vw_PIN_Delta,,
FeedPIN,vw_PIN_Delta,Sep,bigint,New View,vw_PIN_Delta,,
FeedPIN,vw_PIN_Delta,Oct,bigint,New View,vw_PIN_Delta,,
FeedPIN,vw_PIN_Delta,Nov,bigint,New View,vw_PIN_Delta,,
FeedPIN,vw_PIN_Delta,Dec,bigint,New View,vw_PIN_Delta,,
FeedPIN,vw_PIN_Delta,Jan,bigint,New View,vw_PIN_Delta,,
FeedPIN,vw_PIN_Delta,Feb,bigint,New View,vw_PIN_Delta,,
FeedPIN,vw_PIN_Delta,Mar,bigint,New View,vw_PIN_Delta,,
FeedPIN,vw_PIN_Delta,Apr,bigint,New View,vw_PIN_Delta,,
FeedPIN,vw_PIN_Delta,May,bigint,New View,vw_PIN_Delta,,
FeedPIN,vw_PIN_Delta,Jun,bigint,New View,vw_PIN_Delta,,
analytics,vw_Fact_AnalyticsMart,Az_Derivatives_Unknown_DataAICR,decimal,Deprecate,,,
analytics,vw_Fact_AnalyticsMart,Az_Derivatives_Web_DataAICR,decimal,Deprecate,,,
analytics,vw_Fact_AnalyticsMart,Az_Derivatives_Windows_Virtual_Desktop_DataAICR,decimal,Deprecate,,,
analytics,vw_Fact_AnalyticsMart,Az_Derivatives_AI_+_Machine_Learning_AzureSecurityCR,decimal,Deprecate,,,
analytics,vw_Fact_AnalyticsMart,Az_Derivatives_Analytics_AzureSecurityCR,decimal,Deprecate,,,
analytics,vw_Fact_AnalyticsMart,Az_Derivatives_Azure_Arc_AzureSecurityCR,decimal,Deprecate,,,
analytics,vw_Fact_AnalyticsMart,Az_Derivatives_Azure_Communication_Services_AzureSecurityCR,decimal,Deprecate,,,
analytics,vw_Fact_AnalyticsMart,Az_Derivatives_Azure_Stack_AzureSecurityCR,decimal,Deprecate,,,
analytics,vw_Fact_AnalyticsMart,Az_Derivatives_Blockchain_AzureSecurityCR,decimal,Deprecate,,,
analytics,vw_Fact_AnalyticsMart,Az_Derivatives_Compute_AzureSecurityCR,decimal,Deprecate,,,
analytics,vw_Fact_AnalyticsMart,Az_Derivatives_Containers_AzureSecurityCR,decimal,Deprecate,,,
analytics,vw_Fact_AnalyticsMart,Az_Derivatives_Databases_AzureSecurityCR,decimal,Deprecate,,,
analytics,vw_Fact_AnalyticsMart,Az_Derivatives_Developer_Tools_AzureSecurityCR,decimal,Deprecate,,,
analytics,vw_Fact_AnalyticsMart,Az_Derivatives_Gaming_AzureSecurityCR,decimal,Deprecate,,,
analytics,vw_Fact_AnalyticsMart,Az_Derivatives_Integration_AzureSecurityCR,decimal,Deprecate,,,
analytics,vw_Fact_AnalyticsMart,Az_Derivatives_Internet_of_Things_AzureSecurityCR,decimal,Deprecate,,,
analytics,vw_Fact_AnalyticsMart,Az_Derivatives_Management_and_Governance_AzureSecurityCR,decimal,Deprecate,,,
analytics,vw_Fact_AnalyticsMart,Az_Derivatives_Microsoft_Syntex_AzureSecurityCR,decimal,Deprecate,,,
analytics,vw_Fact_AnalyticsMart,Az_Derivatives_Mixed_Reality_AzureSecurityCR,decimal,Deprecate,,,
analytics,vw_Fact_AnalyticsMart,Az_Derivatives_Mobile_AzureSecurityCR,decimal,Deprecate,,,
analytics,vw_Fact_AnalyticsMart,Az_Derivatives_Networking_AzureSecurityCR,decimal,Deprecate,,,
analytics,vw_Fact_AnalyticsMart,Az_Derivatives_Other_AzureSecurityCR,decimal,Deprecate,,,
analytics,vw_Fact_AnalyticsMart,Az_Derivatives_Power_Platform_AzureSecurityCR,decimal,Deprecate,,,
analytics,vw_Fact_AnalyticsMart,Az_Derivatives_Quantum_Computing_AzureSecurityCR,decimal,Deprecate,,,
analytics,vw_Fact_AnalyticsMart,Az_Derivatives_Security_AzureSecurityCR,decimal,Deprecate,,,
analytics,vw_Fact_AnalyticsMart,Az_Derivatives_Storage_AzureSecurityCR,decimal,Deprecate,,,
analytics,vw_Fact_AnalyticsMart,Az_Derivatives_Unknown_AzureSecurityCR,decimal,Deprecate,,,
analytics,vw_Fact_AnalyticsMart,Az_Derivatives_Web_AzureSecurityCR,decimal,Deprecate,,,
analytics,vw_Fact_AnalyticsMart,Az_Derivatives_Windows_Virtual_Desktop_AzureSecurityCR,decimal,Deprecate,,,
analytics,vw_Fact_AnalyticsMart,Az_Derivatives_AI_+_Machine_Learning_AzureAppInnovationCR,decimal,Deprecate,,,
analytics,vw_Fact_AnalyticsMart,Az_Derivatives_Analytics_AzureAppInnovationCR,decimal,Deprecate,,,
analytics,vw_Fact_AnalyticsMart,Az_Derivatives_Azure_Arc_AzureAppInnovationCR,decimal,Deprecate,,,
analytics,vw_Fact_AnalyticsMart,Az_Derivatives_Azure_Communication_Services_AzureAppInnovationCR,decimal,Deprecate,,,
analytics,vw_Fact_AnalyticsMart,Az_Derivatives_Azure_Stack_AzureAppInnovationCR,decimal,Deprecate,,,
analytics,vw_Fact_AnalyticsMart,Az_Derivatives_Blockchain_AzureAppInnovationCR,decimal,Deprecate,,,
analytics,vw_Fact_AnalyticsMart,Az_Derivatives_Compute_AzureAppInnovationCR,decimal,Deprecate,,,
analytics,vw_Fact_AnalyticsMart,Az_Derivatives_Containers_AzureAppInnovationCR,decimal,Deprecate,,,
analytics,vw_Fact_AnalyticsMart,Az_Derivatives_Databases_AzureAppInnovationCR,decimal,Deprecate,,,
analytics,vw_Fact_AnalyticsMart,Az_Derivatives_Developer_Tools_AzureAppInnovationCR,decimal,Deprecate,,,
analytics,vw_Fact_AnalyticsMart,Az_Derivatives_Gaming_AzureAppInnovationCR,decimal,Deprecate,,,
analytics,vw_Fact_AnalyticsMart,Az_Derivatives_Integration_AzureAppInnovationCR,decimal,Deprecate,,,
analytics,vw_Fact_AnalyticsMart,Az_Derivatives_Internet_of_Things_AzureAppInnovationCR,decimal,Deprecate,,,
analytics,vw_Fact_AnalyticsMart,Az_Derivatives_Management_and_Governance_AzureAppInnovationCR,decimal,Deprecate,,,
analytics,vw_Fact_AnalyticsMart,Az_Derivatives_Microsoft_Syntex_AzureAppInnovationCR,decimal,Deprecate,,,
analytics,vw_Fact_AnalyticsMart,Az_Derivatives_Mixed_Reality_AzureAppInnovationCR,decimal,Deprecate,,,
analytics,vw_Fact_AnalyticsMart,Az_Derivatives_Mobile_AzureAppInnovationCR,decimal,Deprecate,,,
analytics,vw_Fact_AnalyticsMart,Az_Derivatives_Networking_AzureAppInnovationCR,decimal,Deprecate,,,
analytics,vw_Fact_AnalyticsMart,Az_Derivatives_Other_AzureAppInnovationCR,decimal,Deprecate,,,
analytics,vw_Fact_AnalyticsMart,Az_Derivatives_Power_Platform_AzureAppInnovationCR,decimal,Deprecate,,,
analytics,vw_Fact_AnalyticsMart,Az_Derivatives_Quantum_Computing_AzureAppInnovationCR,decimal,Deprecate,,,
analytics,vw_Fact_AnalyticsMart,Az_Derivatives_Security_AzureAppInnovationCR,decimal,Deprecate,,,
analytics,vw_Fact_AnalyticsMart,Az_Derivatives_Storage_AzureAppInnovationCR,decimal,Deprecate,,,
analytics,vw_Fact_AnalyticsMart,Az_Derivatives_Unknown_AzureAppInnovationCR,decimal,Deprecate,,,
analytics,vw_Fact_AnalyticsMart,Az_Derivatives_Web_AzureAppInnovationCR,decimal,Deprecate,,,
analytics,vw_Fact_AnalyticsMart,Az_Derivatives_Windows_Virtual_Desktop_AzureAppInnovationCR,decimal,Deprecate,,,
analytics,vw_Fact_AnalyticsMart,Az_Derivatives_AI_+_Machine_Learning_AzureInfraCR,decimal,Deprecate,,,
analytics,vw_Fact_AnalyticsMart,Az_Derivatives_Analytics_AzureInfraCR,decimal,Deprecate,,,
analytics,vw_Fact_AnalyticsMart,Az_Derivatives_Azure_Arc_AzureInfraCR,decimal,Deprecate,,,
analytics,vw_Fact_AnalyticsMart,Az_Derivatives_Azure_Communication_Services_AzureInfraCR,decimal,Deprecate,,,
analytics,vw_Fact_AnalyticsMart,Az_Derivatives_Azure_Stack_AzureInfraCR,decimal,Deprecate,,,
analytics,vw_Fact_AnalyticsMart,Az_Derivatives_Blockchain_AzureInfraCR,decimal,Deprecate,,,
analytics,vw_Fact_AnalyticsMart,Az_Derivatives_Compute_AzureInfraCR,decimal,Deprecate,,,
analytics,vw_Fact_AnalyticsMart,Az_Derivatives_Containers_AzureInfraCR,decimal,Deprecate,,,
analytics,vw_Fact_AnalyticsMart,Az_Derivatives_Databases_AzureInfraCR,decimal,Deprecate,,,
analytics,vw_Fact_AnalyticsMart,Az_Derivatives_Developer_Tools_AzureInfraCR,decimal,Deprecate,,,
analytics,vw_Fact_AnalyticsMart,Az_Derivatives_Gaming_AzureInfraCR,decimal,Deprecate,,,
analytics,vw_Fact_AnalyticsMart,Az_Derivatives_Integration_AzureInfraCR,decimal,Deprecate,,,
analytics,vw_Fact_AnalyticsMart,Az_Derivatives_Internet_of_Things_AzureInfraCR,decimal,Deprecate,,,
analytics,vw_Fact_AnalyticsMart,Az_Derivatives_Management_and_Governance_AzureInfraCR,decimal,Deprecate,,,
analytics,vw_Fact_AnalyticsMart,Az_Derivatives_Microsoft_Syntex_AzureInfraCR,decimal,Deprecate,,,
analytics,vw_Fact_AnalyticsMart,Az_Derivatives_Mixed_Reality_AzureInfraCR,decimal,Deprecate,,,
analytics,vw_Fact_AnalyticsMart,Az_Derivatives_Mobile_AzureInfraCR,decimal,Deprecate,,,
analytics,vw_Fact_AnalyticsMart,Az_Derivatives_Networking_AzureInfraCR,decimal,Deprecate,,,
analytics,vw_Fact_AnalyticsMart,Az_Derivatives_Other_AzureInfraCR,decimal,Deprecate,,,
analytics,vw_Fact_AnalyticsMart,Az_Derivatives_Power_Platform_AzureInfraCR,decimal,Deprecate,,,
analytics,vw_Fact_AnalyticsMart,Az_Derivatives_Quantum_Computing_AzureInfraCR,decimal,Deprecate,,,
analytics,vw_Fact_AnalyticsMart,Az_Derivatives_Security_AzureInfraCR,decimal,Deprecate,,,
analytics,vw_Fact_AnalyticsMart,Az_Derivatives_Storage_AzureInfraCR,decimal,Deprecate,,,
analytics,vw_Fact_AnalyticsMart,Az_Derivatives_Unknown_AzureInfraCR,decimal,Deprecate,,,
analytics,vw_Fact_AnalyticsMart,Az_Derivatives_Web_AzureInfraCR,decimal,Deprecate,,,
analytics,vw_Fact_AnalyticsMart,Az_Derivatives_Windows_Virtual_Desktop_AzureInfraCR,decimal,Deprecate,,,
analytics,vw_Fact_AnalyticsMart,Az_Deployment_Count,bigint,Deprecate,,,
analytics,vw_Fact_AnalyticsMart,EA_Expiration_Revenue,float,Deprecate,,,
analytics,vw_Fact_AnalyticsMart,EA_NotRenewed_Revenue,float,Deprecate,,,
analytics,vw_Fact_AnalyticsMart,Solution_Workspaces_Engagement_Count_Digitally_Transitioned,varchar,Deprecate,,,
analytics,vw_Fact_AnalyticsMart,Az_Derivatives_Data_ACR,decimal,Deprecate,,,
analytics,vw_Fact_AnalyticsMart,Az_Derivatives_Dynamics_ACR,decimal,Deprecate,,,
analytics,vw_Fact_AnalyticsMart,Az_Derivatives_Telecommunications_ACR,decimal,Deprecate,,,
analytics,vw_Fact_AnalyticsMart,Az_Derivatives_Test_Service_Family_ACR,decimal,Deprecate,,,
analytics,vw_Fact_AnalyticsMart,Az_Derivatives_Azure_Data_-_Cross_Functional_DataAICR,decimal,Deprecate,,,
analytics,vw_Fact_AnalyticsMart,Az_Derivatives_Azure_MDC_DataAICR,decimal,Deprecate,,,
analytics,vw_Fact_AnalyticsMart,Az_Derivatives_Azure_Security_DataAICR,decimal,Deprecate,,,
analytics,vw_Fact_AnalyticsMart,Az_Derivatives_Data_DataAICR,decimal,Deprecate,,,
analytics,vw_Fact_AnalyticsMart,Az_Derivatives_Dynamics_DataAICR,decimal,Deprecate,,,
analytics,vw_Fact_AnalyticsMart,Az_Derivatives_Telecommunications_DataAICR,decimal,Deprecate,,,
analytics,vw_Fact_AnalyticsMart,Az_Derivatives_Test_Service_Family_DataAICR,decimal,Deprecate,,,
analytics,vw_Fact_AnalyticsMart,Az_Derivatives_Azure_Data_-_Cross_Functional_AzureSecurityCR,decimal,Deprecate,,,
analytics,vw_Fact_AnalyticsMart,Az_Derivatives_Azure_MDC_AzureSecurityCR,decimal,Deprecate,,,
analytics,vw_Fact_AnalyticsMart,Az_Derivatives_Azure_Security_AzureSecurityCR,decimal,Deprecate,,,
analytics,vw_Fact_AnalyticsMart,Az_Derivatives_Data_AzureSecurityCR,decimal,Deprecate,,,
analytics,vw_Fact_AnalyticsMart,Az_Derivatives_Dynamics_AzureSecurityCR,decimal,Deprecate,,,
analytics,vw_Fact_AnalyticsMart,Az_Derivatives_Telecommunications_AzureSecurityCR,decimal,Deprecate,,,
analytics,vw_Fact_AnalyticsMart,Az_Derivatives_Test_Service_Family_AzureSecurityCR,decimal,Deprecate,,,
analytics,vw_Fact_AnalyticsMart,Az_Derivatives_Azure_Data_-_Cross_Functional_AzureAppInnovationCR,decimal,Deprecate,,,
analytics,vw_Fact_AnalyticsMart,Az_Derivatives_Azure_MDC_AzureAppInnovationCR,decimal,Deprecate,,,
analytics,vw_Fact_AnalyticsMart,Az_Derivatives_Azure_Security_AzureAppInnovationCR,decimal,Deprecate,,,
analytics,vw_Fact_AnalyticsMart,Az_Derivatives_Data_AzureAppInnovationCR,decimal,Deprecate,,,
analytics,vw_Fact_AnalyticsMart,Az_Derivatives_Dynamics_AzureAppInnovationCR,decimal,Deprecate,,,
analytics,vw_Fact_AnalyticsMart_AllPartner,CSP_BilledRevenue,decimal,Deprecate,,,
analytics,vw_Fact_AnalyticsMart_AllPartner,Az_Derivatives_AI_+_Machine_Learning_ACR,decimal,Deprecate,,,
analytics,vw_Fact_AnalyticsMart_AllPartner,Az_Derivatives_Analytics_ACR,decimal,Deprecate,,,
analytics,vw_Fact_AnalyticsMart_AllPartner,Az_Derivatives_Azure_Arc_ACR,decimal,Deprecate,,,
analytics,vw_Fact_AnalyticsMart_AllPartner,Az_Derivatives_Azure_Communication_Services_ACR,decimal,Deprecate,,,
analytics,vw_Fact_AnalyticsMart_AllPartner,Az_Derivatives_Azure_Stack_ACR,decimal,Deprecate,,,
analytics,vw_Fact_AnalyticsMart_AllPartner,Az_Derivatives_Blockchain_ACR,decimal,Deprecate,,,
analytics,vw_Fact_AnalyticsMart_AllPartner,Az_Derivatives_Compute_ACR,decimal,Deprecate,,,
analytics,vw_Fact_AnalyticsMart_AllPartner,Az_Derivatives_Containers_ACR,decimal,Deprecate,,,
analytics,vw_Fact_AnalyticsMart_AllPartner,Az_Derivatives_Databases_ACR,decimal,Deprecate,,,
analytics,vw_Fact_AnalyticsMart_AllPartner,Az_Derivatives_Developer_Tools_ACR,decimal,Deprecate,,,
analytics,vw_Fact_AnalyticsMart_AllPartner,Az_Derivatives_Gaming_ACR,decimal,Deprecate,,,
analytics,vw_Fact_AnalyticsMart_AllPartner,Az_Derivatives_Integration_ACR,decimal,Deprecate,,,
analytics,vw_Fact_AnalyticsMart_AllPartner,Az_Derivatives_Internet_of_Things_ACR,decimal,Deprecate,,,
analytics,vw_Fact_AnalyticsMart_AllPartner,Az_Derivatives_Management_and_Governance_ACR,decimal,Deprecate,,,
analytics,vw_Fact_AnalyticsMart_AllPartner,Az_Derivatives_Microsoft_Syntex_ACR,decimal,Deprecate,,,
analytics,vw_Fact_AnalyticsMart_AllPartner,Az_Derivatives_Mixed_Reality_ACR,decimal,Deprecate,,,
analytics,vw_Fact_AnalyticsMart_AllPartner,Az_Derivatives_Mobile_ACR,decimal,Deprecate,,,
analytics,vw_Fact_AnalyticsMart_AllPartner,Az_Derivatives_Networking_ACR,decimal,Deprecate,,,
analytics,vw_Fact_AnalyticsMart_AllPartner,Az_Derivatives_Other_ACR,decimal,Deprecate,,,
analytics,vw_Fact_AnalyticsMart_AllPartner,Az_Derivatives_Power_Platform_ACR,decimal,Deprecate,,,
analytics,vw_Fact_AnalyticsMart_AllPartner,Az_Derivatives_Quantum_Computing_ACR,decimal,Deprecate,,,
analytics,vw_Fact_AnalyticsMart_AllPartner,Az_Derivatives_Security_ACR,decimal,Deprecate,,,
analytics,vw_Fact_AnalyticsMart_AllPartner,Az_Derivatives_Storage_ACR,decimal,Deprecate,,,
analytics,vw_Fact_AnalyticsMart_AllPartner,Az_Derivatives_Unknown_ACR,decimal,Deprecate,,,
analytics,vw_Fact_AnalyticsMart_AllPartner,Az_Derivatives_Web_ACR,decimal,Deprecate,,,
analytics,vw_Fact_AnalyticsMart_AllPartner,Az_Derivatives_Windows_Virtual_Desktop_ACR,decimal,Deprecate,,,
analytics,vw_Fact_AnalyticsMart_AllPartner,Az_Derivatives_AI_+_Machine_Learning_DataAICR,decimal,Deprecate,,,
analytics,vw_Fact_AnalyticsMart_AllPartner,Az_Derivatives_Analytics_DataAICR,decimal,Deprecate,,,
analytics,vw_Fact_AnalyticsMart_AllPartner,Az_Derivatives_Azure_Arc_DataAICR,decimal,Deprecate,,,
analytics,vw_Fact_AnalyticsMart_AllPartner,Az_Derivatives_Azure_Communication_Services_DataAICR,decimal,Deprecate,,,
analytics,vw_Fact_AnalyticsMart_AllPartner,Az_Derivatives_Azure_Stack_DataAICR,decimal,Deprecate,,,
analytics,vw_Fact_AnalyticsMart_AllPartner,Az_Derivatives_Blockchain_DataAICR,decimal,Deprecate,,,
analytics,vw_Fact_AnalyticsMart_AllPartner,Az_Derivatives_Compute_DataAICR,decimal,Deprecate,,,
analytics,vw_Fact_AnalyticsMart_AllPartner,Az_Derivatives_Containers_DataAICR,decimal,Deprecate,,,
analytics,vw_Fact_AnalyticsMart_AllPartner,Az_Derivatives_Databases_DataAICR,decimal,Deprecate,,,
analytics,vw_Fact_AnalyticsMart_AllPartner,Az_Derivatives_Developer_Tools_DataAICR,decimal,Deprecate,,,
analytics,vw_Fact_AnalyticsMart_AllPartner,Az_Derivatives_Gaming_DataAICR,decimal,Deprecate,,,
analytics,vw_Fact_AnalyticsMart_AllPartner,Az_Derivatives_Integration_DataAICR,decimal,Deprecate,,,
analytics,vw_Fact_AnalyticsMart_AllPartner,Az_Derivatives_Internet_of_Things_DataAICR,decimal,Deprecate,,,
analytics,vw_Fact_AnalyticsMart_AllPartner,Az_Derivatives_Management_and_Governance_DataAICR,decimal,Deprecate,,,
analytics,vw_Fact_AnalyticsMart_AllPartner,Az_Derivatives_Microsoft_Syntex_DataAICR,decimal,Deprecate,,,
analytics,vw_Fact_AnalyticsMart_AllPartner,Az_Derivatives_Mixed_Reality_DataAICR,decimal,Deprecate,,,
analytics,vw_Fact_AnalyticsMart_AllPartner,Az_Derivatives_Mobile_DataAICR,decimal,Deprecate,,,
analytics,vw_Fact_AnalyticsMart_AllPartner,Az_Derivatives_Networking_DataAICR,decimal,Deprecate,,,
analytics,vw_Fact_AnalyticsMart_AllPartner,Az_Derivatives_Other_DataAICR,decimal,Deprecate,,,
analytics,vw_Fact_AnalyticsMart_AllPartner,Az_Derivatives_Power_Platform_DataAICR,decimal,Deprecate,,,
analytics,vw_Fact_AnalyticsMart_AllPartner,Az_Derivatives_Quantum_Computing_DataAICR,decimal,Deprecate,,,
analytics,vw_Fact_AnalyticsMart_AllPartner,Az_Derivatives_Security_DataAICR,decimal,Deprecate,,,
analytics,vw_Fact_AnalyticsMart_AllPartner,Az_Derivatives_Storage_DataAICR,decimal,Deprecate,,,
analytics,vw_Fact_AnalyticsMart_AllPartner,Az_Derivatives_Unknown_DataAICR,decimal,Deprecate,,,
analytics,vw_Fact_AnalyticsMart_AllPartner,Az_Derivatives_Web_DataAICR,decimal,Deprecate,,,
analytics,vw_Fact_AnalyticsMart_AllPartner,Az_Derivatives_Windows_Virtual_Desktop_DataAICR,decimal,Deprecate,,,
analytics,vw_Fact_AnalyticsMart_AllPartner,Az_Derivatives_AI_+_Machine_Learning_AzureSecurityCR,decimal,Deprecate,,,
analytics,vw_Fact_AnalyticsMart_AllPartner,Az_Derivatives_Analytics_AzureSecurityCR,decimal,Deprecate,,,
analytics,vw_Fact_AnalyticsMart_AllPartner,Az_Derivatives_Azure_Arc_AzureSecurityCR,decimal,Deprecate,,,
analytics,vw_Fact_AnalyticsMart_AllPartner,Az_Derivatives_Azure_Communication_Services_AzureSecurityCR,decimal,Deprecate,,,
analytics,vw_Fact_AnalyticsMart_AllPartner,Az_Derivatives_Azure_Stack_AzureSecurityCR,decimal,Deprecate,,,
analytics,vw_Fact_AnalyticsMart_AllPartner,Az_Derivatives_Blockchain_AzureSecurityCR,decimal,Deprecate,,,
analytics,vw_Fact_AnalyticsMart_AllPartner,Az_Derivatives_Compute_AzureSecurityCR,decimal,Deprecate,,,
analytics,vw_Fact_AnalyticsMart_AllPartner,Az_Derivatives_Containers_AzureSecurityCR,decimal,Deprecate,,,
analytics,vw_Fact_AnalyticsMart_AllPartner,Az_Derivatives_Databases_AzureSecurityCR,decimal,Deprecate,,,
analytics,vw_Fact_AnalyticsMart_AllPartner,Az_Derivatives_Developer_Tools_AzureSecurityCR,decimal,Deprecate,,,
analytics,vw_Fact_AnalyticsMart_AllPartner,Az_Derivatives_Gaming_AzureSecurityCR,decimal,Deprecate,,,
analytics,vw_Fact_AnalyticsMart_AllPartner,Az_Derivatives_Security_AzureSecurityCR,decimal,Deprecate,,,
analytics,vw_Fact_AnalyticsMart_AllPartner,Az_Derivatives_Storage_AzureSecurityCR,decimal,Deprecate,,,
analytics,vw_Fact_AnalyticsMart_AllPartner,Az_Derivatives_Unknown_AzureSecurityCR,decimal,Deprecate,,,
analytics,vw_Fact_AnalyticsMart_AllPartner,Az_Derivatives_Web_AzureSecurityCR,decimal,Deprecate,,,
analytics,vw_Fact_AnalyticsMart_AllPartner,Az_Derivatives_Windows_Virtual_Desktop_AzureSecurityCR,decimal,Deprecate,,,
analytics,vw_Fact_AnalyticsMart_AllPartner,Az_Derivatives_AI_+_Machine_Learning_AzureAppInnovationCR,decimal,Deprecate,,,
analytics,vw_Fact_AnalyticsMart_AllPartner,Az_Derivatives_Analytics_AzureAppInnovationCR,decimal,Deprecate,,,
analytics,vw_Fact_AnalyticsMart_AllPartner,Az_Derivatives_Azure_Arc_AzureAppInnovationCR,decimal,Deprecate,,,
analytics,vw_Fact_AnalyticsMart_AllPartner,Az_Derivatives_Azure_Communication_Services_AzureAppInnovationCR,decimal,Deprecate,,,
analytics,vw_Fact_AnalyticsMart_AllPartner,Az_Derivatives_Azure_Stack_AzureAppInnovationCR,decimal,Deprecate,,,
analytics,vw_Fact_AnalyticsMart_AllPartner,Az_Derivatives_Blockchain_AzureAppInnovationCR,decimal,Deprecate,,,
analytics,vw_Fact_AnalyticsMart_AllPartner,Az_Derivatives_Compute_AzureAppInnovationCR,decimal,Deprecate,,,
analytics,vw_Fact_AnalyticsMart_AllPartner,Az_Derivatives_Containers_AzureAppInnovationCR,decimal,Deprecate,,,
analytics,vw_Fact_AnalyticsMart_AllPartner,Az_Derivatives_Databases_AzureAppInnovationCR,decimal,Deprecate,,,
analytics,vw_Fact_AnalyticsMart_AllPartner,Az_Derivatives_Developer_Tools_AzureAppInnovationCR,decimal,Deprecate,,,
analytics,vw_Fact_AnalyticsMart_AllPartner,Az_Derivatives_Gaming_AzureAppInnovationCR,decimal,Deprecate,,,
analytics,vw_Fact_AnalyticsMart_AllPartner,Az_Derivatives_Integration_AzureAppInnovationCR,decimal,Deprecate,,,
analytics,vw_Fact_AnalyticsMart_AllPartner,Az_Derivatives_Internet_of_Things_AzureAppInnovationCR,decimal,Deprecate,,,
analytics,vw_Fact_AnalyticsMart_AllPartner,Az_Derivatives_Management_and_Governance_AzureAppInnovationCR,decimal,Deprecate,,,
analytics,vw_Fact_AnalyticsMart_AllPartner,Az_Derivatives_Microsoft_Syntex_AzureAppInnovationCR,decimal,Deprecate,,,
analytics,vw_Fact_AnalyticsMart_AllPartner,Az_Derivatives_Mixed_Reality_AzureAppInnovationCR,decimal,Deprecate,,,
analytics,vw_Fact_AnalyticsMart_AllPartner,Az_Derivatives_Mobile_AzureAppInnovationCR,decimal,Deprecate,,,
analytics,vw_Fact_AnalyticsMart_AllPartner,Az_Derivatives_Networking_AzureAppInnovationCR,decimal,Deprecate,,,
analytics,vw_Fact_AnalyticsMart_AllPartner,Az_Derivatives_Other_AzureAppInnovationCR,decimal,Deprecate,,,
analytics,vw_Fact_AnalyticsMart_AllPartner,Az_Derivatives_Power_Platform_AzureAppInnovationCR,decimal,Deprecate,,,
analytics,vw_Fact_AnalyticsMart_AllPartner,Az_Derivatives_Unknown_AzureAppInnovationCR,decimal,Deprecate,,,
analytics,vw_Fact_AnalyticsMart_AllPartner,Az_Derivatives_Web_AzureAppInnovationCR,decimal,Deprecate,,,
analytics,vw_Fact_AnalyticsMart_AllPartner,Az_Derivatives_Windows_Virtual_Desktop_AzureAppInnovationCR,decimal,Deprecate,,,
analytics,vw_Fact_AnalyticsMart_AllPartner,Az_Derivatives_AI_+_Machine_Learning_AzureInfraCR,decimal,Deprecate,,,
analytics,vw_Fact_AnalyticsMart_AllPartner,Az_Derivatives_Analytics_AzureInfraCR,decimal,Deprecate,,,
analytics,vw_Fact_AnalyticsMart_AllPartner,Az_Derivatives_Azure_Arc_AzureInfraCR,decimal,Deprecate,,,
analytics,vw_Fact_AnalyticsMart_AllPartner,Az_Derivatives_Azure_Communication_Services_AzureInfraCR,decimal,Deprecate,,,
analytics,vw_Fact_AnalyticsMart_AllPartner,Az_Derivatives_Azure_Stack_AzureInfraCR,decimal,Deprecate,,,
analytics,vw_Fact_AnalyticsMart_AllPartner,Az_Derivatives_Blockchain_AzureInfraCR,decimal,Deprecate,,,
analytics,vw_Fact_AnalyticsMart_AllPartner,Az_Derivatives_Compute_AzureInfraCR,decimal,Deprecate,,,
analytics,vw_Fact_AnalyticsMart_AllPartner,Az_Derivatives_Containers_AzureInfraCR,decimal,Deprecate,,,
analytics,vw_Fact_AnalyticsMart_AllPartner,Az_Derivatives_Databases_AzureInfraCR,decimal,Deprecate,,,
analytics,vw_Fact_AnalyticsMart_AllPartner,Az_Derivatives_Developer_Tools_AzureInfraCR,decimal,Deprecate,,,
analytics,vw_Fact_AnalyticsMart_AllPartner,Az_Derivatives_Gaming_AzureInfraCR,decimal,Deprecate,,,
analytics,vw_Fact_AnalyticsMart_AllPartner,Az_Derivatives_Integration_AzureInfraCR,decimal,Deprecate,,,
analytics,vw_Fact_AnalyticsMart_AllPartner,Az_Derivatives_Internet_of_Things_AzureInfraCR,decimal,Deprecate,,,
analytics,vw_Fact_AnalyticsMart_AllPartner,Az_Derivatives_Management_and_Governance_AzureInfraCR,decimal,Deprecate,,,
analytics,vw_Fact_AnalyticsMart_AllPartner,Az_Derivatives_Microsoft_Syntex_AzureInfraCR,decimal,Deprecate,,,
analytics,vw_Fact_AnalyticsMart_AllPartner,Az_Derivatives_Mixed_Reality_AzureInfraCR,decimal,Deprecate,,,
analytics,vw_Fact_AnalyticsMart_AllPartner,Az_Derivatives_Mobile_AzureInfraCR,decimal,Deprecate,,,
analytics,vw_Fact_AnalyticsMart_AllPartner,Az_Derivatives_Networking_AzureInfraCR,decimal,Deprecate,,,
analytics,vw_Fact_AnalyticsMart_AllPartner,Az_Derivatives_Other_AzureInfraCR,decimal,Deprecate,,,
analytics,vw_Fact_AnalyticsMart_AllPartner,Az_Derivatives_Power_Platform_AzureInfraCR,decimal,Deprecate,,,
analytics,vw_Fact_AnalyticsMart_AllPartner,Az_Derivatives_Quantum_Computing_AzureInfraCR,decimal,Deprecate,,,
analytics,vw_Fact_AnalyticsMart_AllPartner,Az_Derivatives_Security_AzureInfraCR,decimal,Deprecate,,,
analytics,vw_Fact_AnalyticsMart_AllPartner,Az_Derivatives_Storage_AzureInfraCR,decimal,Deprecate,,,
analytics,vw_Fact_AnalyticsMart_AllPartner,Az_Derivatives_Unknown_AzureInfraCR,decimal,Deprecate,,,
analytics,vw_Fact_AnalyticsMart_AllPartner,Az_Derivatives_Web_AzureInfraCR,decimal,Deprecate,,,
analytics,vw_Fact_AnalyticsMart_AllPartner,Az_Derivatives_Windows_Virtual_Desktop_AzureInfraCR,decimal,Deprecate,,,
analytics,vw_Fact_AnalyticsMart_AllPartner,Az_Deployment_Count,bigint,Deprecate,,,
analytics,vw_Fact_AnalyticsMart_AllPartner,EA_Expiration_Revenue,float,Deprecate,,,
analytics,vw_Fact_AnalyticsMart_AllPartner,EA_NotRenewed_Revenue,float,Deprecate,,,
analytics,vw_Fact_AnalyticsMart_AllPartner,Solution_Workspaces_Engagement_Count_Digitally_Transitioned,varchar,Deprecate,,,
analytics,vw_Fact_AnalyticsMart_AllPartner,Solution_Workspaces_Engagement_Count_Digitally_Created,varchar,Deprecate,,,
analytics,vw_Fact_AnalyticsMart_AllPartner,FRA,decimal,Deprecate,,,
analytics,vw_Fact_AnalyticsMart_AllPartner,GTMEngagedUserCount,bigint,Deprecate,,,
analytics,vw_Fact_AnalyticsMart_AllPartner,Az_Derivatives_Azure_Data_-_Cross_Functional_ACR,decimal,Deprecate,,,
analytics,vw_Fact_AnalyticsMart_AllPartner,Az_Derivatives_Azure_MDC_ACR,decimal,Deprecate,,,
analytics,vw_Fact_AnalyticsMart_AllPartner,Az_Derivatives_Azure_Security_ACR,decimal,Deprecate,,,
analytics,vw_Fact_AnalyticsMart_AllPartner,Az_Derivatives_Data_ACR,decimal,Deprecate,,,
analytics,vw_Fact_AnalyticsMart_AllPartner,Az_Derivatives_Dynamics_ACR,decimal,Deprecate,,,
analytics,vw_Fact_AnalyticsMart_AllPartner,Az_Derivatives_Telecommunications_ACR,decimal,Deprecate,,,
analytics,vw_Fact_AnalyticsMart_AllPartner,Az_Derivatives_Test_Service_Family_ACR,decimal,Deprecate,,,
analytics,vw_Fact_AnalyticsMart_AllPartner_Geography,PartnerOneID,varchar,Deprecate,,,
analytics,vw_Fact_AnalyticsMart_AllPartner_Geography,CalendarDate,varchar,Deprecate,,,
analytics,vw_Fact_AnalyticsMart_AllPartner_Geography,DateKey,bigint,Deprecate,,,
analytics,vw_Fact_AnalyticsMart_AllPartner_Geography,SubsidiaryID,int,Deprecate,,,
analytics,vw_Fact_AnalyticsMart_AllPartner_Geography,SubsidiaryName,varchar,Deprecate,,,
analytics,vw_Fact_AnalyticsMart_AllPartner_Geography,AreaName,varchar,Deprecate,,,
analytics,vw_Fact_AnalyticsMart_AllPartner_Geography,RegionName,varchar,Deprecate,,,
analytics,vw_Fact_AnalyticsMart_AllPartner_Geography,SubRegionName,varchar,Deprecate,,,
analytics,vw_Fact_AnalyticsMart_AllPartner_Geography,CustomTimeZone,varchar,Deprecate,,,
analytics,vw_Fact_AnalyticsMart_AllPartner_Geography,ASPs_Attempted,bigint,Deprecate,,,
analytics,vw_Fact_AnalyticsMart_AllPartner_Geography,ASPs_Approved,bigint,Deprecate,,,
analytics,vw_Fact_AnalyticsMart_AllPartner_Geography,CountofBusinessProfiles,bigint,Deprecate,,,
analytics,vw_Fact_AnalyticsMart_AllPartner_Geography,Inv_Compl_Learning_Path,bigint,Deprecate,,,
analytics,vw_Fact_AnalyticsMart_AllPartner_Geography,Inv_Compl_Module,bigint,Deprecate,,,
analytics,vw_Fact_AnalyticsMart_AllPartner_Geography,Geographies_ANZ,bigint,Deprecate,,,
analytics,vw_Fact_AnalyticsMart_AllPartner_Geography,Geographies_ASEAN,bigint,Deprecate,,,
analytics,vw_Fact_AnalyticsMart_AllPartner_Geography,Geographies_Canada,bigint,Deprecate,,,
analytics,vw_Fact_AnalyticsMart_AllPartner_Geography,Geographies_MEA,bigint,Deprecate,,,
analytics,vw_Fact_AnalyticsMart_AllPartner_Geography,Geographies_France,bigint,Deprecate,,,
analytics,vw_Fact_AnalyticsMart_AllPartner_Geography,Geographies_Germany_&_Austria,bigint,Deprecate,,,
analytics,vw_Fact_AnalyticsMart_AllPartner_Geography,Geographies_Greater_China,bigint,Deprecate,,,
analytics,vw_Fact_AnalyticsMart_AllPartner_Geography,Geographies_India,bigint,Deprecate,,,
analytics,vw_Fact_AnalyticsMart_AllPartner_Geography,Geographies_Japan,bigint,Deprecate,,,
analytics,vw_Fact_AnalyticsMart_AllPartner_Geography,Geographies_Korea,bigint,Deprecate,,,
analytics,vw_Fact_AnalyticsMart_AllPartner_Geography,Geographies_Latam,bigint,Deprecate,,,
analytics,vw_Fact_AnalyticsMart_AllPartner_Geography,Geographies_Netherlands,bigint,Deprecate,,,
analytics,vw_Fact_AnalyticsMart_AllPartner_Geography,Geographies_Switzerland,bigint,Deprecate,,,
analytics,vw_Fact_AnalyticsMart_AllPartner_Geography,Geographies_UK_&_Ireland,bigint,Deprecate,,,
analytics,vw_Fact_AnalyticsMart_AllPartner_Geography,Geographies_United_States,bigint,Deprecate,,,
analytics,vw_Fact_AnalyticsMart_AllPartner_Geography,Geographies_North_Europe,bigint,Deprecate,,,
analytics,vw_Fact_AnalyticsMart_AllPartner_Geography,Geographies_South_Europe,bigint,Deprecate,,,
analytics,vw_Fact_AnalyticsMart_AllPartner_Geography,ISV,int,Deprecate,,,
analytics,vw_Fact_AnalyticsMart_AllPartner_Geography,Orig_MembershipStart,date,Deprecate,,,
analytics,vw_Fact_AnalyticsMart_AllPartner_Geography,MonthsInMPN,int,Deprecate,,,
analytics,vw_Fact_AnalyticsMart_AllPartner_Geography,IsSPL,varchar,Deprecate,,,
analytics,vw_Fact_AnalyticsMart_AllPartner_Geography,MembershipLevel,varchar,Deprecate,,,
analytics,vw_Fact_AnalyticsMart_AllPartner_Geography,Cur_MembershipStart,varchar,Deprecate,,,
analytics,vw_Fact_AnalyticsMart_AllPartner_Geography,MonthsAtLevel,float,Deprecate,,,
analytics,vw_Fact_AnalyticsMart_AllPartner_Geography,CoSell_Referrals,bigint,Deprecate,,,
analytics,vw_Fact_AnalyticsMart_AllPartner_Geography,CoSell_Deal_Size,bigint,Deprecate,,,
analytics,vw_Fact_AnalyticsMart_AllPartner_Geography,CoSell_Accepted_Referrals,bigint,Deprecate,,,
analytics,vw_Fact_AnalyticsMart_AllPartner_Geography,CoSell_Declined_Referrals,bigint,Deprecate,,,
analytics,vw_Fact_AnalyticsMart_AllPartner_Geography,CoSell_Won_Referrals,bigint,Deprecate,,,
analytics,vw_Fact_AnalyticsMart_AllPartner_Geography,GPSCRMSolutionCount,bigint,Deprecate,,,
analytics,vw_Fact_AnalyticsMart_AllPartner_Geography,GPSCRMAvailableSolutionCount,bigint,Deprecate,,,
analytics,vw_Fact_AnalyticsMart_AllPartner_Geography,GPSCRMTransactableSolutionCount,bigint,Deprecate,,,
analytics,vw_Fact_AnalyticsMart_AllPartner_Geography,Inc_Earned_Amount,float,Deprecate,,,
analytics,vw_Fact_AnalyticsMart_AllPartner_Geography,Inc_Transaction_Amount,float,Deprecate,,,
analytics,vw_Fact_AnalyticsMart_AllPartner_Geography,Inc_Paid_Amount,decimal,Deprecate,,,
analytics,vw_Fact_AnalyticsMart_AllPartner_Geography,MktPl_Total_Referrals,bigint,Deprecate,,,
analytics,vw_Fact_AnalyticsMart_AllPartner_Geography,MktPl_Accepted_Referrals,bigint,Deprecate,,,
analytics,vw_Fact_AnalyticsMart_AllPartner_Geography,MktPl_Closed_Referrals,bigint,Deprecate,,,
analytics,vw_Fact_AnalyticsMart_AllPartner_Geography,MktPl_Outbound_Referrals,bigint,Deprecate,,,
analytics,vw_Fact_AnalyticsMart_AllPartner_Geography,PSXDealCount,bigint,Deprecate,,,
analytics,vw_Fact_AnalyticsMart_AllPartner_Geography,PSXRegisteredDealCount,bigint,Deprecate,,,
analytics,vw_Fact_AnalyticsMart_AllPartner_Geography,QRP_Total_Referrals,bigint,Deprecate,,,
analytics,vw_Fact_AnalyticsMart_AllPartner_Geography,QRP_Accepted_Referrals,bigint,Deprecate,,,
analytics,vw_Fact_AnalyticsMart_AllPartner_Geography,QRP_Declined_Referrals,bigint,Deprecate,,,
analytics,vw_Fact_AnalyticsMart_AllPartner_Geography,QRP_Won_Referrals,bigint,Deprecate,,,
analytics,vw_Fact_AnalyticsMart_AllPartner_Geography,AZ_Solution_Count,bigint,Deprecate,,,
analytics,vw_Fact_AnalyticsMart_AllPartner_Geography,ACR,decimal,Deprecate,,,
analytics,vw_Fact_AnalyticsMart_AllPartner_Geography,PR_ACR,decimal,Deprecate,,,
analytics,vw_Fact_AnalyticsMart_AllPartner_Geography,MBS,float,Deprecate,,,
analytics,vw_Fact_AnalyticsMart_AllPartner_Geography,DataAndAI_ACR,decimal,Deprecate,,,
analytics,vw_Fact_AnalyticsMart_AllPartner_Geography,AzureSecurity_ACR,decimal,Deprecate,,,
analytics,vw_Fact_AnalyticsMart_AllPartner_Geography,AzureAppInnovation_ACR,decimal,Deprecate,,,
analytics,vw_Fact_AnalyticsMart_AllPartner_Geography,AzureInfra_ACR,decimal,Deprecate,,,
analytics,vw_Fact_AnalyticsMart_AllPartner_Geography,Az_Total_Partner_Performance_Distinct_ACR,decimal,Deprecate,,,
analytics,vw_Fact_AnalyticsMart_AllPartner_Geography,Az_Total_Partner_Performance_Distinct_DataAndAI,decimal,Deprecate,,,
analytics,vw_Fact_AnalyticsMart_AllPartner_Geography,Az_Total_Partner_Performance_Distinct_AzureSecurity,decimal,Deprecate,,,
analytics,vw_Fact_AnalyticsMart_AllPartner_Geography,Az_Total_Partner_Performance_Distinct_AzureAppInnovation,decimal,Deprecate,,,
analytics,vw_Fact_AnalyticsMart_AllPartner_Geography,Az_Total_Partner_Performance_Distinct_Infrastructure,decimal,Deprecate,,,
analytics,vw_Fact_AnalyticsMart_AllPartner_Geography,BilledRevenue,decimal,Deprecate,,,
analytics,vw_Fact_AnalyticsMart_AllPartner_Geography,DataAndAI_BilledRevenue,decimal,Deprecate,,,
analytics,vw_Fact_AnalyticsMart_AllPartner_Geography,MW_BilledRevenue,decimal,Deprecate,,,
analytics,vw_Fact_AnalyticsMart_AllPartner_Geography,BizApps_BilledRevenue,decimal,Deprecate,,,
analytics,vw_Fact_AnalyticsMart_AllPartner_Geography,ML_BilledRevenue,decimal,Deprecate,,,
analytics,vw_Fact_AnalyticsMart_AllPartner_Geography,AppsInfra_BilledRevenue,decimal,Deprecate,,,
analytics,vw_Fact_AnalyticsMart_AllPartner_Geography,CSP_ACR,decimal,Deprecate,,,
analytics,vw_Fact_AnalyticsMart_AllPartner_Geography,CSP_BilledRevenue,decimal,Deprecate,,,
analytics,vw_Fact_AnalyticsMart_AllPartner_Geography,Az_Derivatives_AI_+_Machine_Learning_ACR,decimal,Deprecate,,,
analytics,vw_Fact_AnalyticsMart_AllPartner_Geography,Az_Derivatives_Analytics_ACR,decimal,Deprecate,,,
analytics,vw_Fact_AnalyticsMart_AllPartner_Geography,Az_Derivatives_Azure_Arc_ACR,decimal,Deprecate,,,
analytics,vw_Fact_AnalyticsMart_AllPartner_Geography,Az_Derivatives_Azure_Communication_Services_ACR,decimal,Deprecate,,,
analytics,vw_Fact_AnalyticsMart_AllPartner_Geography,Az_Derivatives_Azure_Stack_ACR,decimal,Deprecate,,,
analytics,vw_Fact_AnalyticsMart_AllPartner_Geography,Az_Derivatives_Blockchain_ACR,decimal,Deprecate,,,
analytics,vw_Fact_AnalyticsMart_AllPartner_Geography,Az_Derivatives_Compute_ACR,decimal,Deprecate,,,
analytics,vw_Fact_AnalyticsMart_AllPartner_Geography,Az_Derivatives_Containers_ACR,decimal,Deprecate,,,
analytics,vw_Fact_AnalyticsMart_AllPartner_Geography,Az_Derivatives_Databases_ACR,decimal,Deprecate,,,
analytics,vw_Fact_AnalyticsMart_AllPartner_Geography,Az_Derivatives_Developer_Tools_ACR,decimal,Deprecate,,,
analytics,vw_Fact_AnalyticsMart_AllPartner_Geography,Az_Derivatives_Gaming_ACR,decimal,Deprecate,,,
analytics,vw_Fact_AnalyticsMart_AllPartner_Geography,Az_Derivatives_Integration_ACR,decimal,Deprecate,,,
analytics,vw_Fact_AnalyticsMart_AllPartner_Geography,Az_Derivatives_Internet_of_Things_ACR,decimal,Deprecate,,,
analytics,vw_Fact_AnalyticsMart_AllPartner_Geography,Az_Derivatives_Management_and_Governance_ACR,decimal,Deprecate,,,
analytics,vw_Fact_AnalyticsMart_AllPartner_Geography,Az_Derivatives_Microsoft_Syntex_ACR,decimal,Deprecate,,,
analytics,vw_Fact_AnalyticsMart_AllPartner_Geography,Az_Derivatives_Mixed_Reality_ACR,decimal,Deprecate,,,
analytics,vw_Fact_AnalyticsMart_AllPartner_Geography,Az_Derivatives_Mobile_ACR,decimal,Deprecate,,,
analytics,vw_Fact_AnalyticsMart_AllPartner_Geography,Az_Derivatives_Networking_ACR,decimal,Deprecate,,,
analytics,vw_Fact_AnalyticsMart_AllPartner_Geography,Az_Derivatives_Other_ACR,decimal,Deprecate,,,
analytics,vw_Fact_AnalyticsMart_AllPartner_Geography,Az_Derivatives_Power_Platform_ACR,decimal,Deprecate,,,
analytics,vw_Fact_AnalyticsMart_AllPartner_Geography,Az_Derivatives_Quantum_Computing_ACR,decimal,Deprecate,,,
analytics,vw_Fact_AnalyticsMart_AllPartner_Geography,Az_Derivatives_Security_ACR,decimal,Deprecate,,,
analytics,vw_Fact_AnalyticsMart_AllPartner_Geography,Az_Derivatives_Storage_ACR,decimal,Deprecate,,,
analytics,vw_Fact_AnalyticsMart_AllPartner_Geography,Az_Derivatives_Unknown_ACR,decimal,Deprecate,,,
analytics,vw_Fact_AnalyticsMart_AllPartner_Geography,Az_Derivatives_Web_ACR,decimal,Deprecate,,,
analytics,vw_Fact_AnalyticsMart_AllPartner_Geography,Az_Derivatives_Windows_Virtual_Desktop_ACR,decimal,Deprecate,,,
analytics,vw_Fact_AnalyticsMart_AllPartner_Geography,Az_Derivatives_AI_+_Machine_Learning_DataAICR,decimal,Deprecate,,,
analytics,vw_Fact_AnalyticsMart_AllPartner_Geography,Az_Derivatives_Analytics_DataAICR,decimal,Deprecate,,,
analytics,vw_Fact_AnalyticsMart_AllPartner_Geography,Az_Derivatives_Azure_Arc_DataAICR,decimal,Deprecate,,,
analytics,vw_Fact_AnalyticsMart_AllPartner_Geography,Az_Derivatives_Azure_Communication_Services_DataAICR,decimal,Deprecate,,,
analytics,vw_Fact_AnalyticsMart_AllPartner_Geography,Az_Derivatives_Azure_Stack_DataAICR,decimal,Deprecate,,,
analytics,vw_Fact_AnalyticsMart_AllPartner_Geography,Az_Derivatives_Blockchain_DataAICR,decimal,Deprecate,,,
analytics,vw_Fact_AnalyticsMart_AllPartner_Geography,Az_Derivatives_Compute_DataAICR,decimal,Deprecate,,,
analytics,vw_Fact_AnalyticsMart_AllPartner_Geography,Az_Derivatives_Containers_DataAICR,decimal,Deprecate,,,
analytics,vw_Fact_AnalyticsMart_AllPartner_Geography,Az_Derivatives_Databases_DataAICR,decimal,Deprecate,,,
analytics,vw_Fact_AnalyticsMart_AllPartner_Geography,Az_Derivatives_Developer_Tools_DataAICR,decimal,Deprecate,,,
analytics,vw_Fact_AnalyticsMart_AllPartner_Geography,Az_Derivatives_Gaming_DataAICR,decimal,Deprecate,,,
analytics,vw_Fact_AnalyticsMart_AllPartner_Geography,Az_Derivatives_Integration_DataAICR,decimal,Deprecate,,,
analytics,vw_Fact_AnalyticsMart_AllPartner_Geography,Az_Derivatives_Internet_of_Things_DataAICR,decimal,Deprecate,,,
analytics,vw_Fact_AnalyticsMart_AllPartner_Geography,Az_Derivatives_Management_and_Governance_DataAICR,decimal,Deprecate,,,
analytics,vw_Fact_AnalyticsMart_AllPartner_Geography,Az_Derivatives_Microsoft_Syntex_DataAICR,decimal,Deprecate,,,
analytics,vw_Fact_AnalyticsMart_AllPartner_Geography,Az_Derivatives_Mixed_Reality_DataAICR,decimal,Deprecate,,,
analytics,vw_Fact_AnalyticsMart_AllPartner_Geography,Az_Derivatives_Mobile_DataAICR,decimal,Deprecate,,,
analytics,vw_Fact_AnalyticsMart_AllPartner_Geography,Az_Derivatives_Networking_DataAICR,decimal,Deprecate,,,
analytics,vw_Fact_AnalyticsMart_AllPartner_Geography,Az_Derivatives_Other_DataAICR,decimal,Deprecate,,,
analytics,vw_Fact_AnalyticsMart_AllPartner_Geography,Az_Derivatives_Power_Platform_DataAICR,decimal,Deprecate,,,
analytics,vw_Fact_AnalyticsMart_AllPartner_Geography,Az_Derivatives_Quantum_Computing_DataAICR,decimal,Deprecate,,,
analytics,vw_Fact_AnalyticsMart_AllPartner_Geography,Az_Derivatives_Security_DataAICR,decimal,Deprecate,,,
analytics,vw_Fact_AnalyticsMart_AllPartner_Geography,Az_Derivatives_Storage_DataAICR,decimal,Deprecate,,,
analytics,vw_Fact_AnalyticsMart_AllPartner_Geography,Az_Derivatives_Unknown_DataAICR,decimal,Deprecate,,,
analytics,vw_Fact_AnalyticsMart_AllPartner_Geography,Az_Derivatives_Web_DataAICR,decimal,Deprecate,,,
analytics,vw_Fact_AnalyticsMart_AllPartner_Geography,Az_Derivatives_Windows_Virtual_Desktop_DataAICR,decimal,Deprecate,,,
analytics,vw_Fact_AnalyticsMart_AllPartner_Geography,Az_Deployment_Count,bigint,Deprecate,,,
analytics,vw_Fact_AnalyticsMart_AllPartner_Geography,Solution_Workspaces_Engagement_Count_Digitally_Created,varchar,Deprecate,,,
analytics,vw_Fact_AnalyticsMart_AllPartner_Geography,FRA,decimal,Deprecate,,,
analytics,vw_Fact_AnalyticsMart_AllPartner_Geography,GTMEngagedUserCount,bigint,Deprecate,,,
analytics,vw_Fact_AnalyticsMart_AllPartner_Geography,Az_Derivatives_Azure_Data_-_Cross_Functional_ACR,decimal,Deprecate,,,
analytics,vw_Fact_AnalyticsMart_AllPartner_Geography,Az_Derivatives_Azure_MDC_ACR,decimal,Deprecate,,,
analytics,vw_Fact_AnalyticsMart_AllPartner_Geography,Az_Derivatives_Azure_Security_ACR,decimal,Deprecate,,,
analytics,vw_Fact_AnalyticsMart_AllPartner_Geography,Az_Derivatives_Data_ACR,decimal,Deprecate,,,
analytics,vw_Fact_AnalyticsMart_AllPartner_Geography,Az_Derivatives_Dynamics_ACR,decimal,Deprecate,,,
analytics,vw_Fact_AnalyticsMart_AllPartner_Geography,Az_Derivatives_Telecommunications_ACR,decimal,Deprecate,,,
analytics,vw_Fact_AnalyticsMart_AllPartner_Geography,Az_Derivatives_Test_Service_Family_ACR,decimal,Deprecate,,,
analytics,vw_Fact_AnalyticsMart_AllPartner_Geography,Az_Derivatives_Azure_Data_-_Cross_Functional_DataAICR,decimal,Deprecate,,,
analytics,vw_Fact_AnalyticsMart_AllPartner_Geography,Az_Derivatives_Azure_MDC_DataAICR,decimal,Deprecate,,,
analytics,vw_Fact_AnalyticsMart_AllPartner_Geography,Az_Derivatives_Azure_Security_DataAICR,decimal,Deprecate,,,
analytics,vw_Fact_AnalyticsMart_AllPartner_Geography,Az_Derivatives_Data_DataAICR,decimal,Deprecate,,,
analytics,vw_Fact_AnalyticsMart_AllPartner_Geography,Az_Derivatives_Dynamics_DataAICR,decimal,Deprecate,,,
analytics,vw_Fact_AnalyticsMart_AllPartner_Geography,Az_Derivatives_Telecommunications_DataAICR,decimal,Deprecate,,,
analytics,vw_Fact_AnalyticsMart_AllPartner_Geography,Az_Derivatives_Test_Service_Family_DataAICR,decimal,Deprecate,,,
analytics,vw_Fact_AnalyticsMart_AllPartner_MPNID,PartnerOneID,varchar,Deprecate,,,
analytics,vw_Fact_AnalyticsMart_AllPartner_MPNID,PartnerGlobalID,varchar,Deprecate,,,
analytics,vw_Fact_AnalyticsMart_AllPartner_MPNID,MPNID,varchar,Deprecate,,,
analytics,vw_Fact_AnalyticsMart_AllPartner_MPNID,CalendarDate,varchar,Deprecate,,,
analytics,vw_Fact_AnalyticsMart_AllPartner_MPNID,DateKey,varchar,Deprecate,,,
analytics,vw_Fact_AnalyticsMart_AllPartner_MPNID,SubsidiaryID,varchar,Deprecate,,,
analytics,vw_Fact_AnalyticsMart_AllPartner_MPNID,SubsidiaryName,varchar,Deprecate,,,
analytics,vw_Fact_AnalyticsMart_AllPartner_MPNID,AreaName,varchar,Deprecate,,,
analytics,vw_Fact_AnalyticsMart_AllPartner_MPNID,RegionName,varchar,Deprecate,,,
analytics,vw_Fact_AnalyticsMart_AllPartner_MPNID,SubRegionName,varchar,Deprecate,,,
analytics,vw_Fact_AnalyticsMart_AllPartner_MPNID,CustomTimeZone,varchar,Deprecate,,,
analytics,vw_Fact_AnalyticsMart_AllPartner_MPNID,ISV,int,Deprecate,,,
analytics,vw_Fact_AnalyticsMart_AllPartner_MPNID,MicrosoftActionPackSubscription,int,Deprecate,,,
analytics,vw_Fact_AnalyticsMart_AllPartner_MPNID,PartnerSuccessExpandedKit,int,Deprecate,,,
analytics,vw_Fact_AnalyticsMart_AllPartner_MPNID,PartnerLaunchKit,int,Deprecate,,,
analytics,vw_Fact_AnalyticsMart_AllPartner_MPNID,LegacySilver,int,Deprecate,,,
analytics,vw_Fact_AnalyticsMart_AllPartner_MPNID,TrainingProgram,int,Deprecate,,,
analytics,vw_Fact_AnalyticsMart_AllPartner_MPNID,LegacyGold,int,Deprecate,,,
analytics,vw_Fact_AnalyticsMart_AllPartner_MPNID,ISVSuccessProgram,int,Deprecate,,,
analytics,vw_Fact_AnalyticsMart_AllPartner_MPNID,PartnerSuccessCoreKit,int,Deprecate,,,
analytics,vw_Fact_AnalyticsMart_AllPartner_MPNID,PMC_UniqueAssets,bigint,Deprecate,,,
analytics,vw_Fact_AnalyticsMart_AllPartner_MPNID,AzureInfraPCIStatus,int,Deprecate,,,
analytics,vw_Fact_AnalyticsMart_AllPartner_MPNID,AzureDigiAppPCIStatus,int,Deprecate,,,
analytics,vw_Fact_AnalyticsMart_AllPartner_MPNID,AzureDataAIPCIStatus,int,Deprecate,,,
analytics,vw_Fact_AnalyticsMart_AllPartner_MPNID,ModernPCIStatus,int,Deprecate,,,
analytics,vw_Fact_AnalyticsMart_AllPartner_MPNID,SecurityPCIStatus,int,Deprecate,,,
analytics,vw_Fact_AnalyticsMart_AllPartner_MPNID,BAGPCIStatus,int,Deprecate,,,
analytics,vw_Fact_AnalyticsMart_AllPartner_MPNID,ASPs_Attempted,bigint,Deprecate,,,
analytics,vw_Fact_AnalyticsMart_AllPartner_MPNID,ASPs_Approved,bigint,Deprecate,,,
analytics,vw_Fact_AnalyticsMart_AllPartner_MPNID,CountofBusinessProfiles,bigint,Deprecate,,,
analytics,vw_Fact_AnalyticsMart_AllPartner_MPNID,Geographies_ANZ,bigint,Deprecate,,,
analytics,vw_Fact_AnalyticsMart_AllPartner_MPNID,Geographies_ASEAN,bigint,Deprecate,,,
analytics,vw_Fact_AnalyticsMart_AllPartner_MPNID,Geographies_Canada,bigint,Deprecate,,,
analytics,vw_Fact_AnalyticsMart_AllPartner_MPNID,Geographies_MEA,bigint,Deprecate,,,
analytics,vw_Fact_AnalyticsMart_AllPartner_MPNID,Geographies_France,bigint,Deprecate,,,
analytics,vw_Fact_AnalyticsMart_AllPartner_MPNID,Geographies_Germany_&_Austria,bigint,Deprecate,,,
analytics,vw_Fact_AnalyticsMart_AllPartner_MPNID,Geographies_Greater_China,bigint,Deprecate,,,
analytics,vw_Fact_AnalyticsMart_AllPartner_MPNID,Geographies_India,bigint,Deprecate,,,
analytics,vw_Fact_AnalyticsMart_AllPartner_MPNID,Geographies_Japan,bigint,Deprecate,,,
analytics,vw_Fact_AnalyticsMart_AllPartner_MPNID,Geographies_Korea,bigint,Deprecate,,,
analytics,vw_Fact_AnalyticsMart_AllPartner_MPNID,Geographies_Latam,bigint,Deprecate,,,
analytics,vw_Fact_AnalyticsMart_AllPartner_MPNID,Geographies_Netherlands,bigint,Deprecate,,,
analytics,vw_Fact_AnalyticsMart_AllPartner_MPNID,Geographies_Switzerland,bigint,Deprecate,,,
analytics,vw_Fact_AnalyticsMart_AllPartner_MPNID,Geographies_UK_&_Ireland,bigint,Deprecate,,,
analytics,vw_Fact_AnalyticsMart_AllPartner_MPNID,Geographies_United_States,bigint,Deprecate,,,
analytics,vw_Fact_AnalyticsMart_AllPartner_MPNID,Geographies_North_Europe,bigint,Deprecate,,,
analytics,vw_Fact_AnalyticsMart_AllPartner_MPNID,Geographies_South_Europe,bigint,Deprecate,,,
analytics,vw_Fact_AnalyticsMart_AllPartner_MPNID,Orig_MembershipStart,date,Deprecate,,,
analytics,vw_Fact_AnalyticsMart_AllPartner_MPNID,MonthsInMPN,int,Deprecate,,,
analytics,vw_Fact_AnalyticsMart_AllPartner_MPNID,IsSPL,varchar,Deprecate,,,
analytics,vw_Fact_AnalyticsMart_AllPartner_MPNID,MembershipLevel,varchar,Deprecate,,,
analytics,vw_Fact_AnalyticsMart_AllPartner_MPNID,Cur_MembershipStart,varchar,Deprecate,,,
analytics,vw_Fact_AnalyticsMart_AllPartner_MPNID,MonthsAtLevel,int,Deprecate,,,
analytics,vw_Fact_AnalyticsMart_AllPartner_MPNID,CoSell_Referrals,bigint,Deprecate,,,
analytics,vw_Fact_AnalyticsMart_AllPartner_MPNID,CoSell_Deal_Size,bigint,Deprecate,,,
analytics,vw_Fact_AnalyticsMart_AllPartner_MPNID,CoSell_Accepted_Referrals,bigint,Deprecate,,,
analytics,vw_Fact_AnalyticsMart_AllPartner_MPNID,CoSell_Declined_Referrals,bigint,Deprecate,,,
analytics,vw_Fact_AnalyticsMart_AllPartner_MPNID,CoSell_Won_Referrals,bigint,Deprecate,,,
analytics,vw_Fact_AnalyticsMart_AllPartner_MPNID,GPSCRMSolutionCount,bigint,Deprecate,,,
analytics,vw_Fact_AnalyticsMart_AllPartner_MPNID,GPSCRMAvailableSolutionCount,bigint,Deprecate,,,
analytics,vw_Fact_AnalyticsMart_AllPartner_MPNID,GPSCRMTransactableSolutionCount,bigint,Deprecate,,,
analytics,vw_Fact_AnalyticsMart_AllPartner_MPNID,MktPl_Total_Referrals,bigint,Deprecate,,,
analytics,vw_Fact_AnalyticsMart_AllPartner_MPNID,MktPl_Accepted_Referrals,bigint,Deprecate,,,
analytics,vw_Fact_AnalyticsMart_AllPartner_MPNID,MktPl_Closed_Referrals,bigint,Deprecate,,,
analytics,vw_Fact_AnalyticsMart_AllPartner_MPNID,MktPl_Outbound_Referrals,bigint,Deprecate,,,
analytics,vw_Fact_AnalyticsMart_AllPartner_MPNID,PSXDealCount,bigint,Deprecate,,,
analytics,vw_Fact_AnalyticsMart_AllPartner_MPNID,PSXRegisteredDealCount,bigint,Deprecate,,,
analytics,vw_Fact_AnalyticsMart_AllPartner_MPNID,QRP_Total_Referrals,bigint,Deprecate,,,
analytics,vw_Fact_AnalyticsMart_AllPartner_MPNID,QRP_Accepted_Referrals,bigint,Deprecate,,,
analytics,vw_Fact_AnalyticsMart_AllPartner_MPNID,QRP_Declined_Referrals,bigint,Deprecate,,,
analytics,vw_Fact_AnalyticsMart_AllPartner_MPNID,QRP_Won_Referrals,bigint,Deprecate,,,
analytics,vw_Fact_AnalyticsMart_AllPartner_MPNID,AZ_Solution_Count,bigint,Deprecate,,,
analytics,vw_Fact_AnalyticsMart_AllPartner_MPNID,ACR,decimal,Deprecate,,,
analytics,vw_Fact_AnalyticsMart_AllPartner_MPNID,PR_ACR,decimal,Deprecate,,,
analytics,vw_Fact_AnalyticsMart_AllPartner_MPNID,DataAndAI_ACR,decimal,Deprecate,,,
analytics,vw_Fact_AnalyticsMart_AllPartner_MPNID,AzureSecurity_ACR,decimal,Deprecate,,,
analytics,vw_Fact_AnalyticsMart_AllPartner_MPNID,AzureAppInnovation_ACR,decimal,Deprecate,,,
analytics,vw_Fact_AnalyticsMart_AllPartner_MPNID,AzureInfra_ACR,decimal,Deprecate,,,
analytics,vw_Fact_AnalyticsMart_AllPartner_MPNID,Az_Total_Partner_Performance_Distinct_ACR,decimal,Deprecate,,,
analytics,vw_Fact_AnalyticsMart_AllPartner_MPNID,Az_Total_Partner_Performance_Distinct_DataAndAI,decimal,Deprecate,,,
analytics,vw_Fact_AnalyticsMart_AllPartner_MPNID,Az_Total_Partner_Performance_Distinct_AzureSecurity,decimal,Deprecate,,,
analytics,vw_Fact_AnalyticsMart_AllPartner_MPNID,Az_Total_Partner_Performance_Distinct_AzureAppInnovation,decimal,Deprecate,,,
analytics,vw_Fact_AnalyticsMart_AllPartner_MPNID,Az_Total_Partner_Performance_Distinct_Infrastructure,decimal,Deprecate,,,
analytics,vw_Fact_AnalyticsMart_AllPartner_MPNID,BilledRevenue,decimal,Deprecate,,,
analytics,vw_Fact_AnalyticsMart_AllPartner_MPNID,DataAndAI_BilledRevenue,decimal,Deprecate,,,
analytics,vw_Fact_AnalyticsMart_AllPartner_MPNID,MW_BilledRevenue,decimal,Deprecate,,,
analytics,vw_Fact_AnalyticsMart_AllPartner_MPNID,BizApps_BilledRevenue,decimal,Deprecate,,,
analytics,vw_Fact_AnalyticsMart_AllPartner_MPNID,ML_BilledRevenue,decimal,Deprecate,,,
analytics,vw_Fact_AnalyticsMart_AllPartner_MPNID,AppsInfra_BilledRevenue,decimal,Deprecate,,,
analytics,vw_Fact_AnalyticsMart_AllPartner_MPNID,CSP_ACR,decimal,Deprecate,,,
analytics,vw_Fact_AnalyticsMart_AllPartner_MPNID,CSP_BilledRevenue,decimal,Deprecate,,,
analytics,vw_Fact_AnalyticsMart_AllPartner_MPNID,Az_Derivatives_AI_+_Machine_Learning_ACR,decimal,Deprecate,,,
analytics,vw_Fact_AnalyticsMart_AllPartner_MPNID,Az_Derivatives_Analytics_ACR,decimal,Deprecate,,,
analytics,vw_Fact_AnalyticsMart_AllPartner_MPNID,Az_Derivatives_Azure_Arc_ACR,decimal,Deprecate,,,
analytics,vw_Fact_AnalyticsMart_AllPartner_MPNID,Az_Derivatives_Azure_Communication_Services_ACR,decimal,Deprecate,,,
analytics,vw_Fact_AnalyticsMart_AllPartner_MPNID,Az_Derivatives_Azure_Stack_ACR,decimal,Deprecate,,,
analytics,vw_Fact_AnalyticsMart_AllPartner_MPNID,Az_Derivatives_Blockchain_ACR,decimal,Deprecate,,,
analytics,vw_Fact_AnalyticsMart_AllPartner_MPNID,Az_Derivatives_Compute_ACR,decimal,Deprecate,,,
analytics,vw_Fact_AnalyticsMart_AllPartner_MPNID,Az_Derivatives_Containers_ACR,decimal,Deprecate,,,
analytics,vw_Fact_AnalyticsMart_AllPartner_MPNID,Az_Derivatives_Databases_ACR,decimal,Deprecate,,,
analytics,vw_Fact_AnalyticsMart_AllPartner_MPNID,Az_Derivatives_Developer_Tools_ACR,decimal,Deprecate,,,
analytics,vw_Fact_AnalyticsMart_AllPartner_MPNID,Az_Derivatives_Gaming_ACR,decimal,Deprecate,,,
analytics,vw_Fact_AnalyticsMart_AllPartner_MPNID,Az_Derivatives_Integration_ACR,decimal,Deprecate,,,
analytics,vw_Fact_AnalyticsMart_AllPartner_MPNID,Az_Derivatives_Internet_of_Things_ACR,decimal,Deprecate,,,
analytics,vw_Fact_AnalyticsMart_AllPartner_MPNID,Az_Derivatives_Management_and_Governance_ACR,decimal,Deprecate,,,
analytics,vw_Fact_AnalyticsMart_AllPartner_MPNID,Az_Derivatives_Microsoft_Syntex_ACR,decimal,Deprecate,,,
analytics,vw_Fact_AnalyticsMart_AllPartner_MPNID,Az_Derivatives_Mixed_Reality_ACR,decimal,Deprecate,,,
analytics,vw_Fact_AnalyticsMart_AllPartner_MPNID,Az_Derivatives_Mobile_ACR,decimal,Deprecate,,,
analytics,vw_Fact_AnalyticsMart_AllPartner_MPNID,Az_Derivatives_Networking_ACR,decimal,Deprecate,,,
analytics,vw_Fact_AnalyticsMart_AllPartner_MPNID,Az_Derivatives_Other_ACR,decimal,Deprecate,,,
analytics,vw_Fact_AnalyticsMart_AllPartner_MPNID,Az_Derivatives_Power_Platform_ACR,decimal,Deprecate,,,
analytics,vw_Fact_AnalyticsMart_AllPartner_MPNID,Az_Derivatives_Quantum_Computing_ACR,decimal,Deprecate,,,
analytics,vw_Fact_AnalyticsMart_AllPartner_MPNID,Az_Derivatives_Security_ACR,decimal,Deprecate,,,
analytics,vw_Fact_AnalyticsMart_AllPartner_MPNID,Az_Derivatives_Storage_ACR,decimal,Deprecate,,,
analytics,vw_Fact_AnalyticsMart_AllPartner_MPNID,Az_Derivatives_Unknown_ACR,decimal,Deprecate,,,
analytics,vw_Fact_AnalyticsMart_AllPartner_MPNID,Az_Derivatives_Web_ACR,decimal,Deprecate,,,
analytics,vw_Fact_AnalyticsMart_AllPartner_MPNID,Az_Derivatives_Windows_Virtual_Desktop_ACR,decimal,Deprecate,,,
analytics,vw_Fact_AnalyticsMart_AllPartner_MPNID,Az_Derivatives_AI_+_Machine_Learning_DataAICR,decimal,Deprecate,,,
analytics,vw_Fact_AnalyticsMart_AllPartner_MPNID,Az_Derivatives_Analytics_DataAICR,decimal,Deprecate,,,
analytics,vw_Fact_AnalyticsMart_AllPartner_MPNID,Az_Derivatives_Azure_Arc_DataAICR,decimal,Deprecate,,,
analytics,vw_Fact_AnalyticsMart_AllPartner_MPNID,Az_Derivatives_Azure_Communication_Services_DataAICR,decimal,Deprecate,,,
analytics,vw_Fact_AnalyticsMart_AllPartner_MPNID,Az_Derivatives_Azure_Stack_DataAICR,decimal,Deprecate,,,
analytics,vw_Fact_AnalyticsMart_AllPartner_MPNID,Az_Derivatives_Blockchain_DataAICR,decimal,Deprecate,,,
analytics,vw_Fact_AnalyticsMart_AllPartner_MPNID,Az_Derivatives_Compute_DataAICR,decimal,Deprecate,,,
analytics,vw_Fact_AnalyticsMart_AllPartner_MPNID,Az_Derivatives_Containers_DataAICR,decimal,Deprecate,,,
analytics,vw_Fact_AnalyticsMart_AllPartner_MPNID,Az_Derivatives_Databases_DataAICR,decimal,Deprecate,,,
analytics,vw_Fact_AnalyticsMart_AllPartner_MPNID,Az_Derivatives_Developer_Tools_DataAICR,decimal,Deprecate,,,
analytics,vw_Fact_AnalyticsMart_AllPartner_MPNID,Az_Derivatives_Gaming_DataAICR,decimal,Deprecate,,,
analytics,vw_Fact_AnalyticsMart_AllPartner_MPNID,Az_Derivatives_Integration_DataAICR,decimal,Deprecate,,,
analytics,vw_Fact_AnalyticsMart_AllPartner_MPNID,Az_Derivatives_Internet_of_Things_DataAICR,decimal,Deprecate,,,
analytics,vw_Fact_AnalyticsMart_AllPartner_MPNID,Az_Derivatives_Management_and_Governance_DataAICR,decimal,Deprecate,,,
analytics,vw_Fact_AnalyticsMart_AllPartner_MPNID,Az_Derivatives_Microsoft_Syntex_DataAICR,decimal,Deprecate,,,
analytics,vw_Fact_AnalyticsMart_AllPartner_MPNID,Az_Derivatives_Mixed_Reality_DataAICR,decimal,Deprecate,,,
analytics,vw_Fact_AnalyticsMart_AllPartner_MPNID,Az_Derivatives_Mobile_DataAICR,decimal,Deprecate,,,
analytics,vw_Fact_AnalyticsMart_AllPartner_MPNID,Az_Derivatives_Networking_DataAICR,decimal,Deprecate,,,
analytics,vw_Fact_AnalyticsMart_AllPartner_MPNID,Az_Derivatives_Other_DataAICR,decimal,Deprecate,,,
analytics,vw_Fact_AnalyticsMart_AllPartner_MPNID,FRA,decimal,Deprecate,,,
analytics,vw_Fact_AnalyticsMart_AllPartner_MPNID,Az_Derivatives_Power_Platform_DataAICR,decimal,Deprecate,,,
analytics,vw_Fact_AnalyticsMart_AllPartner_MPNID,Az_Derivatives_Quantum_Computing_DataAICR,decimal,Deprecate,,,
analytics,vw_Fact_AnalyticsMart_AllPartner_MPNID,Az_Derivatives_Security_DataAICR,decimal,Deprecate,,,
analytics,vw_Fact_AnalyticsMart_AllPartner_MPNID,Az_Derivatives_Storage_DataAICR,decimal,Deprecate,,,
analytics,vw_Fact_AnalyticsMart_AllPartner_MPNID,Az_Derivatives_Unknown_DataAICR,decimal,Deprecate,,,
analytics,vw_Fact_AnalyticsMart_AllPartner_MPNID,Az_Derivatives_Web_DataAICR,decimal,Deprecate,,,
analytics,vw_Fact_AnalyticsMart_AllPartner_MPNID,Az_Derivatives_Windows_Virtual_Desktop_DataAICR,decimal,Deprecate,,,
analytics,vw_Fact_AnalyticsMart_AllPartner_MPNID,Az_Derivatives_AI_+_Machine_Learning_AzureSecurityCR,decimal,Deprecate,,,
analytics,vw_Fact_AnalyticsMart_AllPartner_MPNID,Az_Derivatives_Analytics_AzureSecurityCR,decimal,Deprecate,,,
analytics,vw_Fact_AnalyticsMart_AllPartner_MPNID,Az_Derivatives_Azure_Arc_AzureSecurityCR,decimal,Deprecate,,,
analytics,vw_Fact_AnalyticsMart_AllPartner_MPNID,Az_Derivatives_Azure_Communication_Services_AzureSecurityCR,decimal,Deprecate,,,
analytics,vw_Fact_AnalyticsMart_AllPartner_MPNID,Az_Derivatives_Azure_Stack_AzureSecurityCR,decimal,Deprecate,,,
analytics,vw_Fact_AnalyticsMart_AllPartner_MPNID,Az_Derivatives_Blockchain_AzureSecurityCR,decimal,Deprecate,,,
analytics,vw_Fact_AnalyticsMart_AllPartner_MPNID,Az_Derivatives_Compute_AzureSecurityCR,decimal,Deprecate,,,
analytics,vw_Fact_AnalyticsMart_AllPartner_MPNID,Az_Derivatives_Containers_AzureSecurityCR,decimal,Deprecate,,,
analytics,vw_Fact_AnalyticsMart_AllPartner_MPNID,Az_Derivatives_Databases_AzureSecurityCR,decimal,Deprecate,,,
analytics,vw_Fact_AnalyticsMart_AllPartner_MPNID,Az_Derivatives_Developer_Tools_AzureSecurityCR,decimal,Deprecate,,,
analytics,vw_Fact_AnalyticsMart_AllPartner_MPNID,Az_Derivatives_Gaming_AzureSecurityCR,decimal,Deprecate,,,
analytics,vw_Fact_AnalyticsMart_AllPartner_MPNID,Az_Derivatives_Integration_AzureSecurityCR,decimal,Deprecate,,,
analytics,vw_Fact_AnalyticsMart_AllPartner_MPNID,Az_Derivatives_Internet_of_Things_AzureSecurityCR,decimal,Deprecate,,,
analytics,vw_Fact_AnalyticsMart_AllPartner_MPNID,Az_Derivatives_Management_and_Governance_AzureSecurityCR,decimal,Deprecate,,,
analytics,vw_Fact_AnalyticsMart_AllPartner_MPNID,Az_Derivatives_Microsoft_Syntex_AzureSecurityCR,decimal,Deprecate,,,
analytics,vw_Fact_AnalyticsMart_AllPartner_MPNID,Az_Derivatives_Mixed_Reality_AzureSecurityCR,decimal,Deprecate,,,
analytics,vw_Fact_AnalyticsMart_AllPartner_MPNID,Az_Derivatives_Mobile_AzureSecurityCR,decimal,Deprecate,,,
analytics,vw_Fact_AnalyticsMart_AllPartner_MPNID,Az_Derivatives_Networking_AzureSecurityCR,decimal,Deprecate,,,
analytics,vw_Fact_AnalyticsMart_AllPartner_MPNID,Az_Derivatives_Other_AzureSecurityCR,decimal,Deprecate,,,
analytics,vw_Fact_AnalyticsMart_AllPartner_MPNID,Az_Derivatives_Power_Platform_AzureSecurityCR,decimal,Deprecate,,,
analytics,vw_Fact_AnalyticsMart_AllPartner_MPNID,Az_Derivatives_Quantum_Computing_AzureSecurityCR,decimal,Deprecate,,,
analytics,vw_Fact_AnalyticsMart_AllPartner_MPNID,Az_Derivatives_Security_AzureSecurityCR,decimal,Deprecate,,,
analytics,vw_Fact_AnalyticsMart_AllPartner_MPNID,Az_Derivatives_Storage_AzureSecurityCR,decimal,Deprecate,,,
analytics,vw_Fact_AnalyticsMart_AllPartner_MPNID,Az_Derivatives_Unknown_AzureSecurityCR,decimal,Deprecate,,,
analytics,vw_Fact_AnalyticsMart_AllPartner_MPNID,Az_Derivatives_Web_AzureSecurityCR,decimal,Deprecate,,,
analytics,vw_Fact_AnalyticsMart_AllPartner_MPNID,Az_Derivatives_Windows_Virtual_Desktop_AzureSecurityCR,decimal,Deprecate,,,
analytics,vw_Fact_AnalyticsMart_AllPartner_MPNID,Az_Derivatives_AI_+_Machine_Learning_AzureAppInnovationCR,decimal,Deprecate,,,
analytics,vw_Fact_AnalyticsMart_AllPartner_MPNID,Az_Derivatives_Analytics_AzureAppInnovationCR,decimal,Deprecate,,,
analytics,vw_Fact_AnalyticsMart_AllPartner_MPNID,Az_Derivatives_Azure_Arc_AzureAppInnovationCR,decimal,Deprecate,,,
analytics,vw_Fact_AnalyticsMart_AllPartner_MPNID,Az_Derivatives_Azure_Communication_Services_AzureAppInnovationCR,decimal,Deprecate,,,
analytics,vw_Fact_AnalyticsMart_AllPartner_MPNID,Az_Derivatives_Azure_Stack_AzureAppInnovationCR,decimal,Deprecate,,,
analytics,vw_Fact_AnalyticsMart_AllPartner_MPNID,Az_Derivatives_Blockchain_AzureAppInnovationCR,decimal,Deprecate,,,
analytics,vw_Fact_AnalyticsMart_AllPartner_MPNID,Az_Derivatives_Compute_AzureAppInnovationCR,decimal,Deprecate,,,
analytics,vw_Fact_AnalyticsMart_AllPartner_MPNID,Az_Derivatives_Containers_AzureAppInnovationCR,decimal,Deprecate,,,
analytics,vw_Fact_AnalyticsMart_AllPartner_MPNID,Az_Derivatives_Databases_AzureAppInnovationCR,decimal,Deprecate,,,
analytics,vw_Fact_AnalyticsMart_AllPartner_MPNID,Az_Derivatives_Developer_Tools_AzureAppInnovationCR,decimal,Deprecate,,,
analytics,vw_Fact_AnalyticsMart_AllPartner_MPNID,Az_Derivatives_Gaming_AzureAppInnovationCR,decimal,Deprecate,,,
analytics,vw_Fact_AnalyticsMart_AllPartner_MPNID,Az_Derivatives_Integration_AzureAppInnovationCR,decimal,Deprecate,,,
analytics,vw_Fact_AnalyticsMart_AllPartner_MPNID,Az_Derivatives_Internet_of_Things_AzureAppInnovationCR,decimal,Deprecate,,,
analytics,vw_Fact_AnalyticsMart_AllPartner_MPNID,Az_Derivatives_Management_and_Governance_AzureAppInnovationCR,decimal,Deprecate,,,
analytics,vw_Fact_AnalyticsMart_AllPartner_MPNID,Az_Derivatives_Microsoft_Syntex_AzureAppInnovationCR,decimal,Deprecate,,,
analytics,vw_Fact_AnalyticsMart_AllPartner_MPNID,Az_Derivatives_Mixed_Reality_AzureAppInnovationCR,decimal,Deprecate,,,
analytics,vw_Fact_AnalyticsMart_AllPartner_MPNID,Az_Derivatives_Mobile_AzureAppInnovationCR,decimal,Deprecate,,,
analytics,vw_Fact_AnalyticsMart_AllPartner_MPNID,Az_Derivatives_Networking_AzureAppInnovationCR,decimal,Deprecate,,,
analytics,vw_Fact_AnalyticsMart_AllPartner_MPNID,Az_Derivatives_Other_AzureAppInnovationCR,decimal,Deprecate,,,
analytics,vw_Fact_AnalyticsMart_AllPartner_MPNID,Az_Derivatives_Power_Platform_AzureAppInnovationCR,decimal,Deprecate,,,
analytics,vw_Fact_AnalyticsMart_AllPartner_MPNID,Az_Derivatives_Quantum_Computing_AzureAppInnovationCR,decimal,Deprecate,,,
analytics,vw_Fact_AnalyticsMart_AllPartner_MPNID,Az_Derivatives_Security_AzureAppInnovationCR,decimal,Deprecate,,,
analytics,vw_Fact_AnalyticsMart_AllPartner_MPNID,Az_Derivatives_Storage_AzureAppInnovationCR,decimal,Deprecate,,,
analytics,vw_Fact_AnalyticsMart_AllPartner_MPNID,Az_Derivatives_Unknown_AzureAppInnovationCR,decimal,Deprecate,,,
analytics,vw_Fact_AnalyticsMart_AllPartner_MPNID,Az_Derivatives_Web_AzureAppInnovationCR,decimal,Deprecate,,,
analytics,vw_Fact_AnalyticsMart_AllPartner_MPNID,Az_Derivatives_Windows_Virtual_Desktop_AzureAppInnovationCR,decimal,Deprecate,,,
analytics,vw_Fact_AnalyticsMart_AllPartner_MPNID,Az_Derivatives_AI_+_Machine_Learning_AzureInfraCR,decimal,Deprecate,,,
analytics,vw_Fact_AnalyticsMart_AllPartner_MPNID,Az_Derivatives_Analytics_AzureInfraCR,decimal,Deprecate,,,
analytics,vw_Fact_AnalyticsMart_AllPartner_MPNID,Az_Derivatives_Azure_Arc_AzureInfraCR,decimal,Deprecate,,,
analytics,vw_Fact_AnalyticsMart_AllPartner_MPNID,Az_Derivatives_Azure_Communication_Services_AzureInfraCR,decimal,Deprecate,,,
analytics,vw_Fact_AnalyticsMart_AllPartner_MPNID,Az_Derivatives_Azure_Stack_AzureInfraCR,decimal,Deprecate,,,
analytics,vw_Fact_AnalyticsMart_AllPartner_MPNID,Az_Derivatives_Blockchain_AzureInfraCR,decimal,Deprecate,,,
analytics,vw_Fact_AnalyticsMart_AllPartner_MPNID,Az_Derivatives_Compute_AzureInfraCR,decimal,Deprecate,,,
analytics,vw_Fact_AnalyticsMart_AllPartner_MPNID,Az_Derivatives_Containers_AzureInfraCR,decimal,Deprecate,,,
analytics,vw_Fact_AnalyticsMart_AllPartner_MPNID,Az_Derivatives_Databases_AzureInfraCR,decimal,Deprecate,,,
analytics,vw_Fact_AnalyticsMart_AllPartner_MPNID,Az_Derivatives_Developer_Tools_AzureInfraCR,decimal,Deprecate,,,
analytics,vw_Fact_AnalyticsMart_AllPartner_MPNID,Az_Derivatives_Gaming_AzureInfraCR,decimal,Deprecate,,,
analytics,vw_Fact_AnalyticsMart_AllPartner_MPNID,Az_Derivatives_Integration_AzureInfraCR,decimal,Deprecate,,,
analytics,vw_Fact_AnalyticsMart_AllPartner_MPNID,Az_Derivatives_Internet_of_Things_AzureInfraCR,decimal,Deprecate,,,
analytics,vw_Fact_AnalyticsMart_AllPartner_MPNID,Az_Derivatives_Management_and_Governance_AzureInfraCR,decimal,Deprecate,,,
analytics,vw_Fact_AnalyticsMart_AllPartner_MPNID,Az_Derivatives_Microsoft_Syntex_AzureInfraCR,decimal,Deprecate,,,
analytics,vw_Fact_AnalyticsMart_AllPartner_MPNID,Az_Derivatives_Mixed_Reality_AzureInfraCR,decimal,Deprecate,,,
analytics,vw_Fact_AnalyticsMart_AllPartner_MPNID,Az_Derivatives_Mobile_AzureInfraCR,decimal,Deprecate,,,
analytics,vw_Fact_AnalyticsMart_AllPartner_MPNID,Az_Derivatives_Networking_AzureInfraCR,decimal,Deprecate,,,
analytics,vw_Fact_AnalyticsMart_AllPartner_MPNID,Az_Derivatives_Other_AzureInfraCR,decimal,Deprecate,,,
analytics,vw_Fact_AnalyticsMart_AllPartner_MPNID,Az_Derivatives_Power_Platform_AzureInfraCR,decimal,Deprecate,,,
analytics,vw_Fact_AnalyticsMart_AllPartner_MPNID,Az_Derivatives_Quantum_Computing_AzureInfraCR,decimal,Deprecate,,,
analytics,vw_Fact_AnalyticsMart_AllPartner_MPNID,Az_Derivatives_Security_AzureInfraCR,decimal,Deprecate,,,
analytics,vw_Fact_AnalyticsMart_AllPartner_MPNID,Az_Derivatives_Storage_AzureInfraCR,decimal,Deprecate,,,
analytics,vw_Fact_AnalyticsMart_AllPartner_MPNID,Az_Derivatives_Unknown_AzureInfraCR,decimal,Deprecate,,,
analytics,vw_Fact_AnalyticsMart_AllPartner_MPNID,Az_Derivatives_Web_AzureInfraCR,decimal,Deprecate,,,
analytics,vw_Fact_AnalyticsMart_AllPartner_MPNID,Az_Derivatives_Windows_Virtual_Desktop_AzureInfraCR,decimal,Deprecate,,,
analytics,vw_Fact_AnalyticsMart_AllPartner_MPNID,Az_Deployment_Count,bigint,Deprecate,,,
analytics,vw_Fact_AnalyticsMart_AllPartner_MPNID,EA_Expiration_Revenue,float,Deprecate,,,
analytics,vw_Fact_AnalyticsMart_AllPartner_MPNID,EA_NotRenewed_Revenue,float,Deprecate,,,
analytics,vw_Fact_AnalyticsMart_AllPartner_MPNID,GTMEngagedUserCount,bigint,Deprecate,,,
analytics,vw_Fact_AnalyticsMart_AllPartner_MPNID,Az_Derivatives_Azure_Data_-_Cross_Functional_ACR,decimal,Deprecate,,,
analytics,vw_Fact_AnalyticsMart_AllPartner_MPNID,Az_Derivatives_Azure_MDC_ACR,decimal,Deprecate,,,
analytics,vw_Fact_AnalyticsMart_AllPartner_MPNID,Az_Derivatives_Azure_Security_ACR,decimal,Deprecate,,,
analytics,vw_Fact_AnalyticsMart_AllPartner_MPNID,Az_Derivatives_Data_ACR,decimal,Deprecate,,,
analytics,vw_Fact_AnalyticsMart_AllPartner_MPNID,Az_Derivatives_Dynamics_ACR,decimal,Deprecate,,,
analytics,vw_Fact_AnalyticsMart_AllPartner_MPNID,Az_Derivatives_Telecommunications_ACR,decimal,Deprecate,,,
analytics,vw_Fact_AnalyticsMart_AllPartner_MPNID,Az_Derivatives_Test_Service_Family_ACR,decimal,Deprecate,,,
analytics,vw_Fact_AnalyticsMart_AllPartner_MPNID,Az_Derivatives_Azure_Data_-_Cross_Functional_DataAICR,decimal,Deprecate,,,
analytics,vw_Fact_AnalyticsMart_AllPartner_MPNID,Az_Derivatives_Azure_MDC_DataAICR,decimal,Deprecate,,,
analytics,vw_Fact_AnalyticsMart_AllPartner_MPNID,Az_Derivatives_Azure_Security_DataAICR,decimal,Deprecate,,,
analytics,vw_Fact_AnalyticsMart_AllPartner_MPNID,Az_Derivatives_Data_DataAICR,decimal,Deprecate,,,
analytics,vw_Fact_AnalyticsMart_AllPartner_MPNID,Az_Derivatives_Dynamics_DataAICR,decimal,Deprecate,,,
analytics,vw_Fact_AnalyticsMart_AllPartner_MPNID,Az_Derivatives_Telecommunications_DataAICR,decimal,Deprecate,,,
analytics,vw_Fact_AnalyticsMart_AllPartner_MPNID,Az_Derivatives_Test_Service_Family_DataAICR,decimal,Deprecate,,,
analytics,vw_Fact_AnalyticsMart_AllPartner_MPNID,Az_Derivatives_Azure_Data_-_Cross_Functional_AzureSecurityCR,decimal,Deprecate,,,
analytics,vw_Fact_AnalyticsMart_AllPartner_MPNID,Az_Derivatives_Azure_MDC_AzureSecurityCR,decimal,Deprecate,,,
analytics,vw_Fact_AnalyticsMart_AllPartner_MPNID,Az_Derivatives_Azure_Security_AzureSecurityCR,decimal,Deprecate,,,
analytics,vw_Fact_AnalyticsMart_AllPartner_MPNID,Az_Derivatives_Data_AzureSecurityCR,decimal,Deprecate,,,
analytics,vw_Fact_AnalyticsMart_AllPartner_MPNID,Az_Derivatives_Dynamics_AzureSecurityCR,decimal,Deprecate,,,
analytics,vw_Fact_AnalyticsMart_AllPartner_MPNID,Az_Derivatives_Telecommunications_AzureSecurityCR,decimal,Deprecate,,,
analytics,vw_Fact_AnalyticsMart_AllPartner_MPNID,Az_Derivatives_Test_Service_Family_AzureSecurityCR,decimal,Deprecate,,,
analytics,vw_Fact_AnalyticsMart_AllPartner_MPNID,Az_Derivatives_Azure_Data_-_Cross_Functional_AzureAppInnovationCR,decimal,Deprecate,,,
analytics,vw_Fact_AnalyticsMart_AllPartner_MPNID,Az_Derivatives_Azure_MDC_AzureAppInnovationCR,decimal,Deprecate,,,
analytics,vw_Fact_AnalyticsMart_AllPartner_MPNID,Az_Derivatives_Azure_Security_AzureAppInnovationCR,decimal,Deprecate,,,
analytics,vw_Fact_AnalyticsMart_AllPartner_MPNID,Az_Derivatives_Telecommunications_AzureAppInnovationCR,decimal,Deprecate,,,
analytics,vw_Fact_AnalyticsMart_AllPartner_MPNID,Az_Derivatives_Test_Service_Family_AzureAppInnovationCR,decimal,Deprecate,,,
analytics,vw_Fact_AnalyticsMart_AllPartner_MPNID,Az_Derivatives_Azure_Data_-_Cross_Functional_AzureInfraCR,decimal,Deprecate,,,
analytics,vw_Fact_AnalyticsMart_AllPartner_MPNID,Inc_Earned_Amount,float,Deprecate,,,
analytics,vw_Fact_AnalyticsMart_AllPartner_MPNID,Inc_Transaction_Amount,float,Deprecate,,,
analytics,vw_Fact_AnalyticsMart_Geography,PartnerOneID,varchar,Deprecate,,,
analytics,vw_Fact_AnalyticsMart_Geography,CalendarDate,varchar,Deprecate,,,
analytics,vw_Fact_AnalyticsMart_Geography,DateKey,bigint,Deprecate,,,
analytics,vw_Fact_AnalyticsMart_Geography,SubsidiaryID,int,Deprecate,,,
analytics,vw_Fact_AnalyticsMart_Geography,SubsidiaryName,varchar,Deprecate,,,
analytics,vw_Fact_AnalyticsMart_Geography,Geographies_ANZ,bigint,Deprecate,,,
analytics,vw_Fact_AnalyticsMart_Geography,Geographies_ASEAN,bigint,Deprecate,,,
analytics,vw_Fact_AnalyticsMart_Geography,Geographies_Canada,bigint,Deprecate,,,
analytics,vw_Fact_AnalyticsMart_Geography,Geographies_MEA,bigint,Deprecate,,,
analytics,vw_Fact_AnalyticsMart_Geography,CoSell_Referrals,bigint,Deprecate,,,
analytics,vw_Fact_AnalyticsMart_Geography,CoSell_Deal_Size,bigint,Deprecate,,,
analytics,vw_Fact_AnalyticsMart_Geography,CoSell_Accepted_Referrals,bigint,Deprecate,,,
analytics,vw_Fact_AnalyticsMart_Geography,CoSell_Declined_Referrals,bigint,Deprecate,,,
analytics,vw_Fact_AnalyticsMart_Geography,GPSCRMAvailableSolutionCount,bigint,Deprecate,,,
analytics,vw_Fact_AnalyticsMart_Geography,GPSCRMTransactableSolutionCount,bigint,Deprecate,,,
analytics,vw_Fact_AnalyticsMart_Geography,Inc_Earned_Amount,float,Deprecate,,,
analytics,vw_Fact_AnalyticsMart_Geography,Inc_Transaction_Amount,float,Deprecate,,,
analytics,vw_Fact_AnalyticsMart_Geography,Inc_Paid_Amount,decimal,Deprecate,,,
analytics,vw_Fact_AnalyticsMart_Geography,MktPl_Total_Referrals,bigint,Deprecate,,,
analytics,vw_Fact_AnalyticsMart_Geography,MktPl_Accepted_Referrals,bigint,Deprecate,,,
analytics,vw_Fact_AnalyticsMart_Geography,MktPl_Closed_Referrals,bigint,Deprecate,,,
analytics,vw_Fact_AnalyticsMart_Geography,MktPl_Outbound_Referrals,bigint,Deprecate,,,
analytics,vw_Fact_AnalyticsMart_Geography,PSXDealCount,bigint,Deprecate,,,
analytics,vw_Fact_AnalyticsMart_Geography,PSXRegisteredDealCount,bigint,Deprecate,,,
analytics,vw_Fact_AnalyticsMart_Geography,QRP_Total_Referrals,bigint,Deprecate,,,
analytics,vw_Fact_AnalyticsMart_Geography,QRP_Accepted_Referrals,bigint,Deprecate,,,
analytics,vw_Fact_AnalyticsMart_Geography,QRP_Declined_Referrals,bigint,Deprecate,,,
analytics,vw_Fact_AnalyticsMart_Geography,QRP_Won_Referrals,bigint,Deprecate,,,
analytics,vw_Fact_AnalyticsMart_Geography,AZ_Solution_Count,bigint,Deprecate,,,
analytics,vw_Fact_AnalyticsMart_Geography,ACR,decimal,Deprecate,,,
analytics,vw_Fact_AnalyticsMart_Geography,PR_ACR,decimal,Deprecate,,,
analytics,vw_Fact_AnalyticsMart_Geography,MBS,float,Deprecate,,,
analytics,vw_Fact_AnalyticsMart_Geography,DataAndAI_ACR,decimal,Deprecate,,,
analytics,vw_Fact_AnalyticsMart_Geography,AzureSecurity_ACR,decimal,Deprecate,,,
analytics,vw_Fact_AnalyticsMart_Geography,AzureAppInnovation_ACR,decimal,Deprecate,,,
analytics,vw_Fact_AnalyticsMart_Geography,AzureInfra_ACR,decimal,Deprecate,,,
analytics,vw_Fact_AnalyticsMart_Geography,Az_Total_Partner_Performance_Distinct_ACR,decimal,Deprecate,,,
analytics,vw_Fact_AnalyticsMart_Geography,Az_Total_Partner_Performance_Distinct_DataAndAI,decimal,Deprecate,,,
analytics,vw_Fact_AnalyticsMart_Geography,Az_Total_Partner_Performance_Distinct_AzureSecurity,decimal,Deprecate,,,
analytics,vw_Fact_AnalyticsMart_Geography,Az_Total_Partner_Performance_Distinct_AzureAppInnovation,decimal,Deprecate,,,
analytics,vw_Fact_AnalyticsMart_Geography,Az_Total_Partner_Performance_Distinct_Infrastructure,decimal,Deprecate,,,
analytics,vw_Fact_AnalyticsMart_Geography,BilledRevenue,decimal,Deprecate,,,
analytics,vw_Fact_AnalyticsMart_Geography,DataAndAI_BilledRevenue,decimal,Deprecate,,,
analytics,vw_Fact_AnalyticsMart_Geography,MW_BilledRevenue,decimal,Deprecate,,,
analytics,vw_Fact_AnalyticsMart_Geography,BizApps_BilledRevenue,decimal,Deprecate,,,
analytics,vw_Fact_AnalyticsMart_Geography,ML_BilledRevenue,decimal,Deprecate,,,
analytics,vw_Fact_AnalyticsMart_Geography,AppsInfra_BilledRevenue,decimal,Deprecate,,,
analytics,vw_Fact_AnalyticsMart_Geography,CSP_ACR,decimal,Deprecate,,,
analytics,vw_Fact_AnalyticsMart_Geography,CSP_BilledRevenue,decimal,Deprecate,,,
analytics,vw_Fact_AnalyticsMart_Geography,Az_Derivatives_AI_+_Machine_Learning_ACR,decimal,Deprecate,,,
analytics,vw_Fact_AnalyticsMart_Geography,Az_Derivatives_Analytics_ACR,decimal,Deprecate,,,
analytics,vw_Fact_AnalyticsMart_Geography,Az_Derivatives_Azure_Arc_ACR,decimal,Deprecate,,,
analytics,vw_Fact_AnalyticsMart_Geography,Az_Derivatives_Azure_Communication_Services_ACR,decimal,Deprecate,,,
analytics,vw_Fact_AnalyticsMart_Geography,Az_Derivatives_Azure_Stack_ACR,decimal,Deprecate,,,
analytics,vw_Fact_AnalyticsMart_Geography,Az_Derivatives_Blockchain_ACR,decimal,Deprecate,,,
analytics,vw_Fact_AnalyticsMart_Geography,Az_Derivatives_Compute_ACR,decimal,Deprecate,,,
analytics,vw_Fact_AnalyticsMart_Geography,Az_Derivatives_Containers_ACR,decimal,Deprecate,,,
analytics,vw_Fact_AnalyticsMart_Geography,Az_Derivatives_Databases_ACR,decimal,Deprecate,,,
analytics,vw_Fact_AnalyticsMart_Geography,Az_Derivatives_Developer_Tools_ACR,decimal,Deprecate,,,
analytics,vw_Fact_AnalyticsMart_Geography,Az_Derivatives_Gaming_ACR,decimal,Deprecate,,,
analytics,vw_Fact_AnalyticsMart_Geography,Az_Derivatives_Integration_ACR,decimal,Deprecate,,,
analytics,vw_Fact_AnalyticsMart_Geography,Az_Derivatives_Internet_of_Things_ACR,decimal,Deprecate,,,
analytics,vw_Fact_AnalyticsMart_Geography,Az_Derivatives_Management_and_Governance_ACR,decimal,Deprecate,,,
analytics,vw_Fact_AnalyticsMart_Geography,Az_Derivatives_Microsoft_Syntex_ACR,decimal,Deprecate,,,
analytics,vw_Fact_AnalyticsMart_Geography,Az_Derivatives_Mixed_Reality_ACR,decimal,Deprecate,,,
analytics,vw_Fact_AnalyticsMart_Geography,Az_Derivatives_Mobile_ACR,decimal,Deprecate,,,
analytics,vw_Fact_AnalyticsMart_Geography,Az_Derivatives_Power_Platform_ACR,decimal,Deprecate,,,
analytics,vw_Fact_AnalyticsMart_Geography,Az_Derivatives_Quantum_Computing_ACR,decimal,Deprecate,,,
analytics,vw_Fact_AnalyticsMart_Geography,Az_Derivatives_Security_ACR,decimal,Deprecate,,,
analytics,vw_Fact_AnalyticsMart_Geography,Az_Derivatives_Storage_ACR,decimal,Deprecate,,,
analytics,vw_Fact_AnalyticsMart_Geography,Az_Derivatives_Unknown_ACR,decimal,Deprecate,,,
analytics,vw_Fact_AnalyticsMart_Geography,Az_Derivatives_Web_ACR,decimal,Deprecate,,,
analytics,vw_Fact_AnalyticsMart_Geography,Az_Derivatives_Windows_Virtual_Desktop_ACR,decimal,Deprecate,,,
analytics,vw_Fact_AnalyticsMart_Geography,Az_Derivatives_AI_+_Machine_Learning_DataAICR,decimal,Deprecate,,,
analytics,vw_Fact_AnalyticsMart_Geography,Az_Derivatives_Analytics_DataAICR,decimal,Deprecate,,,
analytics,vw_Fact_AnalyticsMart_Geography,Az_Derivatives_Azure_Arc_DataAICR,decimal,Deprecate,,,
analytics,vw_Fact_AnalyticsMart_Geography,Az_Derivatives_Azure_Communication_Services_DataAICR,decimal,Deprecate,,,
analytics,vw_Fact_AnalyticsMart_Geography,Az_Derivatives_Azure_Stack_DataAICR,decimal,Deprecate,,,
analytics,vw_Fact_AnalyticsMart_Geography,Az_Derivatives_Blockchain_DataAICR,decimal,Deprecate,,,
analytics,vw_Fact_AnalyticsMart_Geography,Az_Derivatives_Compute_DataAICR,decimal,Deprecate,,,
analytics,vw_Fact_AnalyticsMart_Geography,Az_Derivatives_Containers_DataAICR,decimal,Deprecate,,,
analytics,vw_Fact_AnalyticsMart_Geography,Az_Derivatives_Databases_DataAICR,decimal,Deprecate,,,
analytics,vw_Fact_AnalyticsMart_Geography,Az_Derivatives_Developer_Tools_DataAICR,decimal,Deprecate,,,
analytics,vw_Fact_AnalyticsMart_Geography,Az_Derivatives_Gaming_DataAICR,decimal,Deprecate,,,
analytics,vw_Fact_AnalyticsMart_Geography,Az_Derivatives_Integration_DataAICR,decimal,Deprecate,,,
analytics,vw_Fact_AnalyticsMart_Geography,Az_Derivatives_Internet_of_Things_DataAICR,decimal,Deprecate,,,
analytics,vw_Fact_AnalyticsMart_Geography,Az_Derivatives_Management_and_Governance_DataAICR,decimal,Deprecate,,,
analytics,vw_Fact_AnalyticsMart_Geography,Az_Derivatives_Microsoft_Syntex_DataAICR,decimal,Deprecate,,,
analytics,vw_Fact_AnalyticsMart_Geography,Az_Derivatives_Mixed_Reality_DataAICR,decimal,Deprecate,,,
analytics,vw_Fact_AnalyticsMart_Geography,Az_Derivatives_Mobile_DataAICR,decimal,Deprecate,,,
analytics,vw_Fact_AnalyticsMart_Geography,Az_Derivatives_Networking_DataAICR,decimal,Deprecate,,,
analytics,vw_Fact_AnalyticsMart_Geography,Az_Derivatives_Other_DataAICR,decimal,Deprecate,,,
analytics,vw_Fact_AnalyticsMart_Geography,Az_Derivatives_Power_Platform_DataAICR,decimal,Deprecate,,,
analytics,vw_Fact_AnalyticsMart_Geography,Az_Derivatives_Quantum_Computing_DataAICR,decimal,Deprecate,,,
analytics,vw_Fact_AnalyticsMart_Geography,Az_Derivatives_Security_DataAICR,decimal,Deprecate,,,
analytics,vw_Fact_AnalyticsMart_Geography,Az_Derivatives_Storage_DataAICR,decimal,Deprecate,,,
analytics,vw_Fact_AnalyticsMart_Geography,Az_Derivatives_Unknown_DataAICR,decimal,Deprecate,,,
analytics,vw_Fact_AnalyticsMart_Geography,Az_Derivatives_Web_DataAICR,decimal,Deprecate,,,
analytics,vw_Fact_AnalyticsMart_Geography,Az_Derivatives_Windows_Virtual_Desktop_DataAICR,decimal,Deprecate,,,
analytics,vw_Fact_AnalyticsMart_Geography,Az_Derivatives_AI_+_Machine_Learning_AzureSecurityCR,decimal,Deprecate,,,
analytics,vw_Fact_AnalyticsMart_Geography,Az_Derivatives_Analytics_AzureSecurityCR,decimal,Deprecate,,,
analytics,vw_Fact_AnalyticsMart_Geography,Az_Derivatives_Azure_Arc_AzureSecurityCR,decimal,Deprecate,,,
analytics,vw_Fact_AnalyticsMart_Geography,Az_Derivatives_Azure_Communication_Services_AzureSecurityCR,decimal,Deprecate,,,
analytics,vw_Fact_AnalyticsMart_Geography,Az_Derivatives_Azure_Stack_AzureSecurityCR,decimal,Deprecate,,,
analytics,vw_Fact_AnalyticsMart_Geography,Az_Derivatives_Blockchain_AzureSecurityCR,decimal,Deprecate,,,
analytics,vw_Fact_AnalyticsMart_Geography,Az_Derivatives_Compute_AzureSecurityCR,decimal,Deprecate,,,
analytics,vw_Fact_AnalyticsMart_Geography,Az_Derivatives_Containers_AzureSecurityCR,decimal,Deprecate,,,
analytics,vw_Fact_AnalyticsMart_Geography,Az_Derivatives_Databases_AzureSecurityCR,decimal,Deprecate,,,
analytics,vw_Fact_AnalyticsMart_Geography,Az_Derivatives_Developer_Tools_AzureSecurityCR,decimal,Deprecate,,,
analytics,vw_Fact_AnalyticsMart_Geography,Az_Derivatives_Gaming_AzureSecurityCR,decimal,Deprecate,,,
analytics,vw_Fact_AnalyticsMart_Geography,Az_Derivatives_Integration_AzureSecurityCR,decimal,Deprecate,,,
analytics,vw_Fact_AnalyticsMart_Geography,Az_Derivatives_Internet_of_Things_AzureSecurityCR,decimal,Deprecate,,,
analytics,vw_Fact_AnalyticsMart_Geography,Az_Derivatives_Management_and_Governance_AzureSecurityCR,decimal,Deprecate,,,
analytics,vw_Fact_AnalyticsMart_Geography,Az_Derivatives_Microsoft_Syntex_AzureSecurityCR,decimal,Deprecate,,,
analytics,vw_Fact_AnalyticsMart_Geography,Az_Derivatives_Mixed_Reality_AzureSecurityCR,decimal,Deprecate,,,
analytics,vw_Fact_AnalyticsMart_Geography,Az_Derivatives_Mobile_AzureSecurityCR,decimal,Deprecate,,,
analytics,vw_Fact_AnalyticsMart_Geography,Az_Derivatives_Networking_AzureSecurityCR,decimal,Deprecate,,,
analytics,vw_Fact_AnalyticsMart_Geography,Az_Derivatives_Other_AzureSecurityCR,decimal,Deprecate,,,
analytics,vw_Fact_AnalyticsMart_Geography,Az_Derivatives_Power_Platform_AzureSecurityCR,decimal,Deprecate,,,
analytics,vw_Fact_AnalyticsMart_Geography,Az_Derivatives_Quantum_Computing_AzureSecurityCR,decimal,Deprecate,,,
analytics,vw_Fact_AnalyticsMart_Geography,Az_Derivatives_Security_AzureSecurityCR,decimal,Deprecate,,,
analytics,vw_Fact_AnalyticsMart_Geography,Az_Derivatives_Storage_AzureSecurityCR,decimal,Deprecate,,,
analytics,vw_Fact_AnalyticsMart_Geography,Az_Derivatives_Unknown_AzureSecurityCR,decimal,Deprecate,,,
analytics,vw_Fact_AnalyticsMart_Geography,Az_Derivatives_Web_AzureSecurityCR,decimal,Deprecate,,,
analytics,vw_Fact_AnalyticsMart_Geography,Az_Derivatives_Windows_Virtual_Desktop_AzureSecurityCR,decimal,Deprecate,,,
analytics,vw_Fact_AnalyticsMart_Geography,Az_Derivatives_AI_+_Machine_Learning_AzureAppInnovationCR,decimal,Deprecate,,,
analytics,vw_Fact_AnalyticsMart_Geography,Az_Derivatives_Analytics_AzureAppInnovationCR,decimal,Deprecate,,,
analytics,vw_Fact_AnalyticsMart_Geography,Az_Derivatives_Azure_Arc_AzureAppInnovationCR,decimal,Deprecate,,,
analytics,vw_Fact_AnalyticsMart_Geography,Az_Derivatives_Azure_Communication_Services_AzureAppInnovationCR,decimal,Deprecate,,,
analytics,vw_Fact_AnalyticsMart_Geography,Az_Derivatives_Azure_Stack_AzureAppInnovationCR,decimal,Deprecate,,,
analytics,vw_Fact_AnalyticsMart_Geography,Az_Derivatives_Blockchain_AzureAppInnovationCR,decimal,Deprecate,,,
analytics,vw_Fact_AnalyticsMart_Geography,Az_Derivatives_Compute_AzureAppInnovationCR,decimal,Deprecate,,,
analytics,vw_Fact_AnalyticsMart_Geography,Az_Derivatives_Containers_AzureAppInnovationCR,decimal,Deprecate,,,
analytics,vw_Fact_AnalyticsMart_Geography,Az_Derivatives_Databases_AzureAppInnovationCR,decimal,Deprecate,,,
analytics,vw_Fact_AnalyticsMart_Geography,Az_Derivatives_Developer_Tools_AzureAppInnovationCR,decimal,Deprecate,,,
analytics,vw_Fact_AnalyticsMart_Geography,Az_Derivatives_Gaming_AzureAppInnovationCR,decimal,Deprecate,,,
analytics,vw_Fact_AnalyticsMart_Geography,Az_Derivatives_Integration_AzureAppInnovationCR,decimal,Deprecate,,,
analytics,vw_Fact_AnalyticsMart_Geography,Az_Derivatives_Internet_of_Things_AzureAppInnovationCR,decimal,Deprecate,,,
analytics,vw_Fact_AnalyticsMart_Geography,Az_Derivatives_Management_and_Governance_AzureAppInnovationCR,decimal,Deprecate,,,
analytics,vw_Fact_AnalyticsMart_Geography,Az_Derivatives_Microsoft_Syntex_AzureAppInnovationCR,decimal,Deprecate,,,
analytics,vw_Fact_AnalyticsMart_Geography,Az_Derivatives_Mixed_Reality_AzureAppInnovationCR,decimal,Deprecate,,,
analytics,vw_Fact_AnalyticsMart_Geography,Az_Derivatives_Mobile_AzureAppInnovationCR,decimal,Deprecate,,,
analytics,vw_Fact_AnalyticsMart_Geography,Az_Derivatives_Networking_AzureAppInnovationCR,decimal,Deprecate,,,
analytics,vw_Fact_AnalyticsMart_Geography,Az_Derivatives_Other_AzureAppInnovationCR,decimal,Deprecate,,,
analytics,vw_Fact_AnalyticsMart_Geography,Az_Derivatives_Power_Platform_AzureAppInnovationCR,decimal,Deprecate,,,
analytics,vw_Fact_AnalyticsMart_Geography,Az_Derivatives_Quantum_Computing_AzureAppInnovationCR,decimal,Deprecate,,,
analytics,vw_Fact_AnalyticsMart_Geography,Az_Derivatives_Security_AzureAppInnovationCR,decimal,Deprecate,,,
analytics,vw_Fact_AnalyticsMart_Geography,Az_Derivatives_Storage_AzureAppInnovationCR,decimal,Deprecate,,,
analytics,vw_Fact_AnalyticsMart_Geography,Az_Derivatives_Unknown_AzureAppInnovationCR,decimal,Deprecate,,,
analytics,vw_Fact_AnalyticsMart_Geography,Az_Derivatives_Web_AzureAppInnovationCR,decimal,Deprecate,,,
analytics,vw_Fact_AnalyticsMart_Geography,Az_Derivatives_Windows_Virtual_Desktop_AzureAppInnovationCR,decimal,Deprecate,,,
analytics,vw_Fact_AnalyticsMart_Geography,Az_Derivatives_AI_+_Machine_Learning_AzureInfraCR,decimal,Deprecate,,,
analytics,vw_Fact_AnalyticsMart_Geography,Az_Derivatives_Analytics_AzureInfraCR,decimal,Deprecate,,,
analytics,vw_Fact_AnalyticsMart_Geography,Az_Derivatives_Azure_Arc_AzureInfraCR,decimal,Deprecate,,,
analytics,vw_Fact_AnalyticsMart_Geography,Az_Derivatives_Azure_Communication_Services_AzureInfraCR,decimal,Deprecate,,,
analytics,vw_Fact_AnalyticsMart_Geography,Az_Derivatives_Azure_Stack_AzureInfraCR,decimal,Deprecate,,,
analytics,vw_Fact_AnalyticsMart_Geography,Az_Derivatives_Blockchain_AzureInfraCR,decimal,Deprecate,,,
analytics,vw_Fact_AnalyticsMart_Geography,Az_Derivatives_Compute_AzureInfraCR,decimal,Deprecate,,,
analytics,vw_Fact_AnalyticsMart_Geography,Az_Derivatives_Containers_AzureInfraCR,decimal,Deprecate,,,
analytics,vw_Fact_AnalyticsMart_Geography,Az_Derivatives_Databases_AzureInfraCR,decimal,Deprecate,,,
analytics,vw_Fact_AnalyticsMart_Geography,Az_Derivatives_Developer_Tools_AzureInfraCR,decimal,Deprecate,,,
analytics,vw_Fact_AnalyticsMart_Geography,Az_Derivatives_Gaming_AzureInfraCR,decimal,Deprecate,,,
analytics,vw_Fact_AnalyticsMart_Geography,Az_Derivatives_Integration_AzureInfraCR,decimal,Deprecate,,,
analytics,vw_Fact_AnalyticsMart_Geography,Az_Derivatives_Internet_of_Things_AzureInfraCR,decimal,Deprecate,,,
analytics,vw_Fact_AnalyticsMart_Geography,Az_Derivatives_Management_and_Governance_AzureInfraCR,decimal,Deprecate,,,
analytics,vw_Fact_AnalyticsMart_Geography,Az_Derivatives_Microsoft_Syntex_AzureInfraCR,decimal,Deprecate,,,
analytics,vw_Fact_AnalyticsMart_Geography,Az_Derivatives_Mixed_Reality_AzureInfraCR,decimal,Deprecate,,,
analytics,vw_Fact_AnalyticsMart_Geography,Az_Derivatives_Mobile_AzureInfraCR,decimal,Deprecate,,,
analytics,vw_Fact_AnalyticsMart_Geography,Az_Derivatives_Networking_AzureInfraCR,decimal,Deprecate,,,
analytics,vw_Fact_AnalyticsMart_Geography,Az_Derivatives_Other_AzureInfraCR,decimal,Deprecate,,,
analytics,vw_Fact_AnalyticsMart_Geography,Az_Derivatives_Power_Platform_AzureInfraCR,decimal,Deprecate,,,
analytics,vw_Fact_AnalyticsMart_Geography,Az_Derivatives_Quantum_Computing_AzureInfraCR,decimal,Deprecate,,,
analytics,vw_Fact_AnalyticsMart_Geography,Az_Derivatives_Security_AzureInfraCR,decimal,Deprecate,,,
analytics,vw_Fact_AnalyticsMart_Geography,Az_Derivatives_Storage_AzureInfraCR,decimal,Deprecate,,,
analytics,vw_Fact_AnalyticsMart_Geography,Az_Derivatives_Unknown_AzureInfraCR,decimal,Deprecate,,,
analytics,vw_Fact_AnalyticsMart_Geography,Az_Derivatives_Web_AzureInfraCR,decimal,Deprecate,,,
analytics,vw_Fact_AnalyticsMart_Geography,Az_Derivatives_Windows_Virtual_Desktop_AzureInfraCR,decimal,Deprecate,,,
analytics,vw_Fact_AnalyticsMart_Geography,EA_Expiration_Revenue,float,Deprecate,,,
analytics,vw_Fact_AnalyticsMart_Geography,EA_NotRenewed_Revenue,float,Deprecate,,,
analytics,vw_Fact_AnalyticsMart_Geography,Solution_Workspaces_Engagement_Count_Digitally_Transitioned,varchar,Deprecate,,,
analytics,vw_Fact_AnalyticsMart_Geography,Solution_Workspaces_Engagement_Count_Digitally_Created,varchar,Deprecate,,,
analytics,vw_Fact_AnalyticsMart_Geography,FRA,decimal,Deprecate,,,
analytics,vw_Fact_AnalyticsMart_Geography,GTMEngagedUserCount,bigint,Deprecate,,,
analytics,vw_Fact_AnalyticsMart_Geography,Az_Derivatives_Azure_Data_-_Cross_Functional_ACR,decimal,Deprecate,,,
analytics,vw_Fact_AnalyticsMart_Geography,Az_Derivatives_Azure_MDC_ACR,decimal,Deprecate,,,
analytics,vw_Fact_AnalyticsMart_Geography,Az_Derivatives_Azure_Security_ACR,decimal,Deprecate,,,
analytics,vw_Fact_AnalyticsMart_Geography,Az_Derivatives_Data_ACR,decimal,Deprecate,,,
analytics,vw_Fact_AnalyticsMart_Geography,Az_Derivatives_Dynamics_ACR,decimal,Deprecate,,,
analytics,vw_Fact_AnalyticsMart_Geography,Az_Derivatives_Telecommunications_ACR,decimal,Deprecate,,,
analytics,vw_Fact_AnalyticsMart_Geography,Az_Derivatives_Test_Service_Family_ACR,decimal,Deprecate,,,
analytics,vw_Fact_AnalyticsMart_Geography,Az_Derivatives_Azure_Data_-_Cross_Functional_DataAICR,decimal,Deprecate,,,
analytics,vw_Fact_AnalyticsMart_Geography,Az_Derivatives_Azure_MDC_DataAICR,decimal,Deprecate,,,
analytics,vw_Fact_AnalyticsMart_Geography,Az_Derivatives_Azure_Security_DataAICR,decimal,Deprecate,,,
analytics,vw_Fact_AnalyticsMart_Geography,Az_Derivatives_Data_DataAICR,decimal,Deprecate,,,
analytics,vw_Fact_AnalyticsMart_Geography,Az_Derivatives_Dynamics_DataAICR,decimal,Deprecate,,,
analytics,vw_Fact_AnalyticsMart_Geography,Az_Derivatives_Telecommunications_DataAICR,decimal,Deprecate,,,
analytics,vw_Fact_AnalyticsMart_Geography,Az_Derivatives_Test_Service_Family_DataAICR,decimal,Deprecate,,,
analytics,vw_Fact_AnalyticsMart_Managed,PartnerOneID,varchar,Deprecate,,,
analytics,vw_Fact_AnalyticsMart_Managed,CalendarDate,varchar,Deprecate,,,
analytics,vw_Fact_AnalyticsMart_Managed,DateKey,bigint,Deprecate,,,
analytics,vw_Fact_AnalyticsMart_Managed,ASPs_Attempted,bigint,Deprecate,,,
analytics,vw_Fact_AnalyticsMart_Managed,ASPs_Approved,bigint,Deprecate,,,
analytics,vw_Fact_AnalyticsMart_Managed,CountofBusinessProfiles,bigint,Deprecate,,,
analytics,vw_Fact_AnalyticsMart_Managed,Inv_Compl_Learning_Path,bigint,Deprecate,,,
analytics,vw_Fact_AnalyticsMart_Managed,Inv_Compl_Module,bigint,Deprecate,,,
analytics,vw_Fact_AnalyticsMart_Managed,Geographies_ANZ,bigint,Deprecate,,,
analytics,vw_Fact_AnalyticsMart_Managed,Geographies_ASEAN,bigint,Deprecate,,,
analytics,vw_Fact_AnalyticsMart_Managed,Geographies_Canada,bigint,Deprecate,,,
analytics,vw_Fact_AnalyticsMart_Managed,Geographies_MEA,bigint,Deprecate,,,
analytics,vw_Fact_AnalyticsMart_Managed,Geographies_France,bigint,Deprecate,,,
analytics,vw_Fact_AnalyticsMart_Managed,Geographies_Germany_&_Austria,bigint,Deprecate,,,
analytics,vw_Fact_AnalyticsMart_Managed,Geographies_Greater_China,bigint,Deprecate,,,
analytics,vw_Fact_AnalyticsMart_Managed,Geographies_India,bigint,Deprecate,,,
analytics,vw_Fact_AnalyticsMart_Managed,Geographies_Japan,bigint,Deprecate,,,
analytics,vw_Fact_AnalyticsMart_Managed,Geographies_Korea,bigint,Deprecate,,,
analytics,vw_Fact_AnalyticsMart_Managed,Geographies_Latam,bigint,Deprecate,,,
analytics,vw_Fact_AnalyticsMart_Managed,Geographies_Netherlands,bigint,Deprecate,,,
analytics,vw_Fact_AnalyticsMart_Managed,Geographies_Switzerland,bigint,Deprecate,,,
analytics,vw_Fact_AnalyticsMart_Managed,Geographies_UK_&_Ireland,bigint,Deprecate,,,
analytics,vw_Fact_AnalyticsMart_Managed,Geographies_United_States,bigint,Deprecate,,,
analytics,vw_Fact_AnalyticsMart_Managed,Geographies_North_Europe,bigint,Deprecate,,,
analytics,vw_Fact_AnalyticsMart_Managed,Geographies_South_Europe,bigint,Deprecate,,,
analytics,vw_Fact_AnalyticsMart_Managed,ISV,int,Deprecate,,,
analytics,vw_Fact_AnalyticsMart_Managed,Orig_MembershipStart,date,Deprecate,,,
analytics,vw_Fact_AnalyticsMart_Managed,MonthsInMPN,int,Deprecate,,,
analytics,vw_Fact_AnalyticsMart_Managed,IsSPL,varchar,Deprecate,,,
analytics,vw_Fact_AnalyticsMart_Managed,MembershipLevel,varchar,Deprecate,,,
analytics,vw_Fact_AnalyticsMart_Managed,Cur_MembershipStart,varchar,Deprecate,,,
analytics,vw_Fact_AnalyticsMart_Managed,MonthsAtLevel,int,Deprecate,,,
analytics,vw_Fact_AnalyticsMart_Managed,CoSell_Referrals,bigint,Deprecate,,,
analytics,vw_Fact_AnalyticsMart_Managed,CoSell_Deal_Size,bigint,Deprecate,,,
analytics,vw_Fact_AnalyticsMart_Managed,CoSell_Accepted_Referrals,bigint,Deprecate,,,
analytics,vw_Fact_AnalyticsMart_Managed,CoSell_Declined_Referrals,bigint,Deprecate,,,
analytics,vw_Fact_AnalyticsMart_Managed,CoSell_Won_Referrals,bigint,Deprecate,,,
analytics,vw_Fact_AnalyticsMart_Managed,GPSCRMSolutionCount,bigint,Deprecate,,,
analytics,vw_Fact_AnalyticsMart_Managed,GPSCRMAvailableSolutionCount,bigint,Deprecate,,,
analytics,vw_Fact_AnalyticsMart_Managed,GPSCRMTransactableSolutionCount,bigint,Deprecate,,,
analytics,vw_Fact_AnalyticsMart_Managed,Inc_Earned_Amount,float,Deprecate,,,
analytics,vw_Fact_AnalyticsMart_Managed,Inc_Transaction_Amount,float,Deprecate,,,
analytics,vw_Fact_AnalyticsMart_Managed,Inc_Paid_Amount,decimal,Deprecate,,,
analytics,vw_Fact_AnalyticsMart_Managed,Inv_Approved_Amount,decimal,Deprecate,,,
analytics,vw_Fact_AnalyticsMart_Managed,Inv_Requested_Amount,decimal,Deprecate,,,
analytics,vw_Fact_AnalyticsMart_Managed,MktPl_Total_Referrals,bigint,Deprecate,,,
analytics,vw_Fact_AnalyticsMart_Managed,MktPl_Accepted_Referrals,bigint,Deprecate,,,
analytics,vw_Fact_AnalyticsMart_Managed,MktPl_Closed_Referrals,bigint,Deprecate,,,
analytics,vw_Fact_AnalyticsMart_Managed,MktPl_Outbound_Referrals,bigint,Deprecate,,,
analytics,vw_Fact_AnalyticsMart_Managed,PSXDealCount,bigint,Deprecate,,,
analytics,vw_Fact_AnalyticsMart_Managed,PSXRegisteredDealCount,bigint,Deprecate,,,
analytics,vw_Fact_AnalyticsMart_Managed,QRP_Total_Referrals,bigint,Deprecate,,,
analytics,vw_Fact_AnalyticsMart_Managed,QRP_Accepted_Referrals,bigint,Deprecate,,,
analytics,vw_Fact_AnalyticsMart_Managed,QRP_Declined_Referrals,bigint,Deprecate,,,
analytics,vw_Fact_AnalyticsMart_Managed,QRP_Won_Referrals,bigint,Deprecate,,,
analytics,vw_Fact_AnalyticsMart_Managed,AZ_Solution_Count,bigint,Deprecate,,,
analytics,vw_Fact_AnalyticsMart_Managed,ACR,decimal,Deprecate,,,
analytics,vw_Fact_AnalyticsMart_Managed,PR_ACR,decimal,Deprecate,,,
analytics,vw_Fact_AnalyticsMart_Managed,MBS,float,Deprecate,,,
analytics,vw_Fact_AnalyticsMart_Managed,DataAndAI_ACR,decimal,Deprecate,,,
analytics,vw_Fact_AnalyticsMart_Managed,AzureSecurity_ACR,decimal,Deprecate,,,
analytics,vw_Fact_AnalyticsMart_Managed,AzureAppInnovation_ACR,decimal,Deprecate,,,
analytics,vw_Fact_AnalyticsMart_Managed,AzureInfra_ACR,decimal,Deprecate,,,
analytics,vw_Fact_AnalyticsMart_Managed,Az_Total_Partner_Performance_Distinct_ACR,decimal,Deprecate,,,
analytics,vw_Fact_AnalyticsMart_Managed,Az_Total_Partner_Performance_Distinct_DataAndAI,decimal,Deprecate,,,
analytics,vw_Fact_AnalyticsMart_Managed,Az_Total_Partner_Performance_Distinct_AzureSecurity,decimal,Deprecate,,,
analytics,vw_Fact_AnalyticsMart_Managed,Az_Total_Partner_Performance_Distinct_AzureAppInnovation,decimal,Deprecate,,,
analytics,vw_Fact_AnalyticsMart_Managed,Az_Total_Partner_Performance_Distinct_Infrastructure,decimal,Deprecate,,,
analytics,vw_Fact_AnalyticsMart_Managed,BilledRevenue,decimal,Deprecate,,,
analytics,vw_Fact_AnalyticsMart_Managed,DataAndAI_BilledRevenue,decimal,Deprecate,,,
analytics,vw_Fact_AnalyticsMart_Managed,MW_BilledRevenue,decimal,Deprecate,,,
analytics,vw_Fact_AnalyticsMart_Managed,BizApps_BilledRevenue,decimal,Deprecate,,,
analytics,vw_Fact_AnalyticsMart_Managed,ML_BilledRevenue,decimal,Deprecate,,,
analytics,vw_Fact_AnalyticsMart_Managed,AppsInfra_BilledRevenue,decimal,Deprecate,,,
analytics,vw_Fact_AnalyticsMart_Managed,CSP_ACR,decimal,Deprecate,,,
analytics,vw_Fact_AnalyticsMart_Managed,CSP_BilledRevenue,decimal,Deprecate,,,
analytics,vw_Fact_AnalyticsMart_Managed,Az_Derivatives_AI_+_Machine_Learning_ACR,decimal,Deprecate,,,
analytics,vw_Fact_AnalyticsMart_Managed,Az_Derivatives_Analytics_ACR,decimal,Deprecate,,,
analytics,vw_Fact_AnalyticsMart_Managed,Az_Derivatives_Azure_Arc_ACR,decimal,Deprecate,,,
analytics,vw_Fact_AnalyticsMart_Managed,Az_Derivatives_Azure_Communication_Services_ACR,decimal,Deprecate,,,
analytics,vw_Fact_AnalyticsMart_Managed,Az_Derivatives_Azure_Stack_ACR,decimal,Deprecate,,,
analytics,vw_Fact_AnalyticsMart_Managed,Az_Derivatives_Blockchain_ACR,decimal,Deprecate,,,
analytics,vw_Fact_AnalyticsMart_Managed,Az_Derivatives_Compute_ACR,decimal,Deprecate,,,
analytics,vw_Fact_AnalyticsMart_Managed,Az_Derivatives_Containers_ACR,decimal,Deprecate,,,
analytics,vw_Fact_AnalyticsMart_Managed,Az_Derivatives_Databases_ACR,decimal,Deprecate,,,
analytics,vw_Fact_AnalyticsMart_Managed,Az_Derivatives_Developer_Tools_ACR,decimal,Deprecate,,,
analytics,vw_Fact_AnalyticsMart_Managed,Az_Derivatives_Gaming_ACR,decimal,Deprecate,,,
analytics,vw_Fact_AnalyticsMart_Managed,Az_Derivatives_Integration_ACR,decimal,Deprecate,,,
analytics,vw_Fact_AnalyticsMart_Managed,Az_Derivatives_Internet_of_Things_ACR,decimal,Deprecate,,,
analytics,vw_Fact_AnalyticsMart_Managed,Az_Derivatives_Management_and_Governance_ACR,decimal,Deprecate,,,
analytics,vw_Fact_AnalyticsMart_Managed,Az_Derivatives_Microsoft_Syntex_ACR,decimal,Deprecate,,,
analytics,vw_Fact_AnalyticsMart_Managed,Az_Derivatives_Mixed_Reality_ACR,decimal,Deprecate,,,
analytics,vw_Fact_AnalyticsMart_Managed,Az_Derivatives_Mobile_ACR,decimal,Deprecate,,,
analytics,vw_Fact_AnalyticsMart_Managed,Az_Derivatives_Networking_ACR,decimal,Deprecate,,,
analytics,vw_Fact_AnalyticsMart_Managed,Az_Derivatives_Other_ACR,decimal,Deprecate,,,
analytics,vw_Fact_AnalyticsMart_Managed,Az_Derivatives_Power_Platform_ACR,decimal,Deprecate,,,
analytics,vw_Fact_AnalyticsMart_Managed,Az_Derivatives_Quantum_Computing_ACR,decimal,Deprecate,,,
analytics,vw_Fact_AnalyticsMart_Managed,Az_Derivatives_Security_ACR,decimal,Deprecate,,,
analytics,vw_Fact_AnalyticsMart_Managed,Az_Derivatives_Storage_ACR,decimal,Deprecate,,,
analytics,vw_Fact_AnalyticsMart_Managed,Az_Derivatives_Unknown_ACR,decimal,Deprecate,,,
analytics,vw_Fact_AnalyticsMart_Managed,Az_Derivatives_Web_ACR,decimal,Deprecate,,,
analytics,vw_Fact_AnalyticsMart_Managed,Az_Derivatives_Windows_Virtual_Desktop_ACR,decimal,Deprecate,,,
analytics,vw_Fact_AnalyticsMart_Managed,Az_Derivatives_AI_+_Machine_Learning_DataAICR,decimal,Deprecate,,,
analytics,vw_Fact_AnalyticsMart_Managed,Az_Derivatives_Analytics_DataAICR,decimal,Deprecate,,,
analytics,vw_Fact_AnalyticsMart_Managed,Az_Derivatives_Azure_Arc_DataAICR,decimal,Deprecate,,,
analytics,vw_Fact_AnalyticsMart_Managed,Az_Derivatives_Azure_Communication_Services_DataAICR,decimal,Deprecate,,,
analytics,vw_Fact_AnalyticsMart_Managed,Az_Derivatives_Azure_Stack_DataAICR,decimal,Deprecate,,,
analytics,vw_Fact_AnalyticsMart_Managed,Az_Derivatives_Blockchain_DataAICR,decimal,Deprecate,,,
analytics,vw_Fact_AnalyticsMart_Managed,Az_Derivatives_Compute_DataAICR,decimal,Deprecate,,,
analytics,vw_Fact_AnalyticsMart_Managed,Az_Derivatives_Containers_DataAICR,decimal,Deprecate,,,
analytics,vw_Fact_AnalyticsMart_Managed,Az_Derivatives_Databases_DataAICR,decimal,Deprecate,,,
analytics,vw_Fact_AnalyticsMart_Managed,Az_Derivatives_Developer_Tools_DataAICR,decimal,Deprecate,,,
analytics,vw_Fact_AnalyticsMart_Managed,Az_Derivatives_Gaming_DataAICR,decimal,Deprecate,,,
analytics,vw_Fact_AnalyticsMart_Managed,Az_Derivatives_Integration_DataAICR,decimal,Deprecate,,,
analytics,vw_Fact_AnalyticsMart_Managed,Az_Derivatives_Internet_of_Things_DataAICR,decimal,Deprecate,,,
analytics,vw_Fact_AnalyticsMart_Managed,Az_Derivatives_Management_and_Governance_DataAICR,decimal,Deprecate,,,
analytics,vw_Fact_AnalyticsMart_Managed,Az_Derivatives_Microsoft_Syntex_DataAICR,decimal,Deprecate,,,
analytics,vw_Fact_AnalyticsMart_Managed,Az_Derivatives_Mixed_Reality_DataAICR,decimal,Deprecate,,,
analytics,vw_Fact_AnalyticsMart_Managed,Az_Derivatives_Mobile_DataAICR,decimal,Deprecate,,,
analytics,vw_Fact_AnalyticsMart_Managed,Az_Derivatives_Networking_DataAICR,decimal,Deprecate,,,
analytics,vw_Fact_AnalyticsMart_Managed,Az_Derivatives_Other_DataAICR,decimal,Deprecate,,,
analytics,vw_Fact_AnalyticsMart_Managed,Az_Derivatives_Power_Platform_DataAICR,decimal,Deprecate,,,
analytics,vw_Fact_AnalyticsMart_Managed,Az_Derivatives_Quantum_Computing_DataAICR,decimal,Deprecate,,,
analytics,vw_Fact_AnalyticsMart_Managed,Az_Derivatives_Security_DataAICR,decimal,Deprecate,,,
analytics,vw_Fact_AnalyticsMart_Managed,Az_Derivatives_Storage_DataAICR,decimal,Deprecate,,,
analytics,vw_Fact_AnalyticsMart_Managed,Az_Derivatives_Unknown_DataAICR,decimal,Deprecate,,,
analytics,vw_Fact_AnalyticsMart_Managed,Az_Derivatives_Web_DataAICR,decimal,Deprecate,,,
analytics,vw_Fact_AnalyticsMart_Managed,Az_Derivatives_Windows_Virtual_Desktop_DataAICR,decimal,Deprecate,,,
analytics,vw_Fact_AnalyticsMart_Managed,Az_Derivatives_AI_+_Machine_Learning_AzureSecurityCR,decimal,Deprecate,,,
analytics,vw_Fact_AnalyticsMart_Managed,Az_Derivatives_Analytics_AzureSecurityCR,decimal,Deprecate,,,
analytics,vw_Fact_AnalyticsMart_Managed,Az_Derivatives_Azure_Arc_AzureSecurityCR,decimal,Deprecate,,,
analytics,vw_Fact_AnalyticsMart_Managed,Az_Derivatives_Azure_Communication_Services_AzureSecurityCR,decimal,Deprecate,,,
analytics,vw_Fact_AnalyticsMart_Managed,Az_Derivatives_Azure_Stack_AzureSecurityCR,decimal,Deprecate,,,
analytics,vw_Fact_AnalyticsMart_Managed,Az_Derivatives_Blockchain_AzureSecurityCR,decimal,Deprecate,,,
analytics,vw_Fact_AnalyticsMart_Managed,Az_Derivatives_Compute_AzureSecurityCR,decimal,Deprecate,,,
analytics,vw_Fact_AnalyticsMart_Managed,Az_Derivatives_Containers_AzureSecurityCR,decimal,Deprecate,,,
analytics,vw_Fact_AnalyticsMart_Managed,Az_Derivatives_Databases_AzureSecurityCR,decimal,Deprecate,,,
analytics,vw_Fact_AnalyticsMart_Managed,Az_Derivatives_Developer_Tools_AzureSecurityCR,decimal,Deprecate,,,
analytics,vw_Fact_AnalyticsMart_Managed,Az_Derivatives_Gaming_AzureSecurityCR,decimal,Deprecate,,,
analytics,vw_Fact_AnalyticsMart_Managed,Az_Derivatives_Integration_AzureSecurityCR,decimal,Deprecate,,,
analytics,vw_Fact_AnalyticsMart_Managed,Az_Derivatives_Internet_of_Things_AzureSecurityCR,decimal,Deprecate,,,
analytics,vw_Fact_AnalyticsMart_Managed,Az_Derivatives_Management_and_Governance_AzureSecurityCR,decimal,Deprecate,,,
analytics,vw_Fact_AnalyticsMart_Managed,Az_Derivatives_Microsoft_Syntex_AzureSecurityCR,decimal,Deprecate,,,
analytics,vw_Fact_AnalyticsMart_Managed,Az_Derivatives_Mixed_Reality_AzureSecurityCR,decimal,Deprecate,,,
analytics,vw_Fact_AnalyticsMart_Managed,Az_Derivatives_Mobile_AzureSecurityCR,decimal,Deprecate,,,
analytics,vw_Fact_AnalyticsMart_Managed,Az_Derivatives_Networking_AzureSecurityCR,decimal,Deprecate,,,
analytics,vw_Fact_AnalyticsMart_Managed,Az_Derivatives_Other_AzureSecurityCR,decimal,Deprecate,,,
analytics,vw_Fact_AnalyticsMart_Managed,Az_Derivatives_Power_Platform_AzureSecurityCR,decimal,Deprecate,,,
analytics,vw_Fact_AnalyticsMart_Managed,Az_Derivatives_Quantum_Computing_AzureSecurityCR,decimal,Deprecate,,,
analytics,vw_Fact_AnalyticsMart_Managed,Az_Derivatives_Security_AzureSecurityCR,decimal,Deprecate,,,
analytics,vw_Fact_AnalyticsMart_Managed,Az_Derivatives_Storage_AzureSecurityCR,decimal,Deprecate,,,
analytics,vw_Fact_AnalyticsMart_Managed,Az_Derivatives_Unknown_AzureSecurityCR,decimal,Deprecate,,,
analytics,vw_Fact_AnalyticsMart_Managed,Az_Derivatives_Web_AzureSecurityCR,decimal,Deprecate,,,
analytics,vw_Fact_AnalyticsMart_Managed,Az_Derivatives_Windows_Virtual_Desktop_AzureSecurityCR,decimal,Deprecate,,,
analytics,vw_Fact_AnalyticsMart_Managed,Az_Derivatives_AI_+_Machine_Learning_AzureAppInnovationCR,decimal,Deprecate,,,
analytics,vw_Fact_AnalyticsMart_Managed,Az_Derivatives_Analytics_AzureAppInnovationCR,decimal,Deprecate,,,
analytics,vw_Fact_AnalyticsMart_Managed,Az_Derivatives_Azure_Arc_AzureAppInnovationCR,decimal,Deprecate,,,
analytics,vw_Fact_AnalyticsMart_Managed,Az_Derivatives_Azure_Communication_Services_AzureAppInnovationCR,decimal,Deprecate,,,
analytics,vw_Fact_AnalyticsMart_Managed,Az_Derivatives_Azure_Stack_AzureAppInnovationCR,decimal,Deprecate,,,
analytics,vw_Fact_AnalyticsMart_Managed,Az_Derivatives_Blockchain_AzureAppInnovationCR,decimal,Deprecate,,,
analytics,vw_Fact_AnalyticsMart_Managed,Az_Derivatives_Compute_AzureAppInnovationCR,decimal,Deprecate,,,
analytics,vw_Fact_AnalyticsMart_Managed,Az_Derivatives_Containers_AzureAppInnovationCR,decimal,Deprecate,,,
analytics,vw_Fact_AnalyticsMart_Managed,Az_Derivatives_Databases_AzureAppInnovationCR,decimal,Deprecate,,,
analytics,vw_Fact_AnalyticsMart_Managed,Az_Derivatives_Developer_Tools_AzureAppInnovationCR,decimal,Deprecate,,,
analytics,vw_Fact_AnalyticsMart_Managed,Az_Derivatives_Gaming_AzureAppInnovationCR,decimal,Deprecate,,,
analytics,vw_Fact_AnalyticsMart_Managed,Az_Derivatives_Integration_AzureAppInnovationCR,decimal,Deprecate,,,
analytics,vw_Fact_AnalyticsMart_Managed,Az_Derivatives_Internet_of_Things_AzureAppInnovationCR,decimal,Deprecate,,,
analytics,vw_Fact_AnalyticsMart_Managed,Az_Derivatives_Management_and_Governance_AzureAppInnovationCR,decimal,Deprecate,,,
analytics,vw_Fact_AnalyticsMart_Managed,Az_Derivatives_Microsoft_Syntex_AzureAppInnovationCR,decimal,Deprecate,,,
analytics,vw_Fact_AnalyticsMart_Managed,Az_Derivatives_Mixed_Reality_AzureAppInnovationCR,decimal,Deprecate,,,
analytics,vw_Fact_AnalyticsMart_Managed,Az_Derivatives_Mobile_AzureAppInnovationCR,decimal,Deprecate,,,
analytics,vw_Fact_AnalyticsMart_Managed,Az_Derivatives_Networking_AzureAppInnovationCR,decimal,Deprecate,,,
analytics,vw_Fact_AnalyticsMart_Managed,Az_Derivatives_Other_AzureAppInnovationCR,decimal,Deprecate,,,
analytics,vw_Fact_AnalyticsMart_Managed,Az_Derivatives_Power_Platform_AzureAppInnovationCR,decimal,Deprecate,,,
analytics,vw_Fact_AnalyticsMart_Managed,Az_Derivatives_Quantum_Computing_AzureAppInnovationCR,decimal,Deprecate,,,
analytics,vw_Fact_AnalyticsMart_Managed,Az_Derivatives_Security_AzureAppInnovationCR,decimal,Deprecate,,,
analytics,vw_Fact_AnalyticsMart_Managed,Az_Derivatives_Storage_AzureAppInnovationCR,decimal,Deprecate,,,
analytics,vw_Fact_AnalyticsMart_Managed,Az_Derivatives_Unknown_AzureAppInnovationCR,decimal,Deprecate,,,
analytics,vw_Fact_AnalyticsMart_Managed,Az_Derivatives_Web_AzureAppInnovationCR,decimal,Deprecate,,,
analytics,vw_Fact_AnalyticsMart_Managed,Az_Derivatives_Mixed_Reality_AzureInfraCR,decimal,Deprecate,,,
analytics,vw_Fact_AnalyticsMart_Managed,Az_Derivatives_Mobile_AzureInfraCR,decimal,Deprecate,,,
analytics,vw_Fact_AnalyticsMart_Managed,Az_Derivatives_Networking_AzureInfraCR,decimal,Deprecate,,,
analytics,vw_Fact_AnalyticsMart_Managed,Az_Derivatives_Other_AzureInfraCR,decimal,Deprecate,,,
analytics,vw_Fact_AnalyticsMart_Managed,Az_Derivatives_Power_Platform_AzureInfraCR,decimal,Deprecate,,,
analytics,vw_Fact_AnalyticsMart_Managed,Az_Derivatives_Quantum_Computing_AzureInfraCR,decimal,Deprecate,,,
analytics,vw_Fact_AnalyticsMart_Managed,Az_Derivatives_Security_AzureInfraCR,decimal,Deprecate,,,
analytics,vw_Fact_AnalyticsMart_Managed,Az_Derivatives_Storage_AzureInfraCR,decimal,Deprecate,,,
analytics,vw_Fact_AnalyticsMart_Managed,Az_Derivatives_Unknown_AzureInfraCR,decimal,Deprecate,,,
analytics,vw_Fact_AnalyticsMart_Managed,Az_Derivatives_Web_AzureInfraCR,decimal,Deprecate,,,
analytics,vw_Fact_AnalyticsMart_Managed,Az_Derivatives_Windows_Virtual_Desktop_AzureInfraCR,decimal,Deprecate,,,
analytics,vw_Fact_AnalyticsMart_Managed,Az_Deployment_Count,bigint,Deprecate,,,
analytics,vw_Fact_AnalyticsMart_Managed,EA_Expiration_Revenue,float,Deprecate,,,
analytics,vw_Fact_AnalyticsMart_Managed,EA_NotRenewed_Revenue,float,Deprecate,,,
analytics,vw_Fact_AnalyticsMart_Managed,Solution_Workspaces_Engagement_Count_Digitally_Transitioned,varchar,Deprecate,,,
analytics,vw_Fact_AnalyticsMart_Managed,Solution_Workspaces_Engagement_Count_Digitally_Created,varchar,Deprecate,,,
analytics,vw_Fact_AnalyticsMart_Managed,FRA,decimal,Deprecate,,,
analytics,vw_Fact_AnalyticsMart_Managed,GTMEngagedUserCount,bigint,Deprecate,,,
analytics,vw_Fact_AnalyticsMart_Managed,Az_Derivatives_Azure_Data_-_Cross_Functional_ACR,decimal,Deprecate,,,
analytics,vw_Fact_AnalyticsMart_Managed,Az_Derivatives_Azure_MDC_ACR,decimal,Deprecate,,,
analytics,vw_Fact_AnalyticsMart_Managed,Az_Derivatives_Azure_Security_ACR,decimal,Deprecate,,,
analytics,vw_Fact_AnalyticsMart_Managed,Az_Derivatives_Data_ACR,decimal,Deprecate,,,
analytics,vw_Fact_AnalyticsMart_Managed,Az_Derivatives_Dynamics_ACR,decimal,Deprecate,,,
analytics,vw_Fact_AnalyticsMart_Managed,Az_Derivatives_Telecommunications_ACR,decimal,Deprecate,,,
analytics,vw_Fact_AnalyticsMart_Managed,Az_Derivatives_Test_Service_Family_ACR,decimal,Deprecate,,,
analytics,vw_Fact_AnalyticsMart_Managed_Geography,PartnerOneID,varchar,Deprecate,,,
analytics,vw_Fact_AnalyticsMart_Managed_Geography,CalendarDate,varchar,Deprecate,,,
analytics,vw_Fact_AnalyticsMart_Managed_Geography,DateKey,bigint,Deprecate,,,
analytics,vw_Fact_AnalyticsMart_Managed_Geography,SubsidiaryID,int,Deprecate,,,
analytics,vw_Fact_AnalyticsMart_Managed_Geography,SubsidiaryName,varchar,Deprecate,,,
analytics,vw_Fact_AnalyticsMart_Managed_Geography,AreaName,varchar,Deprecate,,,
analytics,vw_Fact_AnalyticsMart_Managed_Geography,RegionName,varchar,Deprecate,,,
analytics,vw_Fact_AnalyticsMart_Managed_Geography,SubRegionName,varchar,Deprecate,,,
analytics,vw_Fact_AnalyticsMart_Managed_Geography,CustomTimeZone,varchar,Deprecate,,,
analytics,vw_Fact_AnalyticsMart_Managed_Geography,ASPs_Attempted,bigint,Deprecate,,,
analytics,vw_Fact_AnalyticsMart_Managed_Geography,ASPs_Approved,bigint,Deprecate,,,
analytics,vw_Fact_AnalyticsMart_Managed_Geography,CountofBusinessProfiles,bigint,Deprecate,,,
analytics,vw_Fact_AnalyticsMart_Managed_Geography,Inv_Compl_Learning_Path,bigint,Deprecate,,,
analytics,vw_Fact_AnalyticsMart_Managed_Geography,Inv_Compl_Module,bigint,Deprecate,,,
analytics,vw_Fact_AnalyticsMart_Managed_Geography,Geographies_ANZ,bigint,Deprecate,,,
analytics,vw_Fact_AnalyticsMart_Managed_Geography,Geographies_ASEAN,bigint,Deprecate,,,
analytics,vw_Fact_AnalyticsMart_Managed_Geography,Geographies_Canada,bigint,Deprecate,,,
analytics,vw_Fact_AnalyticsMart_Managed_Geography,Geographies_MEA,bigint,Deprecate,,,
analytics,vw_Fact_AnalyticsMart_Managed_Geography,Geographies_France,bigint,Deprecate,,,
analytics,vw_Fact_AnalyticsMart_Managed_Geography,Geographies_Germany_&_Austria,bigint,Deprecate,,,
analytics,vw_Fact_AnalyticsMart_Managed_Geography,Geographies_Greater_China,bigint,Deprecate,,,
analytics,vw_Fact_AnalyticsMart_Managed_Geography,Geographies_India,bigint,Deprecate,,,
analytics,vw_Fact_AnalyticsMart_Managed_Geography,Geographies_Japan,bigint,Deprecate,,,
analytics,vw_Fact_AnalyticsMart_Managed_Geography,Geographies_Korea,bigint,Deprecate,,,
analytics,vw_Fact_AnalyticsMart_Managed_Geography,Geographies_Latam,bigint,Deprecate,,,
analytics,vw_Fact_AnalyticsMart_Managed_Geography,Geographies_Netherlands,bigint,Deprecate,,,
analytics,vw_Fact_AnalyticsMart_Managed_Geography,Geographies_Switzerland,bigint,Deprecate,,,
analytics,vw_Fact_AnalyticsMart_Managed_Geography,Geographies_UK_&_Ireland,bigint,Deprecate,,,
analytics,vw_Fact_AnalyticsMart_Managed_Geography,Geographies_United_States,bigint,Deprecate,,,
analytics,vw_Fact_AnalyticsMart_Managed_Geography,Geographies_North_Europe,bigint,Deprecate,,,
analytics,vw_Fact_AnalyticsMart_Managed_Geography,Geographies_South_Europe,bigint,Deprecate,,,
analytics,vw_Fact_AnalyticsMart_Managed_Geography,ISV,int,Deprecate,,,
analytics,vw_Fact_AnalyticsMart_Managed_Geography,Orig_MembershipStart,date,Deprecate,,,
analytics,vw_Fact_AnalyticsMart_Managed_Geography,MonthsInMPN,int,Deprecate,,,
analytics,vw_Fact_AnalyticsMart_Managed_Geography,IsSPL,varchar,Deprecate,,,
analytics,vw_Fact_AnalyticsMart_Managed_Geography,MembershipLevel,varchar,Deprecate,,,
analytics,vw_Fact_AnalyticsMart_Managed_Geography,Cur_MembershipStart,varchar,Deprecate,,,
analytics,vw_Fact_AnalyticsMart_Managed_Geography,MonthsAtLevel,float,Deprecate,,,
analytics,vw_Fact_AnalyticsMart_Managed_Geography,CoSell_Referrals,bigint,Deprecate,,,
analytics,vw_Fact_AnalyticsMart_Managed_Geography,CoSell_Deal_Size,bigint,Deprecate,,,
analytics,vw_Fact_AnalyticsMart_Managed_Geography,CoSell_Accepted_Referrals,bigint,Deprecate,,,
analytics,vw_Fact_AnalyticsMart_Managed_Geography,CoSell_Declined_Referrals,bigint,Deprecate,,,
analytics,vw_Fact_AnalyticsMart_Managed_Geography,CoSell_Won_Referrals,bigint,Deprecate,,,
analytics,vw_Fact_AnalyticsMart_Managed_Geography,GPSCRMSolutionCount,bigint,Deprecate,,,
analytics,vw_Fact_AnalyticsMart_Managed_Geography,GPSCRMAvailableSolutionCount,bigint,Deprecate,,,
analytics,vw_Fact_AnalyticsMart_Managed_Geography,GPSCRMTransactableSolutionCount,bigint,Deprecate,,,
analytics,vw_Fact_AnalyticsMart_Managed_Geography,Inc_Earned_Amount,float,Deprecate,,,
analytics,vw_Fact_AnalyticsMart_Managed_Geography,Inc_Transaction_Amount,float,Deprecate,,,
analytics,vw_Fact_AnalyticsMart_Managed_Geography,Inc_Paid_Amount,decimal,Deprecate,,,
analytics,vw_Fact_AnalyticsMart_Managed_Geography,MktPl_Total_Referrals,bigint,Deprecate,,,
analytics,vw_Fact_AnalyticsMart_Managed_Geography,MktPl_Accepted_Referrals,bigint,Deprecate,,,
analytics,vw_Fact_AnalyticsMart_Managed_Geography,MktPl_Closed_Referrals,bigint,Deprecate,,,
analytics,vw_Fact_AnalyticsMart_Managed_Geography,MktPl_Outbound_Referrals,bigint,Deprecate,,,
analytics,vw_Fact_AnalyticsMart_Managed_Geography,PSXDealCount,bigint,Deprecate,,,
analytics,vw_Fact_AnalyticsMart_Managed_Geography,PSXRegisteredDealCount,bigint,Deprecate,,,
analytics,vw_Fact_AnalyticsMart_Managed_Geography,QRP_Total_Referrals,bigint,Deprecate,,,
analytics,vw_Fact_AnalyticsMart_Managed_Geography,QRP_Accepted_Referrals,bigint,Deprecate,,,
analytics,vw_Fact_AnalyticsMart_Managed_Geography,QRP_Declined_Referrals,bigint,Deprecate,,,
analytics,vw_Fact_AnalyticsMart_Managed_Geography,QRP_Won_Referrals,bigint,Deprecate,,,
analytics,vw_Fact_AnalyticsMart_Managed_Geography,AZ_Solution_Count,bigint,Deprecate,,,
analytics,vw_Fact_AnalyticsMart_Managed_Geography,ACR,decimal,Deprecate,,,
analytics,vw_Fact_AnalyticsMart_Managed_Geography,PR_ACR,decimal,Deprecate,,,
analytics,vw_Fact_AnalyticsMart_Managed_Geography,MBS,float,Deprecate,,,
analytics,vw_Fact_AnalyticsMart_Managed_Geography,DataAndAI_ACR,decimal,Deprecate,,,
analytics,vw_Fact_AnalyticsMart_Managed_Geography,AzureSecurity_ACR,decimal,Deprecate,,,
analytics,vw_Fact_AnalyticsMart_Managed_Geography,AzureAppInnovation_ACR,decimal,Deprecate,,,
analytics,vw_Fact_AnalyticsMart_Managed_Geography,AzureInfra_ACR,decimal,Deprecate,,,
analytics,vw_Fact_AnalyticsMart_Managed_Geography,Az_Total_Partner_Performance_Distinct_ACR,decimal,Deprecate,,,
analytics,vw_Fact_AnalyticsMart_Managed_Geography,Az_Total_Partner_Performance_Distinct_DataAndAI,decimal,Deprecate,,,
analytics,vw_Fact_AnalyticsMart_Managed_Geography,Az_Total_Partner_Performance_Distinct_AzureSecurity,decimal,Deprecate,,,
analytics,vw_Fact_AnalyticsMart_Managed_Geography,Az_Total_Partner_Performance_Distinct_AzureAppInnovation,decimal,Deprecate,,,
analytics,vw_Fact_AnalyticsMart_Managed_Geography,Az_Total_Partner_Performance_Distinct_Infrastructure,decimal,Deprecate,,,
analytics,vw_Fact_AnalyticsMart_Managed_Geography,BilledRevenue,decimal,Deprecate,,,
analytics,vw_Fact_AnalyticsMart_Managed_Geography,DataAndAI_BilledRevenue,decimal,Deprecate,,,
analytics,vw_Fact_AnalyticsMart_Managed_Geography,MW_BilledRevenue,decimal,Deprecate,,,
analytics,vw_Fact_AnalyticsMart_Managed_Geography,BizApps_BilledRevenue,decimal,Deprecate,,,
analytics,vw_Fact_AnalyticsMart_Managed_Geography,ML_BilledRevenue,decimal,Deprecate,,,
analytics,vw_Fact_AnalyticsMart_Managed_Geography,AppsInfra_BilledRevenue,decimal,Deprecate,,,
analytics,vw_Fact_AnalyticsMart_Managed_Geography,CSP_ACR,decimal,Deprecate,,,
analytics,vw_Fact_AnalyticsMart_Managed_Geography,CSP_BilledRevenue,decimal,Deprecate,,,
analytics,vw_Fact_AnalyticsMart_Managed_Geography,Az_Derivatives_AI_+_Machine_Learning_ACR,decimal,Deprecate,,,
analytics,vw_Fact_AnalyticsMart_Managed_Geography,Az_Derivatives_Analytics_ACR,decimal,Deprecate,,,
analytics,vw_Fact_AnalyticsMart_Managed_Geography,Az_Derivatives_Azure_Arc_ACR,decimal,Deprecate,,,
analytics,vw_Fact_AnalyticsMart_Managed_Geography,Az_Derivatives_Azure_Communication_Services_ACR,decimal,Deprecate,,,
analytics,vw_Fact_AnalyticsMart_Managed_Geography,Az_Derivatives_Azure_Stack_ACR,decimal,Deprecate,,,
analytics,vw_Fact_AnalyticsMart_Managed_Geography,Az_Derivatives_Blockchain_ACR,decimal,Deprecate,,,
analytics,vw_Fact_AnalyticsMart_Managed_Geography,Az_Derivatives_Compute_ACR,decimal,Deprecate,,,
analytics,vw_Fact_AnalyticsMart_Managed_Geography,Az_Derivatives_Containers_ACR,decimal,Deprecate,,,
analytics,vw_Fact_AnalyticsMart_Managed_Geography,Az_Derivatives_Databases_ACR,decimal,Deprecate,,,
analytics,vw_Fact_AnalyticsMart_Managed_Geography,Az_Derivatives_Developer_Tools_ACR,decimal,Deprecate,,,
analytics,vw_Fact_AnalyticsMart_Managed_Geography,Az_Derivatives_Gaming_ACR,decimal,Deprecate,,,
analytics,vw_Fact_AnalyticsMart_Managed_Geography,Az_Derivatives_Integration_ACR,decimal,Deprecate,,,
analytics,vw_Fact_AnalyticsMart_Managed_Geography,Az_Derivatives_Internet_of_Things_ACR,decimal,Deprecate,,,
analytics,vw_Fact_AnalyticsMart_Managed_Geography,Az_Derivatives_Management_and_Governance_ACR,decimal,Deprecate,,,
analytics,vw_Fact_AnalyticsMart_Managed_Geography,Az_Derivatives_Microsoft_Syntex_ACR,decimal,Deprecate,,,
analytics,vw_Fact_AnalyticsMart_Managed_Geography,Az_Derivatives_Mixed_Reality_ACR,decimal,Deprecate,,,
analytics,vw_Fact_AnalyticsMart_Managed_Geography,Az_Derivatives_Mobile_ACR,decimal,Deprecate,,,
analytics,vw_Fact_AnalyticsMart_Managed_Geography,Az_Derivatives_Networking_ACR,decimal,Deprecate,,,
analytics,vw_Fact_AnalyticsMart_Managed_Geography,Az_Derivatives_Other_ACR,decimal,Deprecate,,,
analytics,vw_Fact_AnalyticsMart_Managed_Geography,Az_Derivatives_Power_Platform_ACR,decimal,Deprecate,,,
analytics,vw_Fact_AnalyticsMart_Managed_Geography,Az_Derivatives_Internet_of_Things_DataAICR,decimal,Deprecate,,,
analytics,vw_Fact_AnalyticsMart_Managed_Geography,Az_Derivatives_Management_and_Governance_DataAICR,decimal,Deprecate,,,
analytics,vw_Fact_AnalyticsMart_Managed_Geography,Az_Derivatives_Microsoft_Syntex_DataAICR,decimal,Deprecate,,,
analytics,vw_Fact_AnalyticsMart_Managed_Geography,Az_Derivatives_Mixed_Reality_DataAICR,decimal,Deprecate,,,
analytics,vw_Fact_AnalyticsMart_Managed_Geography,Az_Derivatives_Mobile_DataAICR,decimal,Deprecate,,,
analytics,vw_Fact_AnalyticsMart_Managed_Geography,Az_Derivatives_Networking_DataAICR,decimal,Deprecate,,,
analytics,vw_Fact_AnalyticsMart_Managed_Geography,Az_Derivatives_Other_DataAICR,decimal,Deprecate,,,
analytics,vw_Fact_AnalyticsMart_Managed_Geography,Az_Derivatives_Power_Platform_DataAICR,decimal,Deprecate,,,
analytics,vw_Fact_AnalyticsMart_Managed_Geography,Az_Derivatives_Quantum_Computing_DataAICR,decimal,Deprecate,,,
analytics,vw_Fact_AnalyticsMart_Managed_Geography,Az_Derivatives_Security_DataAICR,decimal,Deprecate,,,
analytics,vw_Fact_AnalyticsMart_Managed_Geography,Az_Derivatives_Storage_DataAICR,decimal,Deprecate,,,
analytics,vw_Fact_AnalyticsMart_Managed_Geography,Az_Derivatives_Unknown_DataAICR,decimal,Deprecate,,,
analytics,vw_Fact_AnalyticsMart_Managed_Geography,Az_Derivatives_Web_DataAICR,decimal,Deprecate,,,
analytics,vw_Fact_AnalyticsMart_Managed_Geography,Az_Derivatives_Windows_Virtual_Desktop_DataAICR,decimal,Deprecate,,,
analytics,vw_Fact_AnalyticsMart_Managed_Geography,Az_Derivatives_AI_+_Machine_Learning_AzureSecurityCR,decimal,Deprecate,,,
analytics,vw_Fact_AnalyticsMart_Managed_Geography,Az_Derivatives_Analytics_AzureSecurityCR,decimal,Deprecate,,,
analytics,vw_Fact_AnalyticsMart_Managed_Geography,Az_Derivatives_Azure_Arc_AzureSecurityCR,decimal,Deprecate,,,
analytics,vw_Fact_AnalyticsMart_Managed_Geography,Az_Derivatives_Azure_Communication_Services_AzureSecurityCR,decimal,Deprecate,,,
analytics,vw_Fact_AnalyticsMart_Managed_Geography,Az_Derivatives_Azure_Stack_AzureSecurityCR,decimal,Deprecate,,,
analytics,vw_Fact_AnalyticsMart_Managed_Geography,Az_Derivatives_Blockchain_AzureSecurityCR,decimal,Deprecate,,,
analytics,vw_Fact_AnalyticsMart_Managed_Geography,Az_Derivatives_Compute_AzureSecurityCR,decimal,Deprecate,,,
analytics,vw_Fact_AnalyticsMart_Managed_Geography,Az_Derivatives_Containers_AzureSecurityCR,decimal,Deprecate,,,
analytics,vw_Fact_AnalyticsMart_Managed_Geography,Az_Derivatives_Databases_AzureSecurityCR,decimal,Deprecate,,,
analytics,vw_Fact_AnalyticsMart_Managed_Geography,Az_Derivatives_Developer_Tools_AzureSecurityCR,decimal,Deprecate,,,
analytics,vw_Fact_AnalyticsMart_Managed_Geography,Az_Derivatives_Gaming_AzureSecurityCR,decimal,Deprecate,,,
analytics,vw_Fact_AnalyticsMart_Managed_Geography,Az_Derivatives_Integration_AzureSecurityCR,decimal,Deprecate,,,
analytics,vw_Fact_AnalyticsMart_Managed_Geography,Az_Derivatives_Internet_of_Things_AzureSecurityCR,decimal,Deprecate,,,
analytics,vw_Fact_AnalyticsMart_Managed_Geography,Az_Derivatives_Management_and_Governance_AzureSecurityCR,decimal,Deprecate,,,
analytics,vw_Fact_AnalyticsMart_Managed_Geography,Az_Derivatives_Microsoft_Syntex_AzureSecurityCR,decimal,Deprecate,,,
analytics,vw_Fact_AnalyticsMart_Managed_Geography,Az_Derivatives_Mixed_Reality_AzureSecurityCR,decimal,Deprecate,,,
analytics,vw_Fact_AnalyticsMart_Managed_Geography,Az_Derivatives_Mobile_AzureSecurityCR,decimal,Deprecate,,,
analytics,vw_Fact_AnalyticsMart_Managed_Geography,Az_Derivatives_Networking_AzureSecurityCR,decimal,Deprecate,,,
analytics,vw_Fact_AnalyticsMart_Managed_Geography,Az_Derivatives_Other_AzureSecurityCR,decimal,Deprecate,,,
analytics,vw_Fact_AnalyticsMart_Managed_Geography,Az_Derivatives_Power_Platform_AzureSecurityCR,decimal,Deprecate,,,
analytics,vw_Fact_AnalyticsMart_Managed_Geography,Az_Derivatives_Quantum_Computing_AzureSecurityCR,decimal,Deprecate,,,
analytics,vw_Fact_AnalyticsMart_Managed_Geography,Az_Derivatives_Security_AzureSecurityCR,decimal,Deprecate,,,
analytics,vw_Fact_AnalyticsMart_Managed_Geography,Az_Derivatives_Storage_AzureSecurityCR,decimal,Deprecate,,,
analytics,vw_Fact_AnalyticsMart_Managed_Geography,Az_Derivatives_Unknown_AzureSecurityCR,decimal,Deprecate,,,
analytics,vw_Fact_AnalyticsMart_Managed_Geography,Az_Derivatives_Web_AzureSecurityCR,decimal,Deprecate,,,
analytics,vw_Fact_AnalyticsMart_Managed_Geography,Az_Derivatives_Windows_Virtual_Desktop_AzureSecurityCR,decimal,Deprecate,,,
analytics,vw_Fact_AnalyticsMart_Managed_Geography,Az_Derivatives_AI_+_Machine_Learning_AzureAppInnovationCR,decimal,Deprecate,,,
analytics,vw_Fact_AnalyticsMart_Managed_Geography,Az_Derivatives_Analytics_AzureAppInnovationCR,decimal,Deprecate,,,
analytics,vw_Fact_AnalyticsMart_Managed_Geography,Az_Derivatives_Azure_Arc_AzureAppInnovationCR,decimal,Deprecate,,,
analytics,vw_Fact_AnalyticsMart_Managed_Geography,Az_Derivatives_Azure_Communication_Services_AzureAppInnovationCR,decimal,Deprecate,,,
analytics,vw_Fact_AnalyticsMart_Managed_Geography,Az_Derivatives_Azure_Stack_AzureAppInnovationCR,decimal,Deprecate,,,
analytics,vw_Fact_AnalyticsMart_Managed_Geography,Az_Derivatives_Blockchain_AzureAppInnovationCR,decimal,Deprecate,,,
analytics,vw_Fact_AnalyticsMart_Managed_Geography,Az_Derivatives_Compute_AzureAppInnovationCR,decimal,Deprecate,,,
analytics,vw_Fact_AnalyticsMart_Managed_Geography,Az_Derivatives_Containers_AzureAppInnovationCR,decimal,Deprecate,,,
analytics,vw_Fact_AnalyticsMart_Managed_Geography,Az_Derivatives_Databases_AzureAppInnovationCR,decimal,Deprecate,,,
analytics,vw_Fact_AnalyticsMart_Managed_Geography,Az_Derivatives_Developer_Tools_AzureAppInnovationCR,decimal,Deprecate,,,
analytics,vw_Fact_AnalyticsMart_Managed_Geography,Az_Derivatives_Gaming_AzureAppInnovationCR,decimal,Deprecate,,,
analytics,vw_Fact_AnalyticsMart_Managed_Geography,Az_Derivatives_Integration_AzureAppInnovationCR,decimal,Deprecate,,,
analytics,vw_Fact_AnalyticsMart_Managed_Geography,Az_Derivatives_Internet_of_Things_AzureAppInnovationCR,decimal,Deprecate,,,
analytics,vw_Fact_AnalyticsMart_Managed_Geography,Az_Derivatives_Management_and_Governance_AzureAppInnovationCR,decimal,Deprecate,,,
analytics,vw_Fact_AnalyticsMart_Managed_Geography,Az_Derivatives_Microsoft_Syntex_AzureAppInnovationCR,decimal,Deprecate,,,
analytics,vw_Fact_AnalyticsMart_Managed_Geography,Az_Derivatives_Mixed_Reality_AzureAppInnovationCR,decimal,Deprecate,,,
analytics,vw_Fact_AnalyticsMart_Managed_Geography,Az_Derivatives_Mobile_AzureAppInnovationCR,decimal,Deprecate,,,
analytics,vw_Fact_AnalyticsMart_Managed_Geography,Az_Derivatives_Networking_AzureAppInnovationCR,decimal,Deprecate,,,
analytics,vw_Fact_AnalyticsMart_Managed_Geography,Az_Derivatives_Other_AzureAppInnovationCR,decimal,Deprecate,,,
analytics,vw_Fact_AnalyticsMart_Managed_Geography,Az_Derivatives_Power_Platform_AzureAppInnovationCR,decimal,Deprecate,,,
analytics,vw_Fact_AnalyticsMart_Managed_Geography,Az_Derivatives_Quantum_Computing_AzureAppInnovationCR,decimal,Deprecate,,,
analytics,vw_Fact_AnalyticsMart_Managed_Geography,Az_Derivatives_Security_AzureAppInnovationCR,decimal,Deprecate,,,
analytics,vw_Fact_AnalyticsMart_Managed_Geography,Az_Derivatives_Storage_AzureAppInnovationCR,decimal,Deprecate,,,
analytics,vw_Fact_AnalyticsMart_Managed_Geography,Az_Derivatives_Unknown_AzureAppInnovationCR,decimal,Deprecate,,,
analytics,vw_Fact_AnalyticsMart_Managed_Geography,Az_Derivatives_Web_AzureAppInnovationCR,decimal,Deprecate,,,
analytics,vw_Fact_AnalyticsMart_Managed_Geography,Az_Derivatives_Windows_Virtual_Desktop_AzureAppInnovationCR,decimal,Deprecate,,,
analytics,vw_Fact_AnalyticsMart_Managed_Geography,Az_Derivatives_AI_+_Machine_Learning_AzureInfraCR,decimal,Deprecate,,,
analytics,vw_Fact_AnalyticsMart_Managed_Geography,Az_Derivatives_Analytics_AzureInfraCR,decimal,Deprecate,,,
analytics,vw_Fact_AnalyticsMart_Managed_Geography,Az_Derivatives_Azure_Arc_AzureInfraCR,decimal,Deprecate,,,
analytics,vw_Fact_AnalyticsMart_Managed_Geography,Az_Derivatives_Azure_Communication_Services_AzureInfraCR,decimal,Deprecate,,,
analytics,vw_Fact_AnalyticsMart_Managed_Geography,Az_Derivatives_Azure_Stack_AzureInfraCR,decimal,Deprecate,,,
analytics,vw_Fact_AnalyticsMart_Managed_Geography,Az_Derivatives_Blockchain_AzureInfraCR,decimal,Deprecate,,,
analytics,vw_Fact_AnalyticsMart_Managed_Geography,Az_Derivatives_Compute_AzureInfraCR,decimal,Deprecate,,,
analytics,vw_Fact_AnalyticsMart_Managed_Geography,Az_Derivatives_Containers_AzureInfraCR,decimal,Deprecate,,,
analytics,vw_Fact_AnalyticsMart_Managed_Geography,Az_Derivatives_Databases_AzureInfraCR,decimal,Deprecate,,,
analytics,vw_Fact_AnalyticsMart_Managed_Geography,Az_Derivatives_Developer_Tools_AzureInfraCR,decimal,Deprecate,,,
analytics,vw_Fact_AnalyticsMart_Managed_Geography,Az_Derivatives_Gaming_AzureInfraCR,decimal,Deprecate,,,
analytics,vw_Fact_AnalyticsMart_Managed_Geography,Az_Derivatives_Integration_AzureInfraCR,decimal,Deprecate,,,
analytics,vw_Fact_AnalyticsMart_Managed_Geography,Az_Derivatives_Internet_of_Things_AzureInfraCR,decimal,Deprecate,,,
analytics,vw_Fact_AnalyticsMart_Managed_Geography,Az_Derivatives_Management_and_Governance_AzureInfraCR,decimal,Deprecate,,,
analytics,vw_Fact_AnalyticsMart_Managed_Geography,Az_Derivatives_Microsoft_Syntex_AzureInfraCR,decimal,Deprecate,,,
analytics,vw_Fact_AnalyticsMart_Managed_Geography,Az_Derivatives_Mixed_Reality_AzureInfraCR,decimal,Deprecate,,,
analytics,vw_Fact_AnalyticsMart_Managed_Geography,Az_Derivatives_Mobile_AzureInfraCR,decimal,Deprecate,,,
analytics,vw_Fact_AnalyticsMart_Managed_Geography,Az_Derivatives_Networking_AzureInfraCR,decimal,Deprecate,,,
analytics,vw_Fact_AnalyticsMart_Managed_Geography,Az_Derivatives_Other_AzureInfraCR,decimal,Deprecate,,,
analytics,vw_Fact_AnalyticsMart_Managed_Geography,Az_Derivatives_Power_Platform_AzureInfraCR,decimal,Deprecate,,,
analytics,vw_Fact_AnalyticsMart_Managed_Geography,Az_Derivatives_Quantum_Computing_AzureInfraCR,decimal,Deprecate,,,
analytics,vw_Fact_AnalyticsMart_Managed_Geography,Az_Derivatives_Security_AzureInfraCR,decimal,Deprecate,,,
analytics,vw_Fact_AnalyticsMart_Managed_Geography,Az_Derivatives_Storage_AzureInfraCR,decimal,Deprecate,,,
analytics,vw_Fact_AnalyticsMart_Managed_Geography,Az_Derivatives_Unknown_AzureInfraCR,decimal,Deprecate,,,
analytics,vw_Fact_AnalyticsMart_Managed_Geography,Az_Derivatives_Web_AzureInfraCR,decimal,Deprecate,,,
analytics,vw_Fact_AnalyticsMart_Managed_Geography,Az_Derivatives_Windows_Virtual_Desktop_AzureInfraCR,decimal,Deprecate,,,
analytics,vw_Fact_AnalyticsMart_Managed_Geography,Az_Derivatives_Azure_Security_ACR,decimal,Deprecate,,,
analytics,vw_Fact_AnalyticsMart_Managed_Geography,Az_Derivatives_Data_ACR,decimal,Deprecate,,,
analytics,vw_Fact_AnalyticsMart_Managed_Geography,Az_Derivatives_Dynamics_ACR,decimal,Deprecate,,,
analytics,vw_Fact_AnalyticsMart_Managed_Geography,Az_Derivatives_Telecommunications_ACR,decimal,Deprecate,,,
analytics,vw_Fact_AnalyticsMart_Managed_Geography,Az_Derivatives_Test_Service_Family_ACR,decimal,Deprecate,,,
analytics,vw_Fact_AnalyticsMart_Managed_Geography,Az_Derivatives_Azure_Data_-_Cross_Functional_DataAICR,decimal,Deprecate,,,
analytics,vw_Fact_AnalyticsMart_Managed_Geography,Az_Derivatives_Azure_MDC_DataAICR,decimal,Deprecate,,,
analytics,vw_Fact_AnalyticsMart_Managed_Geography,Az_Derivatives_Azure_Security_DataAICR,decimal,Deprecate,,,
analytics,vw_Fact_AnalyticsMart_Managed_Geography,Az_Derivatives_Data_DataAICR,decimal,Deprecate,,,
analytics,vw_Fact_AnalyticsMart_Managed_Geography,Az_Derivatives_Dynamics_DataAICR,decimal,Deprecate,,,
analytics,vw_Fact_AnalyticsMart_Managed_Geography,Az_Derivatives_Telecommunications_DataAICR,decimal,Deprecate,,,
analytics,vw_Fact_AnalyticsMart_Managed_Geography,Az_Derivatives_Test_Service_Family_DataAICR,decimal,Deprecate,,,
analytics,vw_Fact_AnalyticsMart_Managed_MPNID,PartnerOneID,varchar,Deprecate,,,
analytics,vw_Fact_AnalyticsMart_Managed_MPNID,PartnerGlobalID,varchar,Deprecate,,,
analytics,vw_Fact_AnalyticsMart_Managed_MPNID,MPNID,varchar,Deprecate,,,
analytics,vw_Fact_AnalyticsMart_Managed_MPNID,CalendarDate,varchar,Deprecate,,,
analytics,vw_Fact_AnalyticsMart_Managed_MPNID,DateKey,varchar,Deprecate,,,
analytics,vw_Fact_AnalyticsMart_Managed_MPNID,SubsidiaryID,varchar,Deprecate,,,
analytics,vw_Fact_AnalyticsMart_Managed_MPNID,SubsidiaryName,varchar,Deprecate,,,
analytics,vw_Fact_AnalyticsMart_Managed_MPNID,AreaName,varchar,Deprecate,,,
analytics,vw_Fact_AnalyticsMart_Managed_MPNID,RegionName,varchar,Deprecate,,,
analytics,vw_Fact_AnalyticsMart_Managed_MPNID,SubRegionName,varchar,Deprecate,,,
analytics,vw_Fact_AnalyticsMart_Managed_MPNID,CustomTimeZone,varchar,Deprecate,,,
analytics,vw_Fact_AnalyticsMart_Managed_MPNID,ISV,int,Deprecate,,,
analytics,vw_Fact_AnalyticsMart_Managed_MPNID,MicrosoftActionPackSubscription,int,Deprecate,,,
analytics,vw_Fact_AnalyticsMart_Managed_MPNID,PartnerSuccessExpandedKit,int,Deprecate,,,
analytics,vw_Fact_AnalyticsMart_Managed_MPNID,PartnerLaunchKit,int,Deprecate,,,
analytics,vw_Fact_AnalyticsMart_Managed_MPNID,LegacySilver,int,Deprecate,,,
analytics,vw_Fact_AnalyticsMart_Managed_MPNID,TrainingProgram,int,Deprecate,,,
analytics,vw_Fact_AnalyticsMart_Managed_MPNID,LegacyGold,int,Deprecate,,,
analytics,vw_Fact_AnalyticsMart_Managed_MPNID,ISVSuccessProgram,int,Deprecate,,,
analytics,vw_Fact_AnalyticsMart_Managed_MPNID,PartnerSuccessCoreKit,int,Deprecate,,,
analytics,vw_Fact_AnalyticsMart_Managed_MPNID,PMC_UniqueAssets,bigint,Deprecate,,,
analytics,vw_Fact_AnalyticsMart_Managed_MPNID,AzureInfraPCIStatus,int,Deprecate,,,
analytics,vw_Fact_AnalyticsMart_Managed_MPNID,AzureDigiAppPCIStatus,int,Deprecate,,,
analytics,vw_Fact_AnalyticsMart_Managed_MPNID,AzureDataAIPCIStatus,int,Deprecate,,,
analytics,vw_Fact_AnalyticsMart_Managed_MPNID,ModernPCIStatus,int,Deprecate,,,
analytics,vw_Fact_AnalyticsMart_Managed_MPNID,SecurityPCIStatus,int,Deprecate,,,
analytics,vw_Fact_AnalyticsMart_Managed_MPNID,BAGPCIStatus,int,Deprecate,,,
analytics,vw_Fact_AnalyticsMart_Managed_MPNID,ASPs_Attempted,bigint,Deprecate,,,
analytics,vw_Fact_AnalyticsMart_Managed_MPNID,ASPs_Approved,bigint,Deprecate,,,
analytics,vw_Fact_AnalyticsMart_Managed_MPNID,CountofBusinessProfiles,bigint,Deprecate,,,
analytics,vw_Fact_AnalyticsMart_Managed_MPNID,Geographies_ANZ,bigint,Deprecate,,,
analytics,vw_Fact_AnalyticsMart_Managed_MPNID,Geographies_ASEAN,bigint,Deprecate,,,
analytics,vw_Fact_AnalyticsMart_Managed_MPNID,Geographies_Canada,bigint,Deprecate,,,
analytics,vw_Fact_AnalyticsMart_Managed_MPNID,Geographies_MEA,bigint,Deprecate,,,
analytics,vw_Fact_AnalyticsMart_Managed_MPNID,Geographies_France,bigint,Deprecate,,,
analytics,vw_Fact_AnalyticsMart_Managed_MPNID,Geographies_Germany_&_Austria,bigint,Deprecate,,,
analytics,vw_Fact_AnalyticsMart_Managed_MPNID,Geographies_Greater_China,bigint,Deprecate,,,
analytics,vw_Fact_AnalyticsMart_Managed_MPNID,Geographies_India,bigint,Deprecate,,,
analytics,vw_Fact_AnalyticsMart_Managed_MPNID,Geographies_Japan,bigint,Deprecate,,,
analytics,vw_Fact_AnalyticsMart_Managed_MPNID,Geographies_Korea,bigint,Deprecate,,,
analytics,vw_Fact_AnalyticsMart_Managed_MPNID,Geographies_Latam,bigint,Deprecate,,,
analytics,vw_Fact_AnalyticsMart_Managed_MPNID,Geographies_Netherlands,bigint,Deprecate,,,
analytics,vw_Fact_AnalyticsMart_Managed_MPNID,Geographies_Switzerland,bigint,Deprecate,,,
analytics,vw_Fact_AnalyticsMart_Managed_MPNID,Geographies_UK_&_Ireland,bigint,Deprecate,,,
analytics,vw_Fact_AnalyticsMart_Managed_MPNID,Geographies_United_States,bigint,Deprecate,,,
analytics,vw_Fact_AnalyticsMart_Managed_MPNID,Geographies_North_Europe,bigint,Deprecate,,,
analytics,vw_Fact_AnalyticsMart_Managed_MPNID,Geographies_South_Europe,bigint,Deprecate,,,
analytics,vw_Fact_AnalyticsMart_Managed_MPNID,Orig_MembershipStart,date,Deprecate,,,
analytics,vw_Fact_AnalyticsMart_Managed_MPNID,MonthsInMPN,int,Deprecate,,,
analytics,vw_Fact_AnalyticsMart_Managed_MPNID,IsSPL,varchar,Deprecate,,,
analytics,vw_Fact_AnalyticsMart_Managed_MPNID,MembershipLevel,varchar,Deprecate,,,
analytics,vw_Fact_AnalyticsMart_Managed_MPNID,Cur_MembershipStart,varchar,Deprecate,,,
analytics,vw_Fact_AnalyticsMart_Managed_MPNID,MonthsAtLevel,int,Deprecate,,,
analytics,vw_Fact_AnalyticsMart_Managed_MPNID,CoSell_Referrals,bigint,Deprecate,,,
analytics,vw_Fact_AnalyticsMart_Managed_MPNID,CoSell_Deal_Size,bigint,Deprecate,,,
analytics,vw_Fact_AnalyticsMart_Managed_MPNID,CoSell_Accepted_Referrals,bigint,Deprecate,,,
analytics,vw_Fact_AnalyticsMart_Managed_MPNID,CoSell_Declined_Referrals,bigint,Deprecate,,,
analytics,vw_Fact_AnalyticsMart_Managed_MPNID,CoSell_Won_Referrals,bigint,Deprecate,,,
analytics,vw_Fact_AnalyticsMart_Managed_MPNID,GPSCRMSolutionCount,bigint,Deprecate,,,
analytics,vw_Fact_AnalyticsMart_Managed_MPNID,GPSCRMAvailableSolutionCount,bigint,Deprecate,,,
analytics,vw_Fact_AnalyticsMart_Managed_MPNID,GPSCRMTransactableSolutionCount,bigint,Deprecate,,,
analytics,vw_Fact_AnalyticsMart_Managed_MPNID,MktPl_Total_Referrals,bigint,Deprecate,,,
analytics,vw_Fact_AnalyticsMart_Managed_MPNID,MktPl_Accepted_Referrals,bigint,Deprecate,,,
analytics,vw_Fact_AnalyticsMart_Managed_MPNID,MktPl_Closed_Referrals,bigint,Deprecate,,,
analytics,vw_Fact_AnalyticsMart_Managed_MPNID,MktPl_Outbound_Referrals,bigint,Deprecate,,,
analytics,vw_Fact_AnalyticsMart_Managed_MPNID,PSXDealCount,bigint,Deprecate,,,
analytics,vw_Fact_AnalyticsMart_Managed_MPNID,PSXRegisteredDealCount,bigint,Deprecate,,,
analytics,vw_Fact_AnalyticsMart_Managed_MPNID,QRP_Total_Referrals,bigint,Deprecate,,,
analytics,vw_Fact_AnalyticsMart_Managed_MPNID,QRP_Accepted_Referrals,bigint,Deprecate,,,
analytics,vw_Fact_AnalyticsMart_Managed_MPNID,QRP_Declined_Referrals,bigint,Deprecate,,,
analytics,vw_Fact_AnalyticsMart_Managed_MPNID,QRP_Won_Referrals,bigint,Deprecate,,,
analytics,vw_Fact_AnalyticsMart_Managed_MPNID,AZ_Solution_Count,bigint,Deprecate,,,
analytics,vw_Fact_AnalyticsMart_Managed_MPNID,ACR,decimal,Deprecate,,,
analytics,vw_Fact_AnalyticsMart_Managed_MPNID,PR_ACR,decimal,Deprecate,,,
analytics,vw_Fact_AnalyticsMart_Managed_MPNID,DataAndAI_ACR,decimal,Deprecate,,,
analytics,vw_Fact_AnalyticsMart_Managed_MPNID,AzureSecurity_ACR,decimal,Deprecate,,,
analytics,vw_Fact_AnalyticsMart_Managed_MPNID,AzureAppInnovation_ACR,decimal,Deprecate,,,
analytics,vw_Fact_AnalyticsMart_Managed_MPNID,AzureInfra_ACR,decimal,Deprecate,,,
analytics,vw_Fact_AnalyticsMart_Managed_MPNID,Az_Total_Partner_Performance_Distinct_ACR,decimal,Deprecate,,,
analytics,vw_Fact_AnalyticsMart_Managed_MPNID,Az_Total_Partner_Performance_Distinct_DataAndAI,decimal,Deprecate,,,
analytics,vw_Fact_AnalyticsMart_Managed_MPNID,Az_Total_Partner_Performance_Distinct_AzureSecurity,decimal,Deprecate,,,
analytics,vw_Fact_AnalyticsMart_Managed_MPNID,Az_Total_Partner_Performance_Distinct_AzureAppInnovation,decimal,Deprecate,,,
analytics,vw_Fact_AnalyticsMart_Managed_MPNID,Az_Total_Partner_Performance_Distinct_Infrastructure,decimal,Deprecate,,,
analytics,vw_Fact_AnalyticsMart_Managed_MPNID,BilledRevenue,decimal,Deprecate,,,
analytics,vw_Fact_AnalyticsMart_Managed_MPNID,DataAndAI_BilledRevenue,decimal,Deprecate,,,
analytics,vw_Fact_AnalyticsMart_Managed_MPNID,MW_BilledRevenue,decimal,Deprecate,,,
analytics,vw_Fact_AnalyticsMart_Managed_MPNID,BizApps_BilledRevenue,decimal,Deprecate,,,
analytics,vw_Fact_AnalyticsMart_Managed_MPNID,ML_BilledRevenue,decimal,Deprecate,,,
analytics,vw_Fact_AnalyticsMart_Managed_MPNID,AppsInfra_BilledRevenue,decimal,Deprecate,,,
analytics,vw_Fact_AnalyticsMart_Managed_MPNID,CSP_ACR,decimal,Deprecate,,,
analytics,vw_Fact_AnalyticsMart_Managed_MPNID,CSP_BilledRevenue,decimal,Deprecate,,,
analytics,vw_Fact_AnalyticsMart_Managed_MPNID,Az_Derivatives_AI_+_Machine_Learning_ACR,decimal,Deprecate,,,
analytics,vw_Fact_AnalyticsMart_Managed_MPNID,Az_Derivatives_Analytics_ACR,decimal,Deprecate,,,
analytics,vw_Fact_AnalyticsMart_Managed_MPNID,Az_Derivatives_Azure_Arc_ACR,decimal,Deprecate,,,
analytics,vw_Fact_AnalyticsMart_Managed_MPNID,Az_Derivatives_Azure_Communication_Services_ACR,decimal,Deprecate,,,
analytics,vw_Fact_AnalyticsMart_Managed_MPNID,Az_Derivatives_Azure_Stack_ACR,decimal,Deprecate,,,
analytics,vw_Fact_AnalyticsMart_Managed_MPNID,Az_Derivatives_Blockchain_ACR,decimal,Deprecate,,,
analytics,vw_Fact_AnalyticsMart_Managed_MPNID,Az_Derivatives_Compute_ACR,decimal,Deprecate,,,
analytics,vw_Fact_AnalyticsMart_Managed_MPNID,Az_Derivatives_Containers_ACR,decimal,Deprecate,,,
analytics,vw_Fact_AnalyticsMart_Managed_MPNID,Az_Derivatives_Databases_ACR,decimal,Deprecate,,,
analytics,vw_Fact_AnalyticsMart_Managed_MPNID,Az_Derivatives_Developer_Tools_ACR,decimal,Deprecate,,,
analytics,vw_Fact_AnalyticsMart_Managed_MPNID,Az_Derivatives_Gaming_ACR,decimal,Deprecate,,,
analytics,vw_Fact_AnalyticsMart_Managed_MPNID,Az_Derivatives_Integration_ACR,decimal,Deprecate,,,
analytics,vw_Fact_AnalyticsMart_Managed_MPNID,Az_Derivatives_Internet_of_Things_ACR,decimal,Deprecate,,,
analytics,vw_Fact_AnalyticsMart_Managed_MPNID,Az_Derivatives_Management_and_Governance_ACR,decimal,Deprecate,,,
analytics,vw_Fact_AnalyticsMart_Managed_MPNID,Az_Derivatives_Microsoft_Syntex_ACR,decimal,Deprecate,,,
analytics,vw_Fact_AnalyticsMart_Managed_MPNID,Az_Derivatives_Mixed_Reality_ACR,decimal,Deprecate,,,
analytics,vw_Fact_AnalyticsMart_Managed_MPNID,Az_Derivatives_Mobile_ACR,decimal,Deprecate,,,
analytics,vw_Fact_AnalyticsMart_Managed_MPNID,Az_Derivatives_Networking_ACR,decimal,Deprecate,,,
analytics,vw_Fact_AnalyticsMart_Managed_MPNID,Az_Derivatives_Other_ACR,decimal,Deprecate,,,
analytics,vw_Fact_AnalyticsMart_Managed_MPNID,Az_Derivatives_Power_Platform_ACR,decimal,Deprecate,,,
analytics,vw_Fact_AnalyticsMart_Managed_MPNID,Az_Derivatives_Quantum_Computing_ACR,decimal,Deprecate,,,
analytics,vw_Fact_AnalyticsMart_Managed_MPNID,Az_Derivatives_Security_ACR,decimal,Deprecate,,,
analytics,vw_Fact_AnalyticsMart_Managed_MPNID,Az_Derivatives_Storage_ACR,decimal,Deprecate,,,
analytics,vw_Fact_AnalyticsMart_Managed_MPNID,Az_Derivatives_Unknown_ACR,decimal,Deprecate,,,
analytics,vw_Fact_AnalyticsMart_Managed_MPNID,Az_Derivatives_Web_ACR,decimal,Deprecate,,,
analytics,vw_Fact_AnalyticsMart_Managed_MPNID,Az_Derivatives_Windows_Virtual_Desktop_ACR,decimal,Deprecate,,,
analytics,vw_Fact_AnalyticsMart_Managed_MPNID,Az_Derivatives_AI_+_Machine_Learning_DataAICR,decimal,Deprecate,,,
analytics,vw_Fact_AnalyticsMart_Managed_MPNID,Az_Derivatives_Analytics_DataAICR,decimal,Deprecate,,,
analytics,vw_Fact_AnalyticsMart_Managed_MPNID,Az_Derivatives_Azure_Arc_DataAICR,decimal,Deprecate,,,
analytics,vw_Fact_AnalyticsMart_Managed_MPNID,Az_Derivatives_Azure_Communication_Services_DataAICR,decimal,Deprecate,,,
analytics,vw_Fact_AnalyticsMart_Managed_MPNID,Az_Derivatives_Azure_Stack_DataAICR,decimal,Deprecate,,,
analytics,vw_Fact_AnalyticsMart_Managed_MPNID,Az_Derivatives_Blockchain_DataAICR,decimal,Deprecate,,,
analytics,vw_Fact_AnalyticsMart_Managed_MPNID,Az_Derivatives_Compute_DataAICR,decimal,Deprecate,,,
analytics,vw_Fact_AnalyticsMart_Managed_MPNID,Az_Derivatives_Containers_DataAICR,decimal,Deprecate,,,
analytics,vw_Fact_AnalyticsMart_Managed_MPNID,Az_Derivatives_Databases_DataAICR,decimal,Deprecate,,,
analytics,vw_Fact_AnalyticsMart_Managed_MPNID,Az_Derivatives_Developer_Tools_DataAICR,decimal,Deprecate,,,
analytics,vw_Fact_AnalyticsMart_Managed_MPNID,Az_Derivatives_Gaming_DataAICR,decimal,Deprecate,,,
analytics,vw_Fact_AnalyticsMart_Managed_MPNID,Az_Derivatives_Integration_DataAICR,decimal,Deprecate,,,
analytics,vw_Fact_AnalyticsMart_Managed_MPNID,Az_Derivatives_Internet_of_Things_DataAICR,decimal,Deprecate,,,
analytics,vw_Fact_AnalyticsMart_Managed_MPNID,Az_Derivatives_Management_and_Governance_DataAICR,decimal,Deprecate,,,
analytics,vw_Fact_AnalyticsMart_Managed_MPNID,Az_Derivatives_Microsoft_Syntex_DataAICR,decimal,Deprecate,,,
analytics,vw_Fact_AnalyticsMart_Managed_MPNID,Az_Derivatives_Mixed_Reality_DataAICR,decimal,Deprecate,,,
analytics,vw_Fact_AnalyticsMart_Managed_MPNID,Az_Derivatives_Mobile_DataAICR,decimal,Deprecate,,,
analytics,vw_Fact_AnalyticsMart_Managed_MPNID,Az_Derivatives_Networking_DataAICR,decimal,Deprecate,,,
analytics,vw_Fact_AnalyticsMart_Managed_MPNID,Az_Derivatives_Other_DataAICR,decimal,Deprecate,,,
analytics,vw_Fact_AnalyticsMart_Managed_MPNID,FRA,decimal,Deprecate,,,
analytics,vw_Fact_AnalyticsMart_Managed_MPNID,Az_Derivatives_Power_Platform_DataAICR,decimal,Deprecate,,,
analytics,vw_Fact_AnalyticsMart_Managed_MPNID,Az_Derivatives_Quantum_Computing_DataAICR,decimal,Deprecate,,,
analytics,vw_Fact_AnalyticsMart_Managed_MPNID,Az_Derivatives_Security_DataAICR,decimal,Deprecate,,,
analytics,vw_Fact_AnalyticsMart_Managed_MPNID,Az_Derivatives_Storage_DataAICR,decimal,Deprecate,,,
analytics,vw_Fact_AnalyticsMart_Managed_MPNID,Az_Derivatives_Unknown_DataAICR,decimal,Deprecate,,,
analytics,vw_Fact_AnalyticsMart_Managed_MPNID,Az_Derivatives_Web_DataAICR,decimal,Deprecate,,,
analytics,vw_Fact_AnalyticsMart_Managed_MPNID,Az_Derivatives_Windows_Virtual_Desktop_DataAICR,decimal,Deprecate,,,
analytics,vw_Fact_AnalyticsMart_Managed_MPNID,Az_Derivatives_AI_+_Machine_Learning_AzureSecurityCR,decimal,Deprecate,,,
analytics,vw_Fact_AnalyticsMart_Managed_MPNID,Az_Derivatives_Analytics_AzureSecurityCR,decimal,Deprecate,,,
analytics,vw_Fact_AnalyticsMart_Managed_MPNID,Az_Derivatives_Azure_Arc_AzureSecurityCR,decimal,Deprecate,,,
analytics,vw_Fact_AnalyticsMart_Managed_MPNID,Az_Derivatives_Azure_Communication_Services_AzureSecurityCR,decimal,Deprecate,,,
analytics,vw_Fact_AnalyticsMart_Managed_MPNID,Az_Derivatives_Azure_Stack_AzureSecurityCR,decimal,Deprecate,,,
analytics,vw_Fact_AnalyticsMart_Managed_MPNID,Az_Derivatives_Blockchain_AzureSecurityCR,decimal,Deprecate,,,
analytics,vw_Fact_AnalyticsMart_Managed_MPNID,Az_Derivatives_Compute_AzureSecurityCR,decimal,Deprecate,,,
analytics,vw_Fact_AnalyticsMart_Managed_MPNID,Az_Derivatives_Containers_AzureSecurityCR,decimal,Deprecate,,,
analytics,vw_Fact_AnalyticsMart_Managed_MPNID,Az_Derivatives_Databases_AzureSecurityCR,decimal,Deprecate,,,
analytics,vw_Fact_AnalyticsMart_Managed_MPNID,Az_Derivatives_Developer_Tools_AzureSecurityCR,decimal,Deprecate,,,
analytics,vw_Fact_AnalyticsMart_Managed_MPNID,Az_Derivatives_Gaming_AzureSecurityCR,decimal,Deprecate,,,
analytics,vw_Fact_AnalyticsMart_Managed_MPNID,Az_Derivatives_Integration_AzureSecurityCR,decimal,Deprecate,,,
analytics,vw_Fact_AnalyticsMart_Managed_MPNID,Az_Derivatives_Internet_of_Things_AzureSecurityCR,decimal,Deprecate,,,
analytics,vw_Fact_AnalyticsMart_Managed_MPNID,Az_Derivatives_Management_and_Governance_AzureSecurityCR,decimal,Deprecate,,,
analytics,vw_Fact_AnalyticsMart_Managed_MPNID,Az_Derivatives_Microsoft_Syntex_AzureSecurityCR,decimal,Deprecate,,,
analytics,vw_Fact_AnalyticsMart_Managed_MPNID,Az_Derivatives_Mixed_Reality_AzureSecurityCR,decimal,Deprecate,,,
analytics,vw_Fact_AnalyticsMart_Managed_MPNID,Az_Derivatives_Mobile_AzureSecurityCR,decimal,Deprecate,,,
analytics,vw_Fact_AnalyticsMart_Managed_MPNID,Az_Derivatives_Networking_AzureSecurityCR,decimal,Deprecate,,,
analytics,vw_Fact_AnalyticsMart_Managed_MPNID,Az_Derivatives_Other_AzureSecurityCR,decimal,Deprecate,,,
analytics,vw_Fact_AnalyticsMart_Managed_MPNID,Az_Derivatives_Power_Platform_AzureSecurityCR,decimal,Deprecate,,,
analytics,vw_Fact_AnalyticsMart_Managed_MPNID,Az_Derivatives_Quantum_Computing_AzureSecurityCR,decimal,Deprecate,,,
analytics,vw_Fact_AnalyticsMart_Managed_MPNID,Az_Derivatives_Security_AzureSecurityCR,decimal,Deprecate,,,
analytics,vw_Fact_AnalyticsMart_Managed_MPNID,Az_Derivatives_Storage_AzureSecurityCR,decimal,Deprecate,,,
analytics,vw_Fact_AnalyticsMart_Managed_MPNID,Az_Derivatives_Unknown_AzureSecurityCR,decimal,Deprecate,,,
analytics,vw_Fact_AnalyticsMart_Managed_MPNID,Az_Derivatives_Web_AzureSecurityCR,decimal,Deprecate,,,
analytics,vw_Fact_AnalyticsMart_Managed_MPNID,Az_Derivatives_Windows_Virtual_Desktop_AzureSecurityCR,decimal,Deprecate,,,
analytics,vw_Fact_AnalyticsMart_Managed_MPNID,Az_Derivatives_AI_+_Machine_Learning_AzureAppInnovationCR,decimal,Deprecate,,,
analytics,vw_Fact_AnalyticsMart_Managed_MPNID,Az_Derivatives_Analytics_AzureAppInnovationCR,decimal,Deprecate,,,
analytics,vw_Fact_AnalyticsMart_Managed_MPNID,Az_Derivatives_Azure_Arc_AzureAppInnovationCR,decimal,Deprecate,,,
analytics,vw_Fact_AnalyticsMart_Managed_MPNID,Az_Derivatives_Azure_Communication_Services_AzureAppInnovationCR,decimal,Deprecate,,,
analytics,vw_Fact_AnalyticsMart_Managed_MPNID,Az_Derivatives_Azure_Stack_AzureAppInnovationCR,decimal,Deprecate,,,
analytics,vw_Fact_AnalyticsMart_Managed_MPNID,Az_Derivatives_Blockchain_AzureAppInnovationCR,decimal,Deprecate,,,
analytics,vw_Fact_AnalyticsMart_Managed_MPNID,Az_Derivatives_Compute_AzureAppInnovationCR,decimal,Deprecate,,,
analytics,vw_Fact_AnalyticsMart_Managed_MPNID,Az_Derivatives_Containers_AzureAppInnovationCR,decimal,Deprecate,,,
analytics,vw_Fact_AnalyticsMart_Managed_MPNID,Az_Derivatives_Databases_AzureAppInnovationCR,decimal,Deprecate,,,
analytics,vw_Fact_AnalyticsMart_Managed_MPNID,Az_Derivatives_Developer_Tools_AzureAppInnovationCR,decimal,Deprecate,,,
analytics,vw_Fact_AnalyticsMart_Managed_MPNID,Az_Derivatives_Gaming_AzureAppInnovationCR,decimal,Deprecate,,,
analytics,vw_Fact_AnalyticsMart_Managed_MPNID,Az_Derivatives_Integration_AzureAppInnovationCR,decimal,Deprecate,,,
analytics,vw_Fact_AnalyticsMart_Managed_MPNID,Az_Derivatives_Internet_of_Things_AzureAppInnovationCR,decimal,Deprecate,,,
analytics,vw_Fact_AnalyticsMart_Managed_MPNID,Az_Derivatives_Management_and_Governance_AzureAppInnovationCR,decimal,Deprecate,,,
analytics,vw_Fact_AnalyticsMart_Managed_MPNID,Az_Derivatives_Microsoft_Syntex_AzureAppInnovationCR,decimal,Deprecate,,,
analytics,vw_Fact_AnalyticsMart_Managed_MPNID,Az_Derivatives_Mixed_Reality_AzureAppInnovationCR,decimal,Deprecate,,,
analytics,vw_Fact_AnalyticsMart_Managed_MPNID,Az_Derivatives_Mobile_AzureAppInnovationCR,decimal,Deprecate,,,
analytics,vw_Fact_AnalyticsMart_Managed_MPNID,Az_Derivatives_Networking_AzureAppInnovationCR,decimal,Deprecate,,,
analytics,vw_Fact_AnalyticsMart_Managed_MPNID,Az_Derivatives_Other_AzureAppInnovationCR,decimal,Deprecate,,,
analytics,vw_Fact_AnalyticsMart_Managed_MPNID,Az_Derivatives_Power_Platform_AzureAppInnovationCR,decimal,Deprecate,,,
analytics,vw_Fact_AnalyticsMart_Managed_MPNID,Az_Derivatives_Quantum_Computing_AzureAppInnovationCR,decimal,Deprecate,,,
analytics,vw_Fact_AnalyticsMart_Managed_MPNID,Az_Derivatives_Security_AzureAppInnovationCR,decimal,Deprecate,,,
analytics,vw_Fact_AnalyticsMart_Managed_MPNID,Az_Derivatives_Storage_AzureAppInnovationCR,decimal,Deprecate,,,
analytics,vw_Fact_AnalyticsMart_Managed_MPNID,Az_Derivatives_Unknown_AzureAppInnovationCR,decimal,Deprecate,,,
analytics,vw_Fact_AnalyticsMart_Managed_MPNID,Az_Derivatives_Web_AzureAppInnovationCR,decimal,Deprecate,,,
analytics,vw_Fact_AnalyticsMart_Managed_MPNID,Az_Derivatives_Windows_Virtual_Desktop_AzureAppInnovationCR,decimal,Deprecate,,,
analytics,vw_Fact_AnalyticsMart_Managed_MPNID,Az_Derivatives_AI_+_Machine_Learning_AzureInfraCR,decimal,Deprecate,,,
analytics,vw_Fact_AnalyticsMart_Managed_MPNID,Az_Derivatives_Analytics_AzureInfraCR,decimal,Deprecate,,,
analytics,vw_Fact_AnalyticsMart_Managed_MPNID,Az_Derivatives_Azure_Arc_AzureInfraCR,decimal,Deprecate,,,
analytics,vw_Fact_AnalyticsMart_Managed_MPNID,Az_Derivatives_Azure_Communication_Services_AzureInfraCR,decimal,Deprecate,,,
analytics,vw_Fact_AnalyticsMart_Managed_MPNID,Az_Derivatives_Azure_Stack_AzureInfraCR,decimal,Deprecate,,,
analytics,vw_Fact_AnalyticsMart_Managed_MPNID,Az_Derivatives_Blockchain_AzureInfraCR,decimal,Deprecate,,,
analytics,vw_Fact_AnalyticsMart_Managed_MPNID,Az_Derivatives_Compute_AzureInfraCR,decimal,Deprecate,,,
analytics,vw_Fact_AnalyticsMart_Managed_MPNID,Az_Derivatives_Containers_AzureInfraCR,decimal,Deprecate,,,
analytics,vw_Fact_AnalyticsMart_Managed_MPNID,Az_Derivatives_Databases_AzureInfraCR,decimal,Deprecate,,,
analytics,vw_Fact_AnalyticsMart_Managed_MPNID,Az_Derivatives_Developer_Tools_AzureInfraCR,decimal,Deprecate,,,
analytics,vw_Fact_AnalyticsMart_Managed_MPNID,Az_Derivatives_Gaming_AzureInfraCR,decimal,Deprecate,,,
analytics,vw_Fact_AnalyticsMart_Managed_MPNID,Az_Derivatives_Integration_AzureInfraCR,decimal,Deprecate,,,
analytics,vw_Fact_AnalyticsMart_Managed_MPNID,Az_Derivatives_Internet_of_Things_AzureInfraCR,decimal,Deprecate,,,
analytics,vw_Fact_AnalyticsMart_Managed_MPNID,Az_Derivatives_Management_and_Governance_AzureInfraCR,decimal,Deprecate,,,
analytics,vw_Fact_AnalyticsMart_Managed_MPNID,Az_Derivatives_Microsoft_Syntex_AzureInfraCR,decimal,Deprecate,,,
analytics,vw_Fact_AnalyticsMart_Managed_MPNID,Az_Derivatives_Mixed_Reality_AzureInfraCR,decimal,Deprecate,,,
analytics,vw_Fact_AnalyticsMart_Managed_MPNID,Az_Derivatives_Mobile_AzureInfraCR,decimal,Deprecate,,,
analytics,vw_Fact_AnalyticsMart_Managed_MPNID,Az_Derivatives_Networking_AzureInfraCR,decimal,Deprecate,,,
analytics,vw_Fact_AnalyticsMart_Managed_MPNID,Az_Derivatives_Other_AzureInfraCR,decimal,Deprecate,,,
analytics,vw_Fact_AnalyticsMart_Managed_MPNID,Az_Derivatives_Power_Platform_AzureInfraCR,decimal,Deprecate,,,
analytics,vw_Fact_AnalyticsMart_Managed_MPNID,Az_Derivatives_Quantum_Computing_AzureInfraCR,decimal,Deprecate,,,
analytics,vw_Fact_AnalyticsMart_Managed_MPNID,Az_Derivatives_Security_AzureInfraCR,decimal,Deprecate,,,
analytics,vw_Fact_AnalyticsMart_Managed_MPNID,Az_Derivatives_Storage_AzureInfraCR,decimal,Deprecate,,,
analytics,vw_Fact_AnalyticsMart_Managed_MPNID,Az_Derivatives_Unknown_AzureInfraCR,decimal,Deprecate,,,
analytics,vw_Fact_AnalyticsMart_Managed_MPNID,Az_Derivatives_Web_AzureInfraCR,decimal,Deprecate,,,
analytics,vw_Fact_AnalyticsMart_Managed_MPNID,Az_Derivatives_Windows_Virtual_Desktop_AzureInfraCR,decimal,Deprecate,,,
analytics,vw_Fact_AnalyticsMart_Managed_MPNID,Az_Deployment_Count,bigint,Deprecate,,,
analytics,vw_Fact_AnalyticsMart_Managed_MPNID,EA_Expiration_Revenue,float,Deprecate,,,
analytics,vw_Fact_AnalyticsMart_Managed_MPNID,EA_NotRenewed_Revenue,float,Deprecate,,,
analytics,vw_Fact_AnalyticsMart_Managed_MPNID,GTMEngagedUserCount,bigint,Deprecate,,,
analytics,vw_Fact_AnalyticsMart_Managed_MPNID,Az_Derivatives_Azure_Data_-_Cross_Functional_ACR,decimal,Deprecate,,,
analytics,vw_Fact_AnalyticsMart_Managed_MPNID,Az_Derivatives_Azure_MDC_ACR,decimal,Deprecate,,,
analytics,vw_Fact_AnalyticsMart_Managed_MPNID,Az_Derivatives_Azure_Security_ACR,decimal,Deprecate,,,
analytics,vw_Fact_AnalyticsMart_Managed_MPNID,Az_Derivatives_Data_ACR,decimal,Deprecate,,,
analytics,vw_Fact_AnalyticsMart_Managed_MPNID,Az_Derivatives_Dynamics_ACR,decimal,Deprecate,,,
analytics,vw_Fact_AnalyticsMart_Managed_MPNID,Az_Derivatives_Telecommunications_ACR,decimal,Deprecate,,,
analytics,vw_Fact_AnalyticsMart_Managed_MPNID,Az_Derivatives_Test_Service_Family_ACR,decimal,Deprecate,,,
analytics,vw_Fact_AnalyticsMart_Managed_MPNID,Az_Derivatives_Azure_Data_-_Cross_Functional_DataAICR,decimal,Deprecate,,,
analytics,vw_Fact_AnalyticsMart_Managed_MPNID,Az_Derivatives_Azure_MDC_DataAICR,decimal,Deprecate,,,
analytics,vw_Fact_AnalyticsMart_Managed_MPNID,Az_Derivatives_Azure_Security_DataAICR,decimal,Deprecate,,,
analytics,vw_Fact_AnalyticsMart_Managed_MPNID,Az_Derivatives_Data_DataAICR,decimal,Deprecate,,,
analytics,vw_Fact_AnalyticsMart_Managed_MPNID,Az_Derivatives_Dynamics_DataAICR,decimal,Deprecate,,,
analytics,vw_Fact_AnalyticsMart_Managed_MPNID,Az_Derivatives_Telecommunications_DataAICR,decimal,Deprecate,,,
analytics,vw_Fact_AnalyticsMart_Managed_MPNID,Az_Derivatives_Test_Service_Family_DataAICR,decimal,Deprecate,,,
analytics,vw_Fact_AnalyticsMart_Managed_MPNID,Az_Derivatives_Azure_Data_-_Cross_Functional_AzureSecurityCR,decimal,Deprecate,,,
analytics,vw_Fact_AnalyticsMart_Managed_MPNID,Az_Derivatives_Azure_MDC_AzureSecurityCR,decimal,Deprecate,,,
analytics,vw_Fact_AnalyticsMart_Managed_MPNID,Az_Derivatives_Azure_Security_AzureSecurityCR,decimal,Deprecate,,,
analytics,vw_Fact_AnalyticsMart_Managed_MPNID,Az_Derivatives_Data_AzureSecurityCR,decimal,Deprecate,,,
analytics,vw_Fact_AnalyticsMart_Managed_MPNID,Az_Derivatives_Dynamics_AzureSecurityCR,decimal,Deprecate,,,
analytics,vw_Fact_AnalyticsMart_Managed_MPNID,Az_Derivatives_Telecommunications_AzureSecurityCR,decimal,Deprecate,,,
analytics,vw_Fact_AnalyticsMart_Managed_MPNID,Az_Derivatives_Test_Service_Family_AzureSecurityCR,decimal,Deprecate,,,
analytics,vw_Fact_AnalyticsMart_Managed_MPNID,Az_Derivatives_Azure_Data_-_Cross_Functional_AzureAppInnovationCR,decimal,Deprecate,,,
analytics,vw_Fact_AnalyticsMart_Managed_MPNID,Az_Derivatives_Azure_MDC_AzureAppInnovationCR,decimal,Deprecate,,,
analytics,vw_Fact_AnalyticsMart_Managed_MPNID,Az_Derivatives_Azure_Security_AzureAppInnovationCR,decimal,Deprecate,,,
analytics,vw_Fact_AnalyticsMart_Managed_MPNID,Az_Derivatives_Data_AzureAppInnovationCR,decimal,Deprecate,,,
analytics,vw_Fact_AnalyticsMart_Managed_MPNID,Az_Derivatives_Dynamics_AzureAppInnovationCR,decimal,Deprecate,,,
analytics,vw_Fact_AnalyticsMart_Managed_MPNID,Az_Derivatives_Telecommunications_AzureAppInnovationCR,decimal,Deprecate,,,
analytics,vw_Fact_AnalyticsMart_Managed_MPNID,Az_Derivatives_Test_Service_Family_AzureAppInnovationCR,decimal,Deprecate,,,
analytics,vw_Fact_AnalyticsMart_Managed_MPNID,Az_Derivatives_Azure_Data_-_Cross_Functional_AzureInfraCR,decimal,Deprecate,,,
analytics,vw_Fact_AnalyticsMart_Managed_MPNID,Az_Derivatives_Azure_MDC_AzureInfraCR,decimal,Deprecate,,,
analytics,vw_Fact_AnalyticsMart_Managed_MPNID,Az_Derivatives_Azure_Security_AzureInfraCR,decimal,Deprecate,,,
analytics,vw_Fact_AnalyticsMart_Managed_MPNID,Az_Derivatives_Data_AzureInfraCR,decimal,Deprecate,,,
analytics,vw_Fact_AnalyticsMart_Managed_MPNID,Az_Derivatives_Dynamics_AzureInfraCR,decimal,Deprecate,,,
analytics,vw_Fact_AnalyticsMart_Managed_MPNID,Az_Derivatives_Telecommunications_AzureInfraCR,decimal,Deprecate,,,
analytics,vw_Fact_AnalyticsMart_Managed_MPNID,Az_Derivatives_Test_Service_Family_AzureInfraCR,decimal,Deprecate,,,
analytics,vw_Fact_AnalyticsMart_Managed_MPNID,TransactionAmountUSD,float,Deprecate,,,
analytics,vw_Fact_AnalyticsMart_Managed_MPNID,EarningAmountUSD,float,Deprecate,,,
analytics,vw_Fact_AnalyticsMart_Managed_MPNID,AmountPaidUSD,float,Deprecate,,,
analytics,vw_Fact_AnalyticsMart_Managed_MPNID,Inc_Earned_Amount,float,Deprecate,,,
analytics,vw_Fact_AnalyticsMart_Managed_MPNID,Inc_Transaction_Amount,float,Deprecate,,,
analytics,vw_Fact_AnalyticsMart_MPNID,PartnerOneID,varchar,Deprecate,,,
analytics,vw_Fact_AnalyticsMart_MPNID,PartnerGlobalID,varchar,Deprecate,,,
analytics,vw_Fact_AnalyticsMart_MPNID,MPNID,varchar,Deprecate,,,
analytics,vw_Fact_AnalyticsMart_MPNID,CalendarDate,varchar,Deprecate,,,
analytics,vw_Fact_AnalyticsMart_MPNID,DateKey,varchar,Deprecate,,,
analytics,vw_Fact_AnalyticsMart_MPNID,SubsidiaryID,varchar,Deprecate,,,
analytics,vw_Fact_AnalyticsMart_MPNID,SubsidiaryName,varchar,Deprecate,,,
analytics,vw_Fact_AnalyticsMart_MPNID,AreaName,varchar,Deprecate,,,
analytics,vw_Fact_AnalyticsMart_MPNID,RegionName,varchar,Deprecate,,,
analytics,vw_Fact_AnalyticsMart_MPNID,SubRegionName,varchar,Deprecate,,,
analytics,vw_Fact_AnalyticsMart_MPNID,CustomTimeZone,varchar,Deprecate,,,
analytics,vw_Fact_AnalyticsMart_MPNID,ISV,int,Deprecate,,,
analytics,vw_Fact_AnalyticsMart_MPNID,MicrosoftActionPackSubscription,int,Deprecate,,,
analytics,vw_Fact_AnalyticsMart_MPNID,PartnerSuccessExpandedKit,int,Deprecate,,,
analytics,vw_Fact_AnalyticsMart_MPNID,TrainingProgram,int,Deprecate,,,
analytics,vw_Fact_AnalyticsMart_MPNID,LegacyGold,int,Deprecate,,,
analytics,vw_Fact_AnalyticsMart_MPNID,ISVSuccessProgram,int,Deprecate,,,
analytics,vw_Fact_AnalyticsMart_MPNID,PartnerSuccessCoreKit,int,Deprecate,,,
analytics,vw_Fact_AnalyticsMart_MPNID,PMC_UniqueAssets,bigint,Deprecate,,,
analytics,vw_Fact_AnalyticsMart_MPNID,AzureInfraPCIStatus,int,Deprecate,,,
analytics,vw_Fact_AnalyticsMart_MPNID,AzureDigiAppPCIStatus,int,Deprecate,,,
analytics,vw_Fact_AnalyticsMart_MPNID,AzureDataAIPCIStatus,int,Deprecate,,,
analytics,vw_Fact_AnalyticsMart_MPNID,ModernPCIStatus,int,Deprecate,,,
analytics,vw_Fact_AnalyticsMart_MPNID,SecurityPCIStatus,int,Deprecate,,,
analytics,vw_Fact_AnalyticsMart_MPNID,BAGPCIStatus,int,Deprecate,,,
analytics,vw_Fact_AnalyticsMart_MPNID,ASPs_Attempted,bigint,Deprecate,,,
analytics,vw_Fact_AnalyticsMart_MPNID,ASPs_Approved,bigint,Deprecate,,,
analytics,vw_Fact_AnalyticsMart_MPNID,CountofBusinessProfiles,bigint,Deprecate,,,
analytics,vw_Fact_AnalyticsMart_MPNID,Geographies_ANZ,bigint,Deprecate,,,
analytics,vw_Fact_AnalyticsMart_MPNID,BilledRevenue,decimal,Deprecate,,,
analytics,vw_Fact_AnalyticsMart_MPNID,DataAndAI_BilledRevenue,decimal,Deprecate,,,
analytics,vw_Fact_AnalyticsMart_MPNID,MW_BilledRevenue,decimal,Deprecate,,,
analytics,vw_Fact_AnalyticsMart_MPNID,BizApps_BilledRevenue,decimal,Deprecate,,,
analytics,vw_Fact_AnalyticsMart_MPNID,ML_BilledRevenue,decimal,Deprecate,,,
analytics,vw_Fact_AnalyticsMart_MPNID,AppsInfra_BilledRevenue,decimal,Deprecate,,,
analytics,vw_Fact_AnalyticsMart_MPNID,CSP_ACR,decimal,Deprecate,,,
analytics,vw_Fact_AnalyticsMart_MPNID,CSP_BilledRevenue,decimal,Deprecate,,,
analytics,vw_Fact_AnalyticsMart_MPNID,Az_Derivatives_AI_+_Machine_Learning_ACR,decimal,Deprecate,,,
analytics,vw_Fact_AnalyticsMart_MPNID,Az_Derivatives_Analytics_ACR,decimal,Deprecate,,,
analytics,vw_Fact_AnalyticsMart_MPNID,Az_Derivatives_Azure_Arc_ACR,decimal,Deprecate,,,
analytics,vw_Fact_AnalyticsMart_MPNID,Az_Derivatives_Azure_Communication_Services_ACR,decimal,Deprecate,,,
analytics,vw_Fact_AnalyticsMart_MPNID,Az_Derivatives_Azure_Stack_ACR,decimal,Deprecate,,,
analytics,vw_Fact_AnalyticsMart_MPNID,Az_Derivatives_Blockchain_ACR,decimal,Deprecate,,,
analytics,vw_Fact_AnalyticsMart_MPNID,Az_Derivatives_Compute_ACR,decimal,Deprecate,,,
analytics,vw_Fact_AnalyticsMart_MPNID,Az_Derivatives_Containers_ACR,decimal,Deprecate,,,
analytics,vw_Fact_AnalyticsMart_MPNID,Az_Derivatives_Databases_ACR,decimal,Deprecate,,,
analytics,vw_Fact_AnalyticsMart_MPNID,Az_Derivatives_Developer_Tools_ACR,decimal,Deprecate,,,
analytics,vw_Fact_AnalyticsMart_MPNID,Az_Derivatives_Gaming_ACR,decimal,Deprecate,,,
analytics,vw_Fact_AnalyticsMart_MPNID,Az_Derivatives_Integration_ACR,decimal,Deprecate,,,
analytics,vw_Fact_AnalyticsMart_MPNID,Az_Derivatives_Internet_of_Things_ACR,decimal,Deprecate,,,
analytics,vw_Fact_AnalyticsMart_MPNID,Az_Derivatives_Management_and_Governance_ACR,decimal,Deprecate,,,
analytics,vw_Fact_AnalyticsMart_MPNID,Az_Derivatives_Microsoft_Syntex_ACR,decimal,Deprecate,,,
analytics,vw_Fact_AnalyticsMart_MPNID,Az_Derivatives_Mixed_Reality_ACR,decimal,Deprecate,,,
analytics,vw_Fact_AnalyticsMart_MPNID,Az_Derivatives_Mobile_ACR,decimal,Deprecate,,,
analytics,vw_Fact_AnalyticsMart_MPNID,Az_Derivatives_Networking_ACR,decimal,Deprecate,,,
analytics,vw_Fact_AnalyticsMart_MPNID,Az_Derivatives_Other_ACR,decimal,Deprecate,,,
analytics,vw_Fact_AnalyticsMart_MPNID,Az_Derivatives_Power_Platform_ACR,decimal,Deprecate,,,
analytics,vw_Fact_AnalyticsMart_MPNID,Az_Derivatives_Quantum_Computing_ACR,decimal,Deprecate,,,
analytics,vw_Fact_AnalyticsMart_MPNID,Az_Derivatives_Security_ACR,decimal,Deprecate,,,
analytics,vw_Fact_AnalyticsMart_MPNID,Az_Derivatives_Storage_ACR,decimal,Deprecate,,,
analytics,vw_Fact_AnalyticsMart_MPNID,Az_Derivatives_Unknown_ACR,decimal,Deprecate,,,
analytics,vw_Fact_AnalyticsMart_MPNID,Az_Derivatives_Web_ACR,decimal,Deprecate,,,
analytics,vw_Fact_AnalyticsMart_MPNID,Az_Derivatives_Windows_Virtual_Desktop_ACR,decimal,Deprecate,,,
analytics,vw_Fact_AnalyticsMart_MPNID,Az_Derivatives_AI_+_Machine_Learning_DataAICR,decimal,Deprecate,,,
analytics,vw_Fact_AnalyticsMart_MPNID,Az_Derivatives_Analytics_DataAICR,decimal,Deprecate,,,
analytics,vw_Fact_AnalyticsMart_MPNID,Az_Derivatives_Azure_Arc_DataAICR,decimal,Deprecate,,,
analytics,vw_Fact_AnalyticsMart_MPNID,Az_Derivatives_Azure_Communication_Services_DataAICR,decimal,Deprecate,,,
analytics,vw_Fact_AnalyticsMart_MPNID,Az_Derivatives_Azure_Stack_DataAICR,decimal,Deprecate,,,
analytics,vw_Fact_AnalyticsMart_MPNID,Az_Derivatives_Blockchain_DataAICR,decimal,Deprecate,,,
analytics,vw_Fact_AnalyticsMart_MPNID,Az_Derivatives_Compute_DataAICR,decimal,Deprecate,,,
analytics,vw_Fact_AnalyticsMart_MPNID,Az_Derivatives_Containers_DataAICR,decimal,Deprecate,,,
analytics,vw_Fact_AnalyticsMart_MPNID,Az_Derivatives_Databases_DataAICR,decimal,Deprecate,,,
analytics,vw_Fact_AnalyticsMart_MPNID,Az_Derivatives_Developer_Tools_DataAICR,decimal,Deprecate,,,
analytics,vw_Fact_AnalyticsMart_MPNID,Az_Derivatives_Gaming_DataAICR,decimal,Deprecate,,,
analytics,vw_Fact_AnalyticsMart_MPNID,Az_Derivatives_Integration_DataAICR,decimal,Deprecate,,,
analytics,vw_Fact_AnalyticsMart_MPNID,Az_Derivatives_Internet_of_Things_DataAICR,decimal,Deprecate,,,
analytics,vw_Fact_AnalyticsMart_MPNID,Az_Derivatives_Management_and_Governance_DataAICR,decimal,Deprecate,,,
analytics,vw_Fact_AnalyticsMart_MPNID,Az_Derivatives_Microsoft_Syntex_DataAICR,decimal,Deprecate,,,
analytics,vw_Fact_AnalyticsMart_MPNID,Az_Derivatives_Mixed_Reality_DataAICR,decimal,Deprecate,,,
analytics,vw_Fact_AnalyticsMart_MPNID,Az_Derivatives_Mobile_DataAICR,decimal,Deprecate,,,
analytics,vw_Fact_AnalyticsMart_MPNID,Az_Derivatives_Networking_DataAICR,decimal,Deprecate,,,
analytics,vw_Fact_AnalyticsMart_MPNID,Az_Derivatives_Other_DataAICR,decimal,Deprecate,,,
analytics,vw_Fact_AnalyticsMart_MPNID,FRA,decimal,Deprecate,,,
analytics,vw_Fact_AnalyticsMart_MPNID,Az_Derivatives_Power_Platform_DataAICR,decimal,Deprecate,,,
analytics,vw_Fact_AnalyticsMart_MPNID,Az_Derivatives_Quantum_Computing_DataAICR,decimal,Deprecate,,,
analytics,vw_Fact_AnalyticsMart_MPNID,Az_Derivatives_Security_DataAICR,decimal,Deprecate,,,
analytics,vw_Fact_AnalyticsMart_MPNID,Az_Derivatives_Storage_DataAICR,decimal,Deprecate,,,
analytics,vw_Fact_AnalyticsMart_MPNID,Az_Derivatives_Unknown_DataAICR,decimal,Deprecate,,,
analytics,vw_Fact_AnalyticsMart_MPNID,Az_Derivatives_Web_DataAICR,decimal,Deprecate,,,
analytics,vw_Fact_AnalyticsMart_MPNID,Az_Derivatives_Windows_Virtual_Desktop_DataAICR,decimal,Deprecate,,,
analytics,vw_Fact_AnalyticsMart_MPNID,Az_Derivatives_AI_+_Machine_Learning_AzureSecurityCR,decimal,Deprecate,,,
analytics,vw_Fact_AnalyticsMart_MPNID,Az_Derivatives_Analytics_AzureSecurityCR,decimal,Deprecate,,,
analytics,vw_Fact_AnalyticsMart_MPNID,Az_Derivatives_Azure_Arc_AzureSecurityCR,decimal,Deprecate,,,
analytics,vw_Fact_AnalyticsMart_MPNID,Az_Derivatives_Azure_Communication_Services_AzureSecurityCR,decimal,Deprecate,,,
analytics,vw_Fact_AnalyticsMart_MPNID,Az_Derivatives_Azure_Stack_AzureSecurityCR,decimal,Deprecate,,,
analytics,vw_Fact_AnalyticsMart_MPNID,Az_Derivatives_Blockchain_AzureSecurityCR,decimal,Deprecate,,,
analytics,vw_Fact_AnalyticsMart_MPNID,Az_Derivatives_Compute_AzureSecurityCR,decimal,Deprecate,,,
analytics,vw_Fact_AnalyticsMart_MPNID,Az_Derivatives_Containers_AzureSecurityCR,decimal,Deprecate,,,
analytics,vw_Fact_AnalyticsMart_MPNID,Az_Derivatives_Databases_AzureSecurityCR,decimal,Deprecate,,,
analytics,vw_Fact_AnalyticsMart_MPNID,Az_Derivatives_Developer_Tools_AzureSecurityCR,decimal,Deprecate,,,
analytics,vw_Fact_AnalyticsMart_MPNID,Az_Derivatives_Gaming_AzureSecurityCR,decimal,Deprecate,,,
analytics,vw_Fact_AnalyticsMart_MPNID,Az_Derivatives_Integration_AzureSecurityCR,decimal,Deprecate,,,
analytics,vw_Fact_AnalyticsMart_MPNID,Az_Derivatives_Internet_of_Things_AzureSecurityCR,decimal,Deprecate,,,
analytics,vw_Fact_AnalyticsMart_MPNID,Az_Derivatives_Management_and_Governance_AzureSecurityCR,decimal,Deprecate,,,
analytics,vw_Fact_AnalyticsMart_MPNID,Az_Derivatives_Microsoft_Syntex_AzureSecurityCR,decimal,Deprecate,,,
analytics,vw_Fact_AnalyticsMart_MPNID,Az_Derivatives_Mixed_Reality_AzureSecurityCR,decimal,Deprecate,,,
analytics,vw_Fact_AnalyticsMart_MPNID,Az_Derivatives_Mobile_AzureSecurityCR,decimal,Deprecate,,,
analytics,vw_Fact_AnalyticsMart_MPNID,Az_Derivatives_Networking_AzureSecurityCR,decimal,Deprecate,,,
analytics,vw_Fact_AnalyticsMart_MPNID,Az_Derivatives_Other_AzureSecurityCR,decimal,Deprecate,,,
analytics,vw_Fact_AnalyticsMart_MPNID,Az_Derivatives_Power_Platform_AzureSecurityCR,decimal,Deprecate,,,
analytics,vw_Fact_AnalyticsMart_MPNID,Az_Derivatives_Quantum_Computing_AzureSecurityCR,decimal,Deprecate,,,
analytics,vw_Fact_AnalyticsMart_MPNID,Az_Derivatives_Security_AzureSecurityCR,decimal,Deprecate,,,
analytics,vw_Fact_AnalyticsMart_MPNID,Az_Derivatives_Storage_AzureSecurityCR,decimal,Deprecate,,,
analytics,vw_Fact_AnalyticsMart_MPNID,Az_Derivatives_Unknown_AzureSecurityCR,decimal,Deprecate,,,
analytics,vw_Fact_AnalyticsMart_MPNID,Az_Derivatives_Web_AzureSecurityCR,decimal,Deprecate,,,
analytics,vw_Fact_AnalyticsMart_MPNID,Az_Derivatives_Windows_Virtual_Desktop_AzureSecurityCR,decimal,Deprecate,,,
analytics,vw_Fact_AnalyticsMart_MPNID,Az_Derivatives_AI_+_Machine_Learning_AzureAppInnovationCR,decimal,Deprecate,,,
analytics,vw_Fact_AnalyticsMart_MPNID,Az_Derivatives_Analytics_AzureAppInnovationCR,decimal,Deprecate,,,
analytics,vw_Fact_AnalyticsMart_MPNID,Az_Derivatives_Azure_Arc_AzureAppInnovationCR,decimal,Deprecate,,,
analytics,vw_Fact_AnalyticsMart_MPNID,Az_Derivatives_Azure_Communication_Services_AzureAppInnovationCR,decimal,Deprecate,,,
analytics,vw_Fact_AnalyticsMart_MPNID,Az_Derivatives_Azure_Stack_AzureAppInnovationCR,decimal,Deprecate,,,
analytics,vw_Fact_AnalyticsMart_MPNID,Az_Derivatives_Blockchain_AzureAppInnovationCR,decimal,Deprecate,,,
analytics,vw_Fact_AnalyticsMart_MPNID,Az_Derivatives_Compute_AzureAppInnovationCR,decimal,Deprecate,,,
analytics,vw_Fact_AnalyticsMart_MPNID,Az_Derivatives_Containers_AzureAppInnovationCR,decimal,Deprecate,,,
analytics,vw_Fact_AnalyticsMart_MPNID,Az_Derivatives_Databases_AzureAppInnovationCR,decimal,Deprecate,,,
analytics,vw_Fact_AnalyticsMart_MPNID,Az_Derivatives_Developer_Tools_AzureAppInnovationCR,decimal,Deprecate,,,
analytics,vw_Fact_AnalyticsMart_MPNID,Az_Derivatives_Gaming_AzureAppInnovationCR,decimal,Deprecate,,,
analytics,vw_Fact_AnalyticsMart_MPNID,Az_Derivatives_Integration_AzureAppInnovationCR,decimal,Deprecate,,,
analytics,vw_Fact_AnalyticsMart_MPNID,Az_Derivatives_Internet_of_Things_AzureAppInnovationCR,decimal,Deprecate,,,
analytics,vw_Fact_AnalyticsMart_MPNID,Az_Derivatives_Management_and_Governance_AzureAppInnovationCR,decimal,Deprecate,,,
analytics,vw_Fact_AnalyticsMart_MPNID,Az_Derivatives_Microsoft_Syntex_AzureAppInnovationCR,decimal,Deprecate,,,
analytics,vw_Fact_AnalyticsMart_MPNID,Az_Derivatives_Mixed_Reality_AzureAppInnovationCR,decimal,Deprecate,,,
analytics,vw_Fact_AnalyticsMart_MPNID,Az_Derivatives_Mobile_AzureAppInnovationCR,decimal,Deprecate,,,
analytics,vw_Fact_AnalyticsMart_MPNID,Az_Derivatives_Networking_AzureAppInnovationCR,decimal,Deprecate,,,
analytics,vw_Fact_AnalyticsMart_MPNID,Az_Derivatives_Other_AzureAppInnovationCR,decimal,Deprecate,,,
analytics,vw_Fact_AnalyticsMart_MPNID,Az_Derivatives_Power_Platform_AzureAppInnovationCR,decimal,Deprecate,,,
analytics,vw_Fact_AnalyticsMart_MPNID,Az_Derivatives_Quantum_Computing_AzureAppInnovationCR,decimal,Deprecate,,,
analytics,vw_Fact_AnalyticsMart_MPNID,Az_Derivatives_Security_AzureAppInnovationCR,decimal,Deprecate,,,
analytics,vw_Fact_AnalyticsMart_MPNID,Az_Derivatives_Storage_AzureAppInnovationCR,decimal,Deprecate,,,
analytics,vw_Fact_AnalyticsMart_MPNID,Az_Derivatives_Unknown_AzureAppInnovationCR,decimal,Deprecate,,,
analytics,vw_Fact_AnalyticsMart_MPNID,Az_Derivatives_Web_AzureAppInnovationCR,decimal,Deprecate,,,
analytics,vw_Fact_AnalyticsMart_MPNID,Az_Derivatives_Windows_Virtual_Desktop_AzureAppInnovationCR,decimal,Deprecate,,,
analytics,vw_Fact_AnalyticsMart_MPNID,Az_Derivatives_AI_+_Machine_Learning_AzureInfraCR,decimal,Deprecate,,,
analytics,vw_Fact_AnalyticsMart_MPNID,Az_Derivatives_Analytics_AzureInfraCR,decimal,Deprecate,,,
analytics,vw_Fact_AnalyticsMart_MPNID,Az_Derivatives_Azure_Arc_AzureInfraCR,decimal,Deprecate,,,
analytics,vw_Fact_AnalyticsMart_MPNID,Az_Derivatives_Azure_Communication_Services_AzureInfraCR,decimal,Deprecate,,,
analytics,vw_Fact_AnalyticsMart_MPNID,Az_Derivatives_Azure_Stack_AzureInfraCR,decimal,Deprecate,,,
analytics,vw_Fact_AnalyticsMart_MPNID,Az_Derivatives_Blockchain_AzureInfraCR,decimal,Deprecate,,,
analytics,vw_Fact_AnalyticsMart_MPNID,Az_Derivatives_Compute_AzureInfraCR,decimal,Deprecate,,,
analytics,vw_Fact_AnalyticsMart_MPNID,Az_Derivatives_Containers_AzureInfraCR,decimal,Deprecate,,,
analytics,vw_Fact_AnalyticsMart_MPNID,Az_Derivatives_Databases_AzureInfraCR,decimal,Deprecate,,,
analytics,vw_Fact_AnalyticsMart_MPNID,Az_Derivatives_Developer_Tools_AzureInfraCR,decimal,Deprecate,,,
analytics,vw_Fact_AnalyticsMart_MPNID,Az_Derivatives_Gaming_AzureInfraCR,decimal,Deprecate,,,
analytics,vw_Fact_AnalyticsMart_MPNID,Az_Derivatives_Integration_AzureInfraCR,decimal,Deprecate,,,
analytics,vw_Fact_AnalyticsMart_MPNID,Az_Derivatives_Internet_of_Things_AzureInfraCR,decimal,Deprecate,,,
analytics,vw_Fact_AnalyticsMart_MPNID,Az_Derivatives_Management_and_Governance_AzureInfraCR,decimal,Deprecate,,,
analytics,vw_Fact_AnalyticsMart_MPNID,Az_Derivatives_Microsoft_Syntex_AzureInfraCR,decimal,Deprecate,,,
analytics,vw_Fact_AnalyticsMart_MPNID,Az_Derivatives_Mixed_Reality_AzureInfraCR,decimal,Deprecate,,,
analytics,vw_Fact_AnalyticsMart_MPNID,Az_Derivatives_Mobile_AzureInfraCR,decimal,Deprecate,,,
analytics,vw_Fact_AnalyticsMart_MPNID,Az_Derivatives_Networking_AzureInfraCR,decimal,Deprecate,,,
analytics,vw_Fact_AnalyticsMart_MPNID,Az_Derivatives_Other_AzureInfraCR,decimal,Deprecate,,,
analytics,vw_Fact_AnalyticsMart_MPNID,Az_Derivatives_Power_Platform_AzureInfraCR,decimal,Deprecate,,,
analytics,vw_Fact_AnalyticsMart_MPNID,Az_Derivatives_Quantum_Computing_AzureInfraCR,decimal,Deprecate,,,
analytics,vw_Fact_AnalyticsMart_MPNID,Az_Derivatives_Security_AzureInfraCR,decimal,Deprecate,,,
analytics,vw_Fact_AnalyticsMart_MPNID,Az_Derivatives_Storage_AzureInfraCR,decimal,Deprecate,,,
analytics,vw_Fact_AnalyticsMart_MPNID,Az_Derivatives_Unknown_AzureInfraCR,decimal,Deprecate,,,
analytics,vw_Fact_AnalyticsMart_MPNID,Az_Derivatives_Web_AzureInfraCR,decimal,Deprecate,,,
analytics,vw_Fact_AnalyticsMart_MPNID,Az_Derivatives_Windows_Virtual_Desktop_AzureInfraCR,decimal,Deprecate,,,
analytics,vw_Fact_AnalyticsMart_MPNID,Az_Deployment_Count,bigint,Deprecate,,,
analytics,vw_Fact_AnalyticsMart_MPNID,EA_Expiration_Revenue,float,Deprecate,,,
analytics,vw_Fact_AnalyticsMart_MPNID,EA_NotRenewed_Revenue,float,Deprecate,,,
analytics,vw_Fact_AnalyticsMart_MPNID,GTMEngagedUserCount,bigint,Deprecate,,,
analytics,vw_Fact_AnalyticsMart_MPNID,Az_Derivatives_Azure_Data_-_Cross_Functional_ACR,decimal,Deprecate,,,
analytics,vw_Fact_AnalyticsMart_MPNID,Az_Derivatives_Azure_MDC_ACR,decimal,Deprecate,,,
analytics,vw_Fact_AnalyticsMart_MPNID,Az_Derivatives_Azure_Security_ACR,decimal,Deprecate,,,
analytics,vw_Fact_AnalyticsMart_MPNID,Az_Derivatives_Data_ACR,decimal,Deprecate,,,
analytics,vw_Fact_AnalyticsMart_MPNID,Az_Derivatives_Dynamics_ACR,decimal,Deprecate,,,
analytics,vw_Fact_AnalyticsMart_MPNID,Az_Derivatives_Telecommunications_ACR,decimal,Deprecate,,,
analytics,vw_Fact_AnalyticsMart_MPNID,Az_Derivatives_Test_Service_Family_ACR,decimal,Deprecate,,,
analytics,vw_Fact_AnalyticsMart_MPNID,Az_Derivatives_Azure_Data_-_Cross_Functional_DataAICR,decimal,Deprecate,,,
analytics,vw_Fact_AnalyticsMart_MPNID,Az_Derivatives_Azure_MDC_DataAICR,decimal,Deprecate,,,
analytics,vw_Fact_AnalyticsMart_MPNID,Az_Derivatives_Azure_Security_DataAICR,decimal,Deprecate,,,
analytics,vw_Fact_AnalyticsMart_MPNID,Az_Derivatives_Data_DataAICR,decimal,Deprecate,,,
analytics,vw_Fact_AnalyticsMart_MPNID,Az_Derivatives_Dynamics_DataAICR,decimal,Deprecate,,,
analytics,vw_Fact_AnalyticsMart_MPNID,Az_Derivatives_Telecommunications_DataAICR,decimal,Deprecate,,,
analytics,vw_Fact_AnalyticsMart_MPNID,Az_Derivatives_Test_Service_Family_DataAICR,decimal,Deprecate,,,
analytics,vw_Fact_AnalyticsMart_MPNID,TransactionAmountUSD,float,Deprecate,,,
analytics,vw_Fact_AnalyticsMart_MPNID,EarningAmountUSD,float,Deprecate,,,
analytics,vw_Fact_AnalyticsMart_MPNID,AmountPaidUSD,float,Deprecate,,,
analytics,vw_Fact_AnalyticsMart_MPNID,Inc_Earned_Amount,float,Deprecate,,,
analytics,vw_Fact_AnalyticsMart_MPNID,Inc_Transaction_Amount,float,Deprecate,,,
analytics,vw_Fact_AnalyticsMart_AllPartner,Az_Derivatives_Integration_AzureSecurityCR,decimal,Deprecate,,,
analytics,vw_Fact_AnalyticsMart_AllPartner,Az_Derivatives_Internet_of_Things_AzureSecurityCR,decimal,Deprecate,,,
analytics,vw_Fact_AnalyticsMart_AllPartner,Az_Derivatives_Management_and_Governance_AzureSecurityCR,decimal,Deprecate,,,
analytics,vw_Fact_AnalyticsMart_AllPartner,Az_Derivatives_Microsoft_Syntex_AzureSecurityCR,decimal,Deprecate,,,
analytics,vw_Fact_AnalyticsMart_AllPartner,Az_Derivatives_Mixed_Reality_AzureSecurityCR,decimal,Deprecate,,,
analytics,vw_Fact_AnalyticsMart_AllPartner,Az_Derivatives_Mobile_AzureSecurityCR,decimal,Deprecate,,,
analytics,vw_Fact_AnalyticsMart_AllPartner,Az_Derivatives_Networking_AzureSecurityCR,decimal,Deprecate,,,
analytics,vw_Fact_AnalyticsMart_AllPartner,Az_Derivatives_Other_AzureSecurityCR,decimal,Deprecate,,,
analytics,vw_Fact_AnalyticsMart_AllPartner,Az_Derivatives_Power_Platform_AzureSecurityCR,decimal,Deprecate,,,
analytics,vw_Fact_AnalyticsMart_AllPartner,Az_Derivatives_Quantum_Computing_AzureSecurityCR,decimal,Deprecate,,,
analytics,vw_Fact_AnalyticsMart_AllPartner_MPNID,Az_Derivatives_Data_AzureAppInnovationCR,decimal,Deprecate,,,
analytics,vw_Fact_AnalyticsMart_AllPartner_MPNID,Az_Derivatives_Dynamics_AzureAppInnovationCR,decimal,Deprecate,,,
analytics,vw_Fact_AnalyticsMart_AllPartner_MPNID,Az_Derivatives_Azure_MDC_AzureInfraCR,decimal,Deprecate,,,
analytics,vw_Fact_AnalyticsMart_AllPartner_MPNID,Az_Derivatives_Azure_Security_AzureInfraCR,decimal,Deprecate,,,
analytics,vw_Fact_AnalyticsMart_AllPartner_MPNID,Az_Derivatives_Data_AzureInfraCR,decimal,Deprecate,,,
analytics,vw_Fact_AnalyticsMart_AllPartner_MPNID,Az_Derivatives_Dynamics_AzureInfraCR,decimal,Deprecate,,,
analytics,vw_Fact_AnalyticsMart_AllPartner_MPNID,Az_Derivatives_Telecommunications_AzureInfraCR,decimal,Deprecate,,,
analytics,vw_Fact_AnalyticsMart_AllPartner_MPNID,Az_Derivatives_Test_Service_Family_AzureInfraCR,decimal,Deprecate,,,
analytics,vw_Fact_AnalyticsMart_AllPartner_MPNID,TransactionAmountUSD,float,Deprecate,,,
analytics,vw_Fact_AnalyticsMart_AllPartner_MPNID,EarningAmountUSD,float,Deprecate,,,
analytics,vw_Fact_AnalyticsMart_AllPartner_MPNID,AmountPaidUSD,float,Deprecate,,,
analytics,vw_Fact_AnalyticsMart_Geography,AreaName,varchar,Deprecate,,,
analytics,vw_Fact_AnalyticsMart_Geography,RegionName,varchar,Deprecate,,,
analytics,vw_Fact_AnalyticsMart_Geography,SubRegionName,varchar,Deprecate,,,
analytics,vw_Fact_AnalyticsMart_Geography,CustomTimeZone,varchar,Deprecate,,,
analytics,vw_Fact_AnalyticsMart_Geography,ASPs_Attempted,bigint,Deprecate,,,
analytics,vw_Fact_AnalyticsMart_Geography,ASPs_Approved,bigint,Deprecate,,,
analytics,vw_Fact_AnalyticsMart_Geography,CountofBusinessProfiles,bigint,Deprecate,,,
analytics,vw_Fact_AnalyticsMart_Geography,Inv_Compl_Learning_Path,bigint,Deprecate,,,
analytics,vw_Fact_AnalyticsMart_Geography,Inv_Compl_Module,bigint,Deprecate,,,
analytics,vw_Fact_AnalyticsMart_Geography,Geographies_France,bigint,Deprecate,,,
analytics,vw_Fact_AnalyticsMart_Geography,Geographies_Germany_&_Austria,bigint,Deprecate,,,
analytics,vw_Fact_AnalyticsMart_Geography,Geographies_Greater_China,bigint,Deprecate,,,
analytics,vw_Fact_AnalyticsMart_Geography,Geographies_India,bigint,Deprecate,,,
analytics,vw_Fact_AnalyticsMart_Geography,Geographies_Japan,bigint,Deprecate,,,
analytics,vw_Fact_AnalyticsMart_Geography,Geographies_Korea,bigint,Deprecate,,,
analytics,vw_Fact_AnalyticsMart_Geography,Geographies_Latam,bigint,Deprecate,,,
analytics,vw_Fact_AnalyticsMart_Geography,Geographies_Netherlands,bigint,Deprecate,,,
analytics,vw_Fact_AnalyticsMart_Geography,Geographies_Switzerland,bigint,Deprecate,,,
analytics,vw_Fact_AnalyticsMart_Managed_Geography,Az_Derivatives_Integration_DataAICR,decimal,Deprecate,,,
analytics,vw_Fact_AnalyticsMart_Managed_Geography,Solution_Workspaces_Engagement_Count_Digitally_Created,varchar,Deprecate,,,
analytics,vw_Fact_AnalyticsMart_Managed_Geography,FRA,decimal,Deprecate,,,
analytics,vw_Fact_AnalyticsMart_Managed_Geography,GTMEngagedUserCount,bigint,Deprecate,,,
analytics,vw_Fact_AnalyticsMart_Managed_Geography,Az_Derivatives_Azure_Data_-_Cross_Functional_ACR,decimal,Deprecate,,,
analytics,vw_Fact_AnalyticsMart_Managed_Geography,Az_Derivatives_Azure_MDC_ACR,decimal,Deprecate,,,
analytics,vw_Fact_AnalyticsMart_AllPartner,Az_Derivatives_Quantum_Computing_AzureAppInnovationCR,decimal,Deprecate,,,
analytics,vw_Fact_AnalyticsMart_AllPartner,Az_Derivatives_Security_AzureAppInnovationCR,decimal,Deprecate,,,
analytics,vw_Fact_AnalyticsMart_AllPartner,Az_Derivatives_Storage_AzureAppInnovationCR,decimal,Deprecate,,,
analytics,vw_Fact_AnalyticsMart_AllPartner_Geography,EA_Expiration_Revenue,float,Deprecate,,,
analytics,vw_Fact_AnalyticsMart_AllPartner_Geography,EA_NotRenewed_Revenue,float,Deprecate,,,
analytics,vw_Fact_AnalyticsMart_AllPartner_Geography,Solution_Workspaces_Engagement_Count_Digitally_Transitioned,varchar,Deprecate,,,
analytics,vw_Fact_AnalyticsMart_Managed_Geography,Az_Derivatives_Azure_Stack_DataAICR,decimal,Deprecate,,,
analytics,vw_Fact_AnalyticsMart_Managed_Geography,Az_Derivatives_Blockchain_DataAICR,decimal,Deprecate,,,
analytics,vw_Fact_AnalyticsMart_Managed_Geography,Az_Derivatives_Compute_DataAICR,decimal,Deprecate,,,
analytics,vw_Fact_AnalyticsMart_Managed_Geography,Az_Derivatives_Containers_DataAICR,decimal,Deprecate,,,
analytics,vw_Fact_AnalyticsMart_Managed_Geography,Az_Derivatives_Databases_DataAICR,decimal,Deprecate,,,
analytics,vw_Fact_AnalyticsMart_Managed_Geography,Az_Derivatives_Developer_Tools_DataAICR,decimal,Deprecate,,,
analytics,vw_Fact_AnalyticsMart_Managed_Geography,Az_Derivatives_Gaming_DataAICR,decimal,Deprecate,,,
analytics,vw_Fact_AnalyticsMart_MPNID,Geographies_ASEAN,bigint,Deprecate,,,
analytics,vw_Fact_AnalyticsMart_MPNID,Geographies_Canada,bigint,Deprecate,,,
analytics,vw_Fact_AnalyticsMart_MPNID,Geographies_MEA,bigint,Deprecate,,,
analytics,vw_Fact_AnalyticsMart_MPNID,Geographies_France,bigint,Deprecate,,,
analytics,vw_Fact_AnalyticsMart_MPNID,Geographies_Germany_&_Austria,bigint,Deprecate,,,
analytics,vw_Fact_AnalyticsMart_MPNID,Geographies_Greater_China,bigint,Deprecate,,,
analytics,vw_Fact_AnalyticsMart_MPNID,Geographies_India,bigint,Deprecate,,,
analytics,vw_Fact_AnalyticsMart_MPNID,Geographies_Japan,bigint,Deprecate,,,
analytics,vw_Fact_AnalyticsMart_MPNID,Geographies_Korea,bigint,Deprecate,,,
analytics,vw_Fact_AnalyticsMart_MPNID,Geographies_Latam,bigint,Deprecate,,,
analytics,vw_Fact_AnalyticsMart_MPNID,Geographies_Netherlands,bigint,Deprecate,,,
analytics,vw_Fact_AnalyticsMart_MPNID,Geographies_Switzerland,bigint,Deprecate,,,
analytics,vw_Fact_AnalyticsMart_MPNID,Geographies_UK_&_Ireland,bigint,Deprecate,,,
analytics,vw_Fact_AnalyticsMart_MPNID,Geographies_United_States,bigint,Deprecate,,,
analytics,vw_Fact_AnalyticsMart_MPNID,Geographies_North_Europe,bigint,Deprecate,,,
analytics,vw_Fact_AnalyticsMart_MPNID,Geographies_South_Europe,bigint,Deprecate,,,
analytics,vw_Fact_AnalyticsMart_MPNID,Orig_MembershipStart,date,Deprecate,,,
analytics,vw_Fact_AnalyticsMart_MPNID,MonthsInMPN,int,Deprecate,,,
analytics,vw_Fact_AnalyticsMart_MPNID,IsSPL,varchar,Deprecate,,,
analytics,vw_Fact_AnalyticsMart_MPNID,MembershipLevel,varchar,Deprecate,,,
analytics,vw_Fact_AnalyticsMart_MPNID,Cur_MembershipStart,varchar,Deprecate,,,
analytics,vw_Fact_AnalyticsMart_MPNID,MonthsAtLevel,int,Deprecate,,,
analytics,vw_Fact_AnalyticsMart_MPNID,CoSell_Referrals,bigint,Deprecate,,,
analytics,vw_Fact_AnalyticsMart_MPNID,CoSell_Deal_Size,bigint,Deprecate,,,
analytics,vw_Fact_AnalyticsMart_MPNID,CoSell_Accepted_Referrals,bigint,Deprecate,,,
analytics,vw_Fact_AnalyticsMart_MPNID,CoSell_Declined_Referrals,bigint,Deprecate,,,
analytics,vw_Fact_AnalyticsMart_MPNID,CoSell_Won_Referrals,bigint,Deprecate,,,
analytics,vw_Fact_AnalyticsMart_MPNID,GPSCRMSolutionCount,bigint,Deprecate,,,
analytics,vw_Fact_AnalyticsMart_MPNID,GPSCRMAvailableSolutionCount,bigint,Deprecate,,,
analytics,vw_Fact_AnalyticsMart_MPNID,GPSCRMTransactableSolutionCount,bigint,Deprecate,,,
analytics,vw_Fact_AnalyticsMart_MPNID,MktPl_Total_Referrals,bigint,Deprecate,,,
analytics,vw_Fact_AnalyticsMart_MPNID,MktPl_Accepted_Referrals,bigint,Deprecate,,,
analytics,vw_Fact_AnalyticsMart_MPNID,MktPl_Closed_Referrals,bigint,Deprecate,,,
analytics,vw_Fact_AnalyticsMart_MPNID,MktPl_Outbound_Referrals,bigint,Deprecate,,,
analytics,vw_Fact_AnalyticsMart,PartnerOneID,varchar,Deprecate,,,
analytics,vw_Fact_AnalyticsMart,CalendarDate,varchar,Deprecate,,,
analytics,vw_Fact_AnalyticsMart,DateKey,bigint,Deprecate,,,
analytics,vw_Fact_AnalyticsMart,ASPs_Attempted,bigint,Deprecate,,,
analytics,vw_Fact_AnalyticsMart,ASPs_Approved,bigint,Deprecate,,,
analytics,vw_Fact_AnalyticsMart,CountofBusinessProfiles,bigint,Deprecate,,,
analytics,vw_Fact_AnalyticsMart,Inv_Compl_Learning_Path,bigint,Deprecate,,,
analytics,vw_Fact_AnalyticsMart,Inv_Compl_Module,bigint,Deprecate,,,
analytics,vw_Fact_AnalyticsMart,Geographies_ANZ,bigint,Deprecate,,,
analytics,vw_Fact_AnalyticsMart,Geographies_ASEAN,bigint,Deprecate,,,
analytics,vw_Fact_AnalyticsMart,Geographies_Canada,bigint,Deprecate,,,
analytics,vw_Fact_AnalyticsMart,Geographies_France,bigint,Deprecate,,,
analytics,vw_Fact_AnalyticsMart,Geographies_Germany_&_Austria,bigint,Deprecate,,,
analytics,vw_Fact_AnalyticsMart,Geographies_Greater_China,bigint,Deprecate,,,
analytics,vw_Fact_AnalyticsMart,Geographies_India,bigint,Deprecate,,,
analytics,vw_Fact_AnalyticsMart,Geographies_Japan,bigint,Deprecate,,,
analytics,vw_Fact_AnalyticsMart,Geographies_Korea,bigint,Deprecate,,,
analytics,vw_Fact_AnalyticsMart,Geographies_Latam,bigint,Deprecate,,,
analytics,vw_Fact_AnalyticsMart,Geographies_Netherlands,bigint,Deprecate,,,
analytics,vw_Fact_AnalyticsMart,Geographies_Switzerland,bigint,Deprecate,,,
analytics,vw_Fact_AnalyticsMart,Geographies_UK_&_Ireland,bigint,Deprecate,,,
analytics,vw_Fact_AnalyticsMart,Geographies_United_States,bigint,Deprecate,,,
analytics,vw_Fact_AnalyticsMart,Geographies_North_Europe,bigint,Deprecate,,,
analytics,vw_Fact_AnalyticsMart,Geographies_South_Europe,bigint,Deprecate,,,
analytics,vw_Fact_AnalyticsMart,Geographies_MEA,bigint,Deprecate,,,
analytics,vw_Fact_AnalyticsMart,ISV,int,Deprecate,,,
analytics,vw_Fact_AnalyticsMart,Orig_MembershipStart,date,Deprecate,,,
analytics,vw_Fact_AnalyticsMart,MonthsInMPN,int,Deprecate,,,
analytics,vw_Fact_AnalyticsMart,IsSPL,varchar,Deprecate,,,
analytics,vw_Fact_AnalyticsMart,MembershipLevel,varchar,Deprecate,,,
analytics,vw_Fact_AnalyticsMart,Cur_MembershipStart,varchar,Deprecate,,,
analytics,vw_Fact_AnalyticsMart,MonthsAtLevel,int,Deprecate,,,
analytics,vw_Fact_AnalyticsMart,CoSell_Referrals,bigint,Deprecate,,,
analytics,vw_Fact_AnalyticsMart,CoSell_Deal_Size,bigint,Deprecate,,,
analytics,vw_Fact_AnalyticsMart,CoSell_Accepted_Referrals,bigint,Deprecate,,,
analytics,vw_Fact_AnalyticsMart,CoSell_Declined_Referrals,bigint,Deprecate,,,
analytics,vw_Fact_AnalyticsMart,CoSell_Won_Referrals,bigint,Deprecate,,,
analytics,vw_Fact_AnalyticsMart,GPSCRMSolutionCount,bigint,Deprecate,,,
analytics,vw_Fact_AnalyticsMart,GPSCRMAvailableSolutionCount,bigint,Deprecate,,,
analytics,vw_Fact_AnalyticsMart,GPSCRMTransactableSolutionCount,bigint,Deprecate,,,
analytics,vw_Fact_AnalyticsMart,Inc_Earned_Amount,float,Deprecate,,,
analytics,vw_Fact_AnalyticsMart,Inc_Transaction_Amount,float,Deprecate,,,
analytics,vw_Fact_AnalyticsMart,Inc_Paid_Amount,decimal,Deprecate,,,
analytics,vw_Fact_AnalyticsMart,Inv_Approved_Amount,decimal,Deprecate,,,
analytics,vw_Fact_AnalyticsMart,Inv_Requested_Amount,decimal,Deprecate,,,
analytics,vw_Fact_AnalyticsMart,MktPl_Total_Referrals,bigint,Deprecate,,,
analytics,vw_Fact_AnalyticsMart,MktPl_Accepted_Referrals,bigint,Deprecate,,,
analytics,vw_Fact_AnalyticsMart,MktPl_Closed_Referrals,bigint,Deprecate,,,
analytics,vw_Fact_AnalyticsMart,MktPl_Outbound_Referrals,bigint,Deprecate,,,
analytics,vw_Fact_AnalyticsMart,PSXDealCount,bigint,Deprecate,,,
analytics,vw_Fact_AnalyticsMart,PSXRegisteredDealCount,bigint,Deprecate,,,
analytics,vw_Fact_AnalyticsMart,QRP_Total_Referrals,bigint,Deprecate,,,
analytics,vw_Fact_AnalyticsMart,QRP_Accepted_Referrals,bigint,Deprecate,,,
analytics,vw_Fact_AnalyticsMart,QRP_Declined_Referrals,bigint,Deprecate,,,
analytics,vw_Fact_AnalyticsMart,QRP_Won_Referrals,bigint,Deprecate,,,
analytics,vw_Fact_AnalyticsMart,AZ_Solution_Count,bigint,Deprecate,,,
analytics,vw_Fact_AnalyticsMart,ACR,decimal,Deprecate,,,
analytics,vw_Fact_AnalyticsMart,PR_ACR,decimal,Deprecate,,,
analytics,vw_Fact_AnalyticsMart,MBS,float,Deprecate,,,
analytics,vw_Fact_AnalyticsMart,DataAndAI_ACR,decimal,Deprecate,,,
analytics,vw_Fact_AnalyticsMart,AzureSecurity_ACR,decimal,Deprecate,,,
analytics,vw_Fact_AnalyticsMart,AzureAppInnovation_ACR,decimal,Deprecate,,,
analytics,vw_Fact_AnalyticsMart,AzureInfra_ACR,decimal,Deprecate,,,
analytics,vw_Fact_AnalyticsMart,Az_Total_Partner_Performance_Distinct_ACR,decimal,Deprecate,,,
analytics,vw_Fact_AnalyticsMart,Az_Total_Partner_Performance_Distinct_DataAndAI,decimal,Deprecate,,,
analytics,vw_Fact_AnalyticsMart,Az_Total_Partner_Performance_Distinct_AzureSecurity,decimal,Deprecate,,,
analytics,vw_Fact_AnalyticsMart,Az_Total_Partner_Performance_Distinct_AzureAppInnovation,decimal,Deprecate,,,
analytics,vw_Fact_AnalyticsMart,Az_Total_Partner_Performance_Distinct_Infrastructure,decimal,Deprecate,,,
analytics,vw_Fact_AnalyticsMart,BilledRevenue,decimal,Deprecate,,,
analytics,vw_Fact_AnalyticsMart,DataAndAI_BilledRevenue,decimal,Deprecate,,,
analytics,vw_Fact_AnalyticsMart,MW_BilledRevenue,decimal,Deprecate,,,
analytics,vw_Fact_AnalyticsMart,BizApps_BilledRevenue,decimal,Deprecate,,,
analytics,vw_Fact_AnalyticsMart,ML_BilledRevenue,decimal,Deprecate,,,
analytics,vw_Fact_AnalyticsMart,AppsInfra_BilledRevenue,decimal,Deprecate,,,
analytics,vw_Fact_AnalyticsMart,CSP_ACR,decimal,Deprecate,,,
analytics,vw_Fact_AnalyticsMart,CSP_BilledRevenue,decimal,Deprecate,,,
analytics,vw_Fact_AnalyticsMart,Az_Derivatives_AI_+_Machine_Learning_ACR,decimal,Deprecate,,,
analytics,vw_Fact_AnalyticsMart,Az_Derivatives_Analytics_ACR,decimal,Deprecate,,,
analytics,vw_Fact_AnalyticsMart,Az_Derivatives_Azure_Arc_ACR,decimal,Deprecate,,,
analytics,vw_Fact_AnalyticsMart,Az_Derivatives_Azure_Communication_Services_ACR,decimal,Deprecate,,,
analytics,vw_Fact_AnalyticsMart,Az_Derivatives_Azure_Stack_ACR,decimal,Deprecate,,,
analytics,vw_Fact_AnalyticsMart,Az_Derivatives_Blockchain_ACR,decimal,Deprecate,,,
analytics,vw_Fact_AnalyticsMart,Az_Derivatives_Compute_ACR,decimal,Deprecate,,,
analytics,vw_Fact_AnalyticsMart,Az_Derivatives_Containers_ACR,decimal,Deprecate,,,
analytics,vw_Fact_AnalyticsMart,Az_Derivatives_Databases_ACR,decimal,Deprecate,,,
analytics,vw_Fact_AnalyticsMart,Az_Derivatives_Developer_Tools_ACR,decimal,Deprecate,,,
analytics,vw_Fact_AnalyticsMart,Az_Derivatives_Gaming_ACR,decimal,Deprecate,,,
analytics,vw_Fact_AnalyticsMart,Az_Derivatives_Integration_ACR,decimal,Deprecate,,,
analytics,vw_Fact_AnalyticsMart,Az_Derivatives_Internet_of_Things_ACR,decimal,Deprecate,,,
analytics,vw_Fact_AnalyticsMart,Az_Derivatives_Management_and_Governance_ACR,decimal,Deprecate,,,
analytics,vw_Fact_AnalyticsMart,Az_Derivatives_Microsoft_Syntex_ACR,decimal,Deprecate,,,
analytics,vw_Fact_AnalyticsMart,Az_Derivatives_Mixed_Reality_ACR,decimal,Deprecate,,,
analytics,vw_Fact_AnalyticsMart,Az_Derivatives_Mobile_ACR,decimal,Deprecate,,,
analytics,vw_Fact_AnalyticsMart,Az_Derivatives_Networking_ACR,decimal,Deprecate,,,
analytics,vw_Fact_AnalyticsMart,Az_Derivatives_Other_ACR,decimal,Deprecate,,,
analytics,vw_Fact_AnalyticsMart,Az_Derivatives_Power_Platform_ACR,decimal,Deprecate,,,
analytics,vw_Fact_AnalyticsMart,Az_Derivatives_Quantum_Computing_ACR,decimal,Deprecate,,,
analytics,vw_Fact_AnalyticsMart,Az_Derivatives_Security_ACR,decimal,Deprecate,,,
analytics,vw_Fact_AnalyticsMart,Az_Derivatives_Storage_ACR,decimal,Deprecate,,,
analytics,vw_Fact_AnalyticsMart,Az_Derivatives_Unknown_ACR,decimal,Deprecate,,,
analytics,vw_Fact_AnalyticsMart,Az_Derivatives_Web_ACR,decimal,Deprecate,,,
analytics,vw_Fact_AnalyticsMart,Az_Derivatives_Windows_Virtual_Desktop_ACR,decimal,Deprecate,,,
analytics,vw_Fact_AnalyticsMart,Az_Derivatives_AI_+_Machine_Learning_DataAICR,decimal,Deprecate,,,
analytics,vw_Fact_AnalyticsMart,Az_Derivatives_Analytics_DataAICR,decimal,Deprecate,,,
analytics,vw_Fact_AnalyticsMart,Az_Derivatives_Azure_Arc_DataAICR,decimal,Deprecate,,,
analytics,vw_Fact_AnalyticsMart,Az_Derivatives_Azure_Communication_Services_DataAICR,decimal,Deprecate,,,
analytics,vw_Fact_AnalyticsMart,Az_Derivatives_Azure_Stack_DataAICR,decimal,Deprecate,,,
analytics,vw_Fact_AnalyticsMart,Az_Derivatives_Blockchain_DataAICR,decimal,Deprecate,,,
analytics,vw_Fact_AnalyticsMart,Az_Derivatives_Compute_DataAICR,decimal,Deprecate,,,
analytics,vw_Fact_AnalyticsMart,Az_Derivatives_Containers_DataAICR,decimal,Deprecate,,,
analytics,vw_Fact_AnalyticsMart,Az_Derivatives_Databases_DataAICR,decimal,Deprecate,,,
analytics,vw_Fact_AnalyticsMart,Az_Derivatives_Developer_Tools_DataAICR,decimal,Deprecate,,,
analytics,vw_Fact_AnalyticsMart,Az_Derivatives_Gaming_DataAICR,decimal,Deprecate,,,
analytics,vw_Fact_AnalyticsMart,Az_Derivatives_Integration_DataAICR,decimal,Deprecate,,,
analytics,vw_Fact_AnalyticsMart,Az_Derivatives_Internet_of_Things_DataAICR,decimal,Deprecate,,,
analytics,vw_Fact_AnalyticsMart,Az_Derivatives_Management_and_Governance_DataAICR,decimal,Deprecate,,,
analytics,vw_Fact_AnalyticsMart,Az_Derivatives_Microsoft_Syntex_DataAICR,decimal,Deprecate,,,
analytics,vw_Fact_AnalyticsMart,Az_Derivatives_Mixed_Reality_DataAICR,decimal,Deprecate,,,
analytics,vw_Fact_AnalyticsMart,Az_Derivatives_Mobile_DataAICR,decimal,Deprecate,,,
analytics,vw_Fact_AnalyticsMart,Az_Derivatives_Networking_DataAICR,decimal,Deprecate,,,
analytics,vw_Fact_AnalyticsMart,Az_Derivatives_Other_DataAICR,decimal,Deprecate,,,
analytics,vw_Fact_AnalyticsMart,Az_Derivatives_Power_Platform_DataAICR,decimal,Deprecate,,,
analytics,vw_Fact_AnalyticsMart,Az_Derivatives_Quantum_Computing_DataAICR,decimal,Deprecate,,,
analytics,vw_Fact_AnalyticsMart,Az_Derivatives_Security_DataAICR,decimal,Deprecate,,,
analytics,vw_Fact_AnalyticsMart,Az_Derivatives_Storage_DataAICR,decimal,Deprecate,,,
analytics,vw_Fact_AnalyticsMart_Managed_Geography,Az_Derivatives_Quantum_Computing_ACR,decimal,Deprecate,,,
analytics,vw_Fact_AnalyticsMart_Managed_Geography,Az_Derivatives_Security_ACR,decimal,Deprecate,,,
analytics,vw_Fact_AnalyticsMart_Managed_Geography,Az_Derivatives_Storage_ACR,decimal,Deprecate,,,
analytics,vw_Fact_AnalyticsMart_Managed_Geography,Az_Derivatives_Unknown_ACR,decimal,Deprecate,,,
analytics,vw_Fact_AnalyticsMart_Managed_Geography,Az_Derivatives_Web_ACR,decimal,Deprecate,,,
analytics,vw_Fact_AnalyticsMart_Managed_Geography,Az_Derivatives_Windows_Virtual_Desktop_ACR,decimal,Deprecate,,,
analytics,vw_Fact_AnalyticsMart_Managed_Geography,Az_Derivatives_AI_+_Machine_Learning_DataAICR,decimal,Deprecate,,,
analytics,vw_Fact_AnalyticsMart_Managed_Geography,Az_Derivatives_Analytics_DataAICR,decimal,Deprecate,,,
analytics,vw_Fact_AnalyticsMart_Managed_Geography,Az_Derivatives_Azure_Arc_DataAICR,decimal,Deprecate,,,
analytics,vw_Fact_AnalyticsMart_Managed_Geography,Az_Derivatives_Azure_Communication_Services_DataAICR,decimal,Deprecate,,,
analytics,vw_Fact_AnalyticsMart_MPNID,PSXDealCount,bigint,Deprecate,,,
analytics,vw_Fact_AnalyticsMart_MPNID,PSXRegisteredDealCount,bigint,Deprecate,,,
analytics,vw_Fact_AnalyticsMart_MPNID,QRP_Total_Referrals,bigint,Deprecate,,,
analytics,vw_Fact_AnalyticsMart_MPNID,QRP_Accepted_Referrals,bigint,Deprecate,,,
analytics,vw_Fact_AnalyticsMart_MPNID,QRP_Declined_Referrals,bigint,Deprecate,,,
analytics,vw_Fact_AnalyticsMart_MPNID,QRP_Won_Referrals,bigint,Deprecate,,,
analytics,vw_Fact_AnalyticsMart_MPNID,AZ_Solution_Count,bigint,Deprecate,,,
analytics,vw_Fact_AnalyticsMart_MPNID,ACR,decimal,Deprecate,,,
analytics,vw_Fact_AnalyticsMart_MPNID,PR_ACR,decimal,Deprecate,,,
analytics,vw_Fact_AnalyticsMart_MPNID,DataAndAI_ACR,decimal,Deprecate,,,
analytics,vw_Fact_AnalyticsMart_MPNID,AzureSecurity_ACR,decimal,Deprecate,,,
analytics,vw_Fact_AnalyticsMart_MPNID,AzureAppInnovation_ACR,decimal,Deprecate,,,
analytics,vw_Fact_AnalyticsMart_MPNID,AzureInfra_ACR,decimal,Deprecate,,,
analytics,vw_Fact_AnalyticsMart_MPNID,Az_Total_Partner_Performance_Distinct_ACR,decimal,Deprecate,,,
analytics,vw_Fact_AnalyticsMart_MPNID,Az_Total_Partner_Performance_Distinct_DataAndAI,decimal,Deprecate,,,
analytics,vw_Fact_AnalyticsMart_MPNID,Az_Total_Partner_Performance_Distinct_AzureSecurity,decimal,Deprecate,,,
analytics,vw_Fact_AnalyticsMart_MPNID,Az_Total_Partner_Performance_Distinct_AzureAppInnovation,decimal,Deprecate,,,
analytics,vw_Fact_AnalyticsMart_MPNID,Az_Total_Partner_Performance_Distinct_Infrastructure,decimal,Deprecate,,,
analytics,vw_Fact_AnalyticsMart_Geography,Geographies_UK_&_Ireland,bigint,Deprecate,,,
analytics,vw_Fact_AnalyticsMart_Geography,Geographies_United_States,bigint,Deprecate,,,
analytics,vw_Fact_AnalyticsMart_Geography,Geographies_North_Europe,bigint,Deprecate,,,
analytics,vw_Fact_AnalyticsMart_Geography,Geographies_South_Europe,bigint,Deprecate,,,
analytics,vw_Fact_AnalyticsMart_Geography,ISV,int,Deprecate,,,
analytics,vw_Fact_AnalyticsMart_Geography,Orig_MembershipStart,date,Deprecate,,,
analytics,vw_Fact_AnalyticsMart_Geography,MonthsInMPN,int,Deprecate,,,
analytics,vw_Fact_AnalyticsMart_Geography,IsSPL,varchar,Deprecate,,,
analytics,vw_Fact_AnalyticsMart_Geography,MembershipLevel,varchar,Deprecate,,,
analytics,vw_Fact_AnalyticsMart_Geography,Cur_MembershipStart,varchar,Deprecate,,,
analytics,vw_Fact_AnalyticsMart_Geography,MonthsAtLevel,float,Deprecate,,,
analytics,vw_Fact_AnalyticsMart_Geography,CoSell_Won_Referrals,bigint,Deprecate,,,
analytics,vw_Fact_AnalyticsMart_Geography,GPSCRMSolutionCount,bigint,Deprecate,,,
analytics,vw_Fact_AnalyticsMart_Geography,Az_Derivatives_Networking_ACR,decimal,Deprecate,,,
analytics,vw_Fact_AnalyticsMart_Geography,Az_Derivatives_Other_ACR,decimal,Deprecate,,,
analytics,vw_Fact_AnalyticsMart_Managed,Az_Derivatives_Windows_Virtual_Desktop_AzureAppInnovationCR,decimal,Deprecate,,,
analytics,vw_Fact_AnalyticsMart_Managed,Az_Derivatives_AI_+_Machine_Learning_AzureInfraCR,decimal,Deprecate,,,
analytics,vw_Fact_AnalyticsMart_Managed,Az_Derivatives_Analytics_AzureInfraCR,decimal,Deprecate,,,
analytics,vw_Fact_AnalyticsMart_Managed,Az_Derivatives_Azure_Arc_AzureInfraCR,decimal,Deprecate,,,
analytics,vw_Fact_AnalyticsMart_Managed,Az_Derivatives_Azure_Communication_Services_AzureInfraCR,decimal,Deprecate,,,
analytics,vw_Fact_AnalyticsMart_Managed,Az_Derivatives_Azure_Stack_AzureInfraCR,decimal,Deprecate,,,
analytics,vw_Fact_AnalyticsMart_Managed,Az_Derivatives_Blockchain_AzureInfraCR,decimal,Deprecate,,,
analytics,vw_Fact_AnalyticsMart_Managed,Az_Derivatives_Compute_AzureInfraCR,decimal,Deprecate,,,
analytics,vw_Fact_AnalyticsMart_Managed,Az_Derivatives_Containers_AzureInfraCR,decimal,Deprecate,,,
analytics,vw_Fact_AnalyticsMart_Managed,Az_Derivatives_Databases_AzureInfraCR,decimal,Deprecate,,,
analytics,vw_Fact_AnalyticsMart_Managed,Az_Derivatives_Developer_Tools_AzureInfraCR,decimal,Deprecate,,,
analytics,vw_Fact_AnalyticsMart_Managed,Az_Derivatives_Gaming_AzureInfraCR,decimal,Deprecate,,,
analytics,vw_Fact_AnalyticsMart_Managed,Az_Derivatives_Integration_AzureInfraCR,decimal,Deprecate,,,
analytics,vw_Fact_AnalyticsMart_Managed,Az_Derivatives_Internet_of_Things_AzureInfraCR,decimal,Deprecate,,,
analytics,vw_Fact_AnalyticsMart_Managed,Az_Derivatives_Management_and_Governance_AzureInfraCR,decimal,Deprecate,,,
analytics,vw_Fact_AnalyticsMart_Managed,Az_Derivatives_Microsoft_Syntex_AzureInfraCR,decimal,Deprecate,,,
analytics,vw_Fact_AnalyticsMart_Managed_Geography,EA_Expiration_Revenue,float,Deprecate,,,
analytics,vw_Fact_AnalyticsMart_Managed_Geography,EA_NotRenewed_Revenue,float,Deprecate,,,
analytics,vw_Fact_AnalyticsMart_Managed_Geography,Solution_Workspaces_Engagement_Count_Digitally_Transitioned,varchar,Deprecate,,,
analytics,vw_Fact_AnalyticsMart_MPNID,PartnerLaunchKit,int,Deprecate,,,
analytics,vw_Fact_AnalyticsMart_MPNID,LegacySilver,int,Deprecate,,,
analytics,vw_Fact_AnalyticsMart,Solution_Workspaces_Engagement_Count_Digitally_Created,varchar,Deprecate,,,
analytics,vw_Fact_AnalyticsMart,FRA,decimal,Deprecate,,,
analytics,vw_Fact_AnalyticsMart,GTMEngagedUserCount,bigint,Deprecate,,,
analytics,vw_Fact_AnalyticsMart,Az_Derivatives_Azure_Data_-_Cross_Functional_ACR,decimal,Deprecate,,,
analytics,vw_Fact_AnalyticsMart,Az_Derivatives_Azure_MDC_ACR,decimal,Deprecate,,,
analytics,vw_Fact_AnalyticsMart,Az_Derivatives_Azure_Security_ACR,decimal,Deprecate,,,
analytics,vw_Fact_AnalyticsMart,Az_Derivatives_Telecommunications_AzureAppInnovationCR,decimal,Deprecate,,,
analytics,vw_Fact_AnalyticsMart,Az_Derivatives_Test_Service_Family_AzureAppInnovationCR,decimal,Deprecate,,,
analytics,vw_Fact_AnalyticsMart,Az_Derivatives_Azure_Data_-_Cross_Functional_AzureInfraCR,decimal,Deprecate,,,
analytics,vw_Fact_AnalyticsMart,Az_Derivatives_Azure_MDC_AzureInfraCR,decimal,Deprecate,,,
analytics,vw_Fact_AnalyticsMart,Az_Derivatives_Azure_Security_AzureInfraCR,decimal,Deprecate,,,
analytics,vw_Fact_AnalyticsMart,Az_Derivatives_Data_AzureInfraCR,decimal,Deprecate,,,
analytics,vw_Fact_AnalyticsMart,Az_Derivatives_Dynamics_AzureInfraCR,decimal,Deprecate,,,
analytics,vw_Fact_AnalyticsMart,Az_Derivatives_Telecommunications_AzureInfraCR,decimal,Deprecate,,,
analytics,vw_Fact_AnalyticsMart,Az_Derivatives_Test_Service_Family_AzureInfraCR,decimal,Deprecate,,,
analytics,vw_Fact_AnalyticsMart_AllPartner,PartnerOneID,varchar,Deprecate,,,
analytics,vw_Fact_AnalyticsMart_AllPartner,CalendarDate,varchar,Deprecate,,,
analytics,vw_Fact_AnalyticsMart_AllPartner,DateKey,bigint,Deprecate,,,
analytics,vw_Fact_AnalyticsMart_AllPartner,ASPs_Attempted,bigint,Deprecate,,,
analytics,vw_Fact_AnalyticsMart_AllPartner,ASPs_Approved,bigint,Deprecate,,,
analytics,vw_Fact_AnalyticsMart_AllPartner,CountofBusinessProfiles,bigint,Deprecate,,,
analytics,vw_Fact_AnalyticsMart_AllPartner,Inv_Compl_Learning_Path,bigint,Deprecate,,,
analytics,vw_Fact_AnalyticsMart_AllPartner,Inv_Compl_Module,bigint,Deprecate,,,
analytics,vw_Fact_AnalyticsMart_AllPartner,Geographies_ANZ,bigint,Deprecate,,,
analytics,vw_Fact_AnalyticsMart_AllPartner,Geographies_ASEAN,bigint,Deprecate,,,
analytics,vw_Fact_AnalyticsMart_AllPartner,Geographies_Canada,bigint,Deprecate,,,
analytics,vw_Fact_AnalyticsMart_AllPartner,Geographies_MEA,bigint,Deprecate,,,
analytics,vw_Fact_AnalyticsMart_AllPartner,Geographies_France,bigint,Deprecate,,,
analytics,vw_Fact_AnalyticsMart_AllPartner,Geographies_Germany_&_Austria,bigint,Deprecate,,,
analytics,vw_Fact_AnalyticsMart_AllPartner,Geographies_Greater_China,bigint,Deprecate,,,
analytics,vw_Fact_AnalyticsMart_AllPartner,Geographies_India,bigint,Deprecate,,,
analytics,vw_Fact_AnalyticsMart_AllPartner,Geographies_Japan,bigint,Deprecate,,,
analytics,vw_Fact_AnalyticsMart_AllPartner,Geographies_Korea,bigint,Deprecate,,,
analytics,vw_Fact_AnalyticsMart_AllPartner,Geographies_Latam,bigint,Deprecate,,,
analytics,vw_Fact_AnalyticsMart_AllPartner,Geographies_Netherlands,bigint,Deprecate,,,
analytics,vw_Fact_AnalyticsMart_AllPartner,Geographies_Switzerland,bigint,Deprecate,,,
analytics,vw_Fact_AnalyticsMart_AllPartner,Geographies_UK_&_Ireland,bigint,Deprecate,,,
analytics,vw_Fact_AnalyticsMart_AllPartner,Geographies_United_States,bigint,Deprecate,,,
analytics,vw_Fact_AnalyticsMart_AllPartner,Geographies_North_Europe,bigint,Deprecate,,,
analytics,vw_Fact_AnalyticsMart_AllPartner,Geographies_South_Europe,bigint,Deprecate,,,
analytics,vw_Fact_AnalyticsMart_AllPartner,ISV,int,Deprecate,,,
analytics,vw_Fact_AnalyticsMart_AllPartner,Orig_MembershipStart,date,Deprecate,,,
analytics,vw_Fact_AnalyticsMart_AllPartner,MonthsInMPN,int,Deprecate,,,
analytics,vw_Fact_AnalyticsMart_AllPartner,IsSPL,varchar,Deprecate,,,
analytics,vw_Fact_AnalyticsMart_AllPartner,MembershipLevel,varchar,Deprecate,,,
analytics,vw_Fact_AnalyticsMart_AllPartner,Cur_MembershipStart,varchar,Deprecate,,,
analytics,vw_Fact_AnalyticsMart_AllPartner,MonthsAtLevel,int,Deprecate,,,
analytics,vw_Fact_AnalyticsMart_AllPartner,CoSell_Referrals,bigint,Deprecate,,,
analytics,vw_Fact_AnalyticsMart_AllPartner,CoSell_Deal_Size,bigint,Deprecate,,,
analytics,vw_Fact_AnalyticsMart_AllPartner,CoSell_Accepted_Referrals,bigint,Deprecate,,,
analytics,vw_Fact_AnalyticsMart_AllPartner,CoSell_Declined_Referrals,bigint,Deprecate,,,
analytics,vw_Fact_AnalyticsMart_AllPartner,CoSell_Won_Referrals,bigint,Deprecate,,,
analytics,vw_Fact_AnalyticsMart_AllPartner,GPSCRMSolutionCount,bigint,Deprecate,,,
analytics,vw_Fact_AnalyticsMart_AllPartner,GPSCRMAvailableSolutionCount,bigint,Deprecate,,,
analytics,vw_Fact_AnalyticsMart_AllPartner,GPSCRMTransactableSolutionCount,bigint,Deprecate,,,
analytics,vw_Fact_AnalyticsMart_AllPartner,Inc_Earned_Amount,float,Deprecate,,,
analytics,vw_Fact_AnalyticsMart_AllPartner,Inc_Transaction_Amount,float,Deprecate,,,
analytics,vw_Fact_AnalyticsMart_AllPartner,Inc_Paid_Amount,decimal,Deprecate,,,
analytics,vw_Fact_AnalyticsMart_AllPartner,Inv_Approved_Amount,decimal,Deprecate,,,
analytics,vw_Fact_AnalyticsMart_AllPartner,Inv_Requested_Amount,decimal,Deprecate,,,
analytics,vw_Fact_AnalyticsMart_AllPartner,MktPl_Total_Referrals,bigint,Deprecate,,,
analytics,vw_Fact_AnalyticsMart_AllPartner,MktPl_Accepted_Referrals,bigint,Deprecate,,,
analytics,vw_Fact_AnalyticsMart_AllPartner,MktPl_Closed_Referrals,bigint,Deprecate,,,
analytics,vw_Fact_AnalyticsMart_AllPartner,MktPl_Outbound_Referrals,bigint,Deprecate,,,
analytics,vw_Fact_AnalyticsMart_AllPartner,PSXDealCount,bigint,Deprecate,,,
analytics,vw_Fact_AnalyticsMart_AllPartner,PSXRegisteredDealCount,bigint,Deprecate,,,
analytics,vw_Fact_AnalyticsMart_AllPartner,QRP_Total_Referrals,bigint,Deprecate,,,
analytics,vw_Fact_AnalyticsMart_AllPartner,QRP_Accepted_Referrals,bigint,Deprecate,,,
analytics,vw_Fact_AnalyticsMart_AllPartner,QRP_Declined_Referrals,bigint,Deprecate,,,
analytics,vw_Fact_AnalyticsMart_AllPartner,QRP_Won_Referrals,bigint,Deprecate,,,
analytics,vw_Fact_AnalyticsMart_AllPartner,AZ_Solution_Count,bigint,Deprecate,,,
analytics,vw_Fact_AnalyticsMart_AllPartner,ACR,decimal,Deprecate,,,
analytics,vw_Fact_AnalyticsMart_AllPartner,PR_ACR,decimal,Deprecate,,,
analytics,vw_Fact_AnalyticsMart_AllPartner,MBS,float,Deprecate,,,
analytics,vw_Fact_AnalyticsMart_AllPartner,DataAndAI_ACR,decimal,Deprecate,,,
analytics,vw_Fact_AnalyticsMart_AllPartner,AzureSecurity_ACR,decimal,Deprecate,,,
analytics,vw_Fact_AnalyticsMart_AllPartner,AzureAppInnovation_ACR,decimal,Deprecate,,,
analytics,vw_Fact_AnalyticsMart_AllPartner,AzureInfra_ACR,decimal,Deprecate,,,
analytics,vw_Fact_AnalyticsMart_AllPartner,Az_Total_Partner_Performance_Distinct_ACR,decimal,Deprecate,,,
analytics,vw_Fact_AnalyticsMart_AllPartner,Az_Total_Partner_Performance_Distinct_DataAndAI,decimal,Deprecate,,,
analytics,vw_Fact_AnalyticsMart_AllPartner,Az_Total_Partner_Performance_Distinct_AzureSecurity,decimal,Deprecate,,,
analytics,vw_Fact_AnalyticsMart_AllPartner,Az_Total_Partner_Performance_Distinct_AzureAppInnovation,decimal,Deprecate,,,
analytics,vw_Fact_AnalyticsMart_AllPartner,Az_Total_Partner_Performance_Distinct_Infrastructure,decimal,Deprecate,,,
analytics,vw_Fact_AnalyticsMart_AllPartner,BilledRevenue,decimal,Deprecate,,,
analytics,vw_Fact_AnalyticsMart_AllPartner,DataAndAI_BilledRevenue,decimal,Deprecate,,,
analytics,vw_Fact_AnalyticsMart_AllPartner,MW_BilledRevenue,decimal,Deprecate,,,
analytics,vw_Fact_AnalyticsMart_AllPartner,BizApps_BilledRevenue,decimal,Deprecate,,,
analytics,vw_Fact_AnalyticsMart_AllPartner,ML_BilledRevenue,decimal,Deprecate,,,
analytics,vw_Fact_AnalyticsMart_AllPartner,AppsInfra_BilledRevenue,decimal,Deprecate,,,
analytics,vw_Fact_AnalyticsMart_AllPartner,CSP_ACR,decimal,Deprecate,,,
analytics,vw_Dim_AnalyticsMart_Info,Attribute,varchar,Deprecate,,,
analytics,vw_Dim_AnalyticsMart_Info,IsAggregatableAtDateTimeKey,varchar,Deprecate,,,
analytics,vw_Dim_AnalyticsMart_Info,Recommendations,varchar,Deprecate,,,
Azure,vw_DimFieldSolutionArea_Azure,FieldMidCommercialWorkload,varchar,No Change,vw_DimFieldSolutionArea_Azure,FieldMidCommercialWorkload,
Azure,vw_Fact_AzureConsumption,AzureConsumptionID,bigint,Deprecate,vw_Fact_AzureConsumption,AllocationID,
Azure,vw_Fact_AzureConsumption,AzureOfferID,int,No Change,vw_Fact_AzureConsumption,AzureOfferID,
Azure,vw_Fact_AzureConsumption,AzureServiceLevelID,int,No Change,vw_Fact_AzureConsumption,AzureServiceLevelID,
Azure,vw_Fact_AzureConsumption,BillingMonthDateID,int,No Change,vw_Fact_AzureConsumption,BillingMonthDateID,
Azure,vw_Fact_AzureConsumption,BillingSystemID,int,No Change,vw_Fact_AzureConsumption,BillingSystemID,
Azure,vw_Fact_AzureConsumption,CreditedGeographyID,int,No Change,vw_Fact_AzureConsumption,CreditedGeographyID,
Azure,vw_Fact_AzureConsumption,CustomerGeographyID,int,No Change,vw_Fact_AzureConsumption,CustomerGeographyID,
Azure,vw_Fact_AzureConsumption,CustomerID,int,No Change,vw_Fact_AzureConsumption,CustomerID,
Azure,vw_Fact_AzureConsumption,FirstUseDateID,int,No Change,vw_Fact_AzureConsumption,FirstUseDateID,
Azure,vw_Fact_AzureConsumption,AzurePricingLevelID,int,No Change,vw_Fact_AzureConsumption,AzurePricingLevelID,
Azure,vw_Fact_AzureConsumption,AZPricingLevel2ID,int,No Change,vw_Fact_AzureConsumption,AZPricingLevel2ID,
Azure,vw_Fact_AzureConsumption,AzureSubscriptionID,bigint,No Change,vw_Fact_AzureConsumption,AzureSubscriptionID,
Azure,vw_Fact_AzureConsumption,AzureSubscriptionStatusID,int,No Change,vw_Fact_AzureConsumption,AzureSubscriptionStatusID,
Azure,vw_Fact_AzureConsumption,AzureConsumption,decimal,No Change,vw_Fact_AzureConsumption,AzureConsumption,
Azure,vw_DimFieldSolutionArea_Azure,FieldSolutionAreaID,bigint,No Change,vw_DimFieldSolutionArea_Azure,FieldSolutionAreaID,
Azure,vw_DimFieldSolutionArea_Azure,FieldSolutionArea,varchar,No Change,vw_DimFieldSolutionArea_Azure,FieldSolutionArea,
Azure,vw_DimFieldSolutionArea_Azure,FieldCommercialWorkload,varchar,No Change,vw_DimFieldSolutionArea_Azure,FieldCommercialWorkload,
Azure,vw_DimFieldSolutionArea_Azure,FieldCommercialWorkloadDetail,varchar,No Change,vw_DimFieldSolutionArea_Azure,FieldCommercialWorkloadDetail,
Azure,vw_Fact_AzureConsumption,CreatedAsTrial,varchar,No Change,vw_Fact_AzureConsumption,CreatedAsTrial,
Azure,vw_Fact_AzureConsumption,DataPlatformServicesFlag,varchar,No Change,vw_Fact_AzureConsumption,DataPlatformServicesFlag,
Azure,vw_Fact_AzureConsumption,EnrollmentNumber,varchar,Deprecate,,,
Azure,vw_Fact_AzureConsumption,PaymentMethodType,varchar,No Change,vw_Fact_AzureConsumption,PaymentMethodType,
Azure,vw_Fact_AzureConsumption,PremiumServiceFlag,varchar,No Change,vw_Fact_AzureConsumption,PremiumServiceFlag,
Azure,vw_Fact_AzureConsumption,TrialToPaidConversionDate,date,No Change,vw_Fact_AzureConsumption,TrialToPaidConversionDate,
Azure,vw_Fact_AzureConsumption,IsAppInnovationScorecard,varchar,No Change,vw_Fact_AzureConsumption,IsAppInnovationScorecard,
Azure,vw_Fact_AzureConsumption,FieldSolutionAreaID,bigint,No Change,vw_Fact_AzureConsumption,FieldSolutionAreaID,
Azure,vw_Fact_AzureConsumption,BusinessID,int,No Change,vw_Fact_AzureConsumption,BusinessID,
Azure,vw_Fact_AzureConsumption,AdjustmentType,varchar,No Change,vw_Fact_AzureConsumption,AdjustmentType,
Azure,vw_Fact_AzureConsumption,AzureStrategicPillarID,int,No Change,vw_Fact_AzureConsumption,AzureStrategicPillarID,
Azure,vw_Fact_AzureConsumption,ServiceInfluencerID,int,No Change,vw_Fact_AzureConsumption,ServiceInfluencerID,
Azure,vw_Fact_AzureConsumption,MarketPlaceID,varchar,No Change,vw_Fact_AzureConsumption,MarketPlaceID,
Azure,vw_Fact_AzureConsumption,ComputeOSAttributeID,varchar,No Change,vw_Fact_AzureConsumption,ComputeOSAttributeID,
Azure,vw_Fact_AzureConsumption,ChannelMotion,varchar,No Change,vw_Fact_AzureConsumption,ChannelMotion,
Azure,vw_Fact_AzureConsumption,ChannelMotionID,int,No Change,vw_Fact_AzureConsumption,ChannelMotionID,
Azure,vw_Fact_EAtoModernTransition,SubscriptionID,varchar,No Change,vw_Fact_EAtoModernTransition,SubscriptionID,
Azure,vw_Fact_EAtoModernTransition,BillingMonthID,int,No Change,vw_Fact_EAtoModernTransition,BillingMonthID,
Azure,vw_Fact_EAtoModernTransition,CreditedGeographyID,int,No Change,vw_Fact_EAtoModernTransition,CreditedGeographyID,
Azure,vw_Fact_EAtoModernTransition,CSPTier1_PartnerID,varchar,No Change,vw_Fact_EAtoModernTransition,CSPTier1_PartnerID,
Azure,vw_Fact_EAtoModernTransition,CSPTier1_PartnerOneID,int,No Change,vw_Fact_EAtoModernTransition,CSPTier1_PartnerOneID,
Azure,vw_Fact_EAtoModernTransition,CSPTier2_PartnerID,varchar,No Change,vw_Fact_EAtoModernTransition,CSPTier2_PartnerID,
Azure,vw_Fact_EAtoModernTransition,CSPTier2_PartnerOneID,int,No Change,vw_Fact_EAtoModernTransition,CSPTier2_PartnerOneID,
Azure,vw_Fact_EAtoModernTransition,CustomerID,int,No Change,vw_Fact_EAtoModernTransition,CustomerID,
Azure,vw_Fact_EAtoModernTransition,ACRTransitionStatus,varchar,No Change,vw_Fact_EAtoModernTransition,ACRTransitionStatus,
Azure,vw_Fact_EAtoModernTransition,AzureConsumption,decimal,No Change,vw_Fact_EAtoModernTransition,AzureConsumption,
Azure,vw_Fact_EAtoModernTransition,CreditedAreaName,varchar,No Change,vw_Fact_EAtoModernTransition,CreditedAreaName,
Azure,vw_Fact_EAtoModernTransition,CreditedSubsidiaryName,varchar,No Change,vw_Fact_EAtoModernTransition,CreditedSubsidiaryName,
Azure,vw_Fact_EAtoModernTransition,CSPTier1_PartnerName,varchar,No Change,vw_Fact_EAtoModernTransition,CSPTier1_PartnerName,
Azure,vw_Fact_EAtoModernTransition,CSPTier1_PartnerOneName,varchar,No Change,vw_Fact_EAtoModernTransition,CSPTier1_PartnerOneName,
Azure,vw_Fact_EAtoModernTransition,CSPTier2_PartnerName,varchar,No Change,vw_Fact_EAtoModernTransition,CSPTier2_PartnerName,
Azure,vw_Fact_EAtoModernTransition,CSPTier2_PartnerOneName,varchar,No Change,vw_Fact_EAtoModernTransition,CSPTier2_PartnerOneName,
Azure,vw_Fact_EAtoModernTransition,CustomerName,varchar,No Change,vw_Fact_EAtoModernTransition,CustomerName,
Azure,vw_Fact_EAtoModernTransition,EAtoModernConversionDate,date,No Change,vw_Fact_EAtoModernTransition,EAtoModernConversionDate,
Azure,vw_Fact_EAtoModernTransition,EnrollmentNumber,varchar,Deprecate,,,
Azure,vw_Fact_EAtoModernTransition,SubscriptionStartDate,date,No Change,vw_Fact_EAtoModernTransition,SubscriptionStartDate,
Azure,vw_Fact_EAtoModernTransition,SubscriptionEndDate,date,No Change,vw_Fact_EAtoModernTransition,SubscriptionEndDate,
Azure,vw_Fact_EAtoModernTransition,SubscriptionStatusName,varchar,No Change,vw_Fact_EAtoModernTransition,SubscriptionStatusName,
Azure,vw_Dim_MarketPlace,MarketplaceID,varchar,No Change,vw_Dim_MarketPlace,MarketplaceID,
Azure,vw_Dim_MarketPlace,PublisherID,varchar,No Change,vw_Dim_MarketPlace,PublisherID,
Azure,vw_Dim_MarketPlace,OfferID,varchar,No Change,vw_Dim_MarketPlace,OfferID,
Azure,vw_Dim_MarketPlace,PublisherDisplayText,varchar,No Change,vw_Dim_MarketPlace,PublisherDisplayText,
Azure,vw_Dim_MarketPlace,OfferDisplayText,varchar,No Change,vw_Dim_MarketPlace,OfferDisplayText,
Azure,vw_Dim_MarketPlace,PublisherTrackingGUID,varchar,No Change,vw_Dim_MarketPlace,PublisherTrackingGUID,
Azure,vw_Dim_MarketPlace,PublisherActiveFlag,varchar,No Change,vw_Dim_MarketPlace,PublisherActiveFlag,
Azure,vw_Dim_MarketPlace,OfferActiveFlag,varchar,No Change,vw_Dim_MarketPlace,OfferActiveFlag,
Azure,vw_Dim_Marketplace,MarketplaceID,varchar,No Change,vw_Dim_Marketplace,MarketplaceID,
Azure,vw_Dim_Marketplace,PublisherID,varchar,No Change,vw_Dim_Marketplace,PublisherID,
Azure,vw_Dim_Marketplace,OfferID,varchar,No Change,vw_Dim_Marketplace,OfferID,
Azure,vw_Dim_Marketplace,PublisherDisplayText,varchar,No Change,vw_Dim_Marketplace,PublisherDisplayText,
Azure,vw_Dim_Marketplace,OfferDisplayText,varchar,No Change,vw_Dim_Marketplace,OfferDisplayText,
Azure,vw_Dim_Marketplace,PublisherTrackingGUID,varchar,No Change,vw_Dim_Marketplace,PublisherTrackingGUID,
Azure,vw_Dim_Marketplace,PublisherActiveFlag,varchar,No Change,vw_Dim_Marketplace,PublisherActiveFlag,
Azure,vw_Dim_Marketplace,OfferActiveFlag,varchar,No Change,vw_Dim_Marketplace,OfferActiveFlag,
Azure,vw_Dim_PartnerAttachType,PartnerAttachtypeID,int,No Change,vw_Dim_PartnerAttachType,PartnerAttachtypeID,
Azure,vw_Dim_PartnerAttachType,PartnerAttachType,varchar,No Change,vw_Dim_PartnerAttachType,PartnerAttachType,
Azure,vw_Dim_PartnerAttachType,AdminType,varchar,No Change,vw_Dim_PartnerAttachType,AdminType,
Azure,vw_Dim_ServiceInfluencer,ServiceInfluencerID,bigint,No Change,vw_Dim_ServiceInfluencer,ServiceInfluencerID,
Azure,vw_Dim_ServiceInfluencer,ServiceInfluencer,varchar,No Change,vw_Dim_ServiceInfluencer,ServiceInfluencer,
Azure,vw_Bridge_AzureConsumptionPartner,PartnerAttachTypeID,int,No Change,vw_Bridge_AzureConsumptionPartner,PartnerAttachTypeID,
Azure,vw_Bridge_AzureConsumptionPartner,AzureConsumptionID,bigint,Deprecate,vw_Bridge_AzureConsumptionPartner,AllocationID,
Azure,vw_Bridge_AzureConsumptionPartner,DistiPartnerID,int,No Change,vw_Bridge_AzureConsumptionPartner,DistiPartnerID,
Azure,vw_Bridge_AzureConsumptionPartner,GeographyID,int,No Change,vw_Bridge_AzureConsumptionPartner,GeographyID,
Azure,vw_Bridge_AzureConsumptionPartner,PartnerCountryID,int,No Change,vw_Bridge_AzureConsumptionPartner,PartnerCountryID,
Azure,vw_Bridge_AzureConsumptionPartner,PartnerID,int,No Change,vw_Bridge_AzureConsumptionPartner,PartnerID,
Azure,vw_Bridge_AzureConsumptionPartner,PartnerOneGeographyID,int,No Change,vw_Bridge_AzureConsumptionPartner,PartnerOneGeographyID,
Azure,vw_Bridge_AzureConsumptionPartner,PartnerOneReportingKey,bigint,No Change,vw_Bridge_AzureConsumptionPartner,PartnerOneReportingKey,
Azure,vw_Bridge_AzureConsumptionPartner,BillingMonthDateID,int,No Change,vw_Bridge_AzureConsumptionPartner,BillingMonthDateID,
Azure,vw_Bridge_AzureConsumptionPartner,PercentAllocation,decimal,Deprecate,,,
Azure,vw_Dim_AZPricingLevel,AZPricingLevel2ID,int,No Change,vw_Dim_AZPricingLevel,AZPricingLevel2ID,
Azure,vw_Dim_AZPricingLevel,AZPricingLevel2,varchar,No Change,vw_Dim_AZPricingLevel,AZPricingLevel2,
Azure,vw_Dim_AzureOffer,AzureOfferID,int,No Change,vw_Dim_AzureOffer,AzureOfferID,
Azure,vw_Dim_AzureOffer,AzureOffer,varchar,No Change,vw_Dim_AzureOffer,AzureOffer,
Azure,vw_Dim_AzureOffer,AzureOfferType,varchar,No Change,vw_Dim_AzureOffer,AzureOfferType,
Azure,vw_Dim_AzurePricingLevel,PricingLevelID,int,No Change,vw_Dim_AzurePricingLevel,PricingLevelID,
Azure,vw_Dim_AzurePricingLevel,PricingLevelKey,int,No Change,vw_Dim_AzurePricingLevel,PricingLevelKey,
Azure,vw_Dim_AzurePricingLevel,DetailPricingLevelName,varchar,No Change,vw_Dim_AzurePricingLevel,DetailPricingLevelName,
Azure,vw_Dim_AzurePricingLevel,PricingLevelName,varchar,No Change,vw_Dim_AzurePricingLevel,PricingLevelName,
Azure,vw_Dim_AzurePricingLevel,Platform,varchar,No Change,vw_Dim_AzurePricingLevel,Platform,
Azure,vw_Dim_AzurePricingLevel,SalesMotion,varchar,No Change,vw_Dim_AzurePricingLevel,SalesMotion,
Azure,vw_Dim_AzureServiceLevel,AzureServiceLevelID,int,No Change,vw_Dim_AzureServiceLevel,AzureServiceLevelID,
Azure,vw_Dim_AzureServiceLevel,AzureWorkload,varchar,No Change,vw_Dim_AzureServiceLevel,AzureWorkload,
Azure,vw_Dim_AzureServiceLevel,ServiceLevel1,varchar,No Change,vw_Dim_AzureServiceLevel,ServiceLevel1,
Azure,vw_Dim_AzureServiceLevel,ServiceLevel2,varchar,No Change,vw_Dim_AzureServiceLevel,ServiceLevel2,
Azure,vw_Dim_AzureServiceLevel,ServiceLevel3,varchar,No Change,vw_Dim_AzureServiceLevel,ServiceLevel3,
Azure,vw_Dim_AzureServiceLevel,ServiceLevel4,varchar,No Change,vw_Dim_AzureServiceLevel,ServiceLevel4,
Azure,vw_Dim_AzureServiceLevel,ServiceLevel5,varchar,No Change,vw_Dim_AzureServiceLevel,ServiceLevel5,
Azure,vw_Dim_AzureServiceLevel,ComputeOS,varchar,No Change,vw_Dim_AzureServiceLevel,ComputeOS,
Azure,vw_Dim_AzureServiceLevel,ComputeFamily,varchar,No Change,vw_Dim_AzureServiceLevel,ComputeFamily,
Azure,vw_Dim_AzureStrategicPillar,AzureStrategicPillarID,int,No Change,vw_Dim_AzureStrategicPillar,AzureStrategicPillarID,
Azure,vw_Dim_AzureStrategicPillar,SuperStrategicPillar,varchar,No Change,vw_Dim_AzureStrategicPillar,SuperStrategicPillar,
Azure,vw_Dim_AzureStrategicPillar,SubStrategicPillar,varchar,No Change,vw_Dim_AzureStrategicPillar,SubStrategicPillar,
Azure,vw_Dim_AzureStrategicPillar,StrategicPillar,varchar,No Change,vw_Dim_AzureStrategicPillar,StrategicPillar,
Azure,vw_Dim_AzureStrategicPillar,FY21StrategicPillar,varchar,No Change,vw_Dim_AzureStrategicPillar,FY21StrategicPillar,
Azure,vw_Dim_AzureStrategicPillar,,varchar,New Column,vw_Dim_AzureStrategicPillar,IsAIACRPlatform&Apps,
Azure,vw_Dim_AzureStrategicPillar,,int,New Column,vw_Dim_AzureStrategicPillar,AzureStrategicPillarBusinessKey,
Azure,vw_Dim_AzureSubscription,AzureSubscriptionID,bigint,No Change,vw_Dim_AzureSubscription,AzureSubscriptionID,
Azure,vw_Dim_AzureSubscription,ProductID,int,No Change,vw_Dim_AzureSubscription,ProductID,
Azure,vw_Dim_AzureSubscription,SubscriptionGUID,varchar,No Change,vw_Dim_AzureSubscription,SubscriptionGUID,
Azure,vw_Dim_AzureSubscription,ChannelMotion,varchar,No Change,vw_Dim_AzureSubscription,ChannelMotion,
Azure,vw_Dim_AzureSubscription,IsConvertedFromTrial,varchar,No Change,vw_Dim_AzureSubscription,IsConvertedFromTrial,
Azure,vw_Dim_AzureSubscription,IsValidSubscription,varchar,No Change,vw_Dim_AzureSubscription,IsValidSubscription,
Azure,vw_Dim_AzureSubscription,SubscriptionEndDate,date,No Change,vw_Dim_AzureSubscription,SubscriptionEndDate,
Azure,vw_Dim_AzureSubscription,SubscriptionName,varchar,No Change,vw_Dim_AzureSubscription,SubscriptionName,
Azure,vw_Dim_AzureSubscription,SubscriptionStartDate,date,No Change,vw_Dim_AzureSubscription,SubscriptionStartDate,
Azure,vw_Dim_AzureSubscription,SubscriptionCanceledDate,date,No Change,vw_Dim_AzureSubscription,SubscriptionCanceledDate,
Azure,vw_Dim_AzureSubscriptionStatus,AzureSubscriptionStatusID,int,No Change,vw_Dim_AzureSubscriptionStatus,AzureSubscriptionStatusID,
Azure,vw_Dim_AzureSubscriptionStatus,SubscriptionStatusCategoryID,int,No Change,vw_Dim_AzureSubscriptionStatus,SubscriptionStatusCategoryID,
Azure,vw_Dim_AzureSubscriptionStatus,SubscriptionStatusID,int,No Change,vw_Dim_AzureSubscriptionStatus,SubscriptionStatusID,
Azure,vw_Dim_AzureSubscriptionStatus,SubscriptionStatusCategory,varchar,No Change,vw_Dim_AzureSubscriptionStatus,SubscriptionStatusCategory,
Azure,vw_Dim_AzureSubscriptionStatus,SubscriptionStatusName,varchar,No Change,vw_Dim_AzureSubscriptionStatus,SubscriptionStatusName,
Azure,vw_Dim_BillingSystem,BillingSystemID,int,No Change,vw_Dim_BillingSystem,BillingSystemID,
Azure,vw_Dim_BillingSystem,BillingSystem,varchar,No Change,vw_Dim_BillingSystem,BillingSystem,
Azure,vw_Dim_ComputeOSAttribute,ComputeOSAttributeID,bigint,No Change,vw_Dim_ComputeOSAttribute,ComputeOSAttributeID,
Azure,vw_Dim_ComputeOSAttribute,ComputeOSAttributeName,varchar,No Change,vw_Dim_ComputeOSAttribute,ComputeOSAttributeName,
CoSell,vw_DimCRMPartnerAccount,PartnerSubsidiary,varchar,No Change,,,
CoSell,vw_DimCRMPartnerAccount,MSSalesTPID,varchar,No Change,,,
CoSell,vw_DimCRMPartnerAccount,PartnerName,varchar,No Change,,,
CoSell,vw_DimCRMPartnerAccount,OwnerAlias,varchar,No Change,,,
CoSell,vw_DimCRMPartnerAccount,PartnerAccountId,varchar,No Change,,,
CoSell,vw_DimCRMPartnerAccount,PartnerNumber,varchar,No Change,,,
CoSell,vw_DimCRMPartnerAccount,SourceType,varchar,No Change,,,
CoSell,vw_DimCRMPartnerAccount,AccountSource,varchar,No Change,,,
CoSell,vw_DimCustomerGeography,CustomerGeographyKey,bigint,No Change,,,
CoSell,vw_DimCustomerGeography,AreaName,varchar,No Change,,,
CoSell,vw_DimCustomerGeography,DistrictName,varchar,No Change,,,
CoSell,vw_DimCustomerGeography,RegionName,varchar,No Change,,,
CoSell,vw_DimCustomerGeography,SubRegionID,int,No Change,,,
CoSell,vw_DimCustomerGeography,SubRegionName,varchar,No Change,,,
CoSell,vw_DimCustomerGeography,SubsidiaryName,varchar,No Change,,,
CoSell,vw_DimCustomerGeography,TimeZone,varchar,No Change,,,
CoSell,vw_DimCustomerSegment,CustomerSegmentKey,bigint,No Change,,,
CoSell,vw_DimCustomerSegment,IsStrategic,varchar,No Change,,,
CoSell,vw_DimCustomerSegment,IsMajor,varchar,No Change,,,
CoSell,vw_DimCustomerSegment,ReportedCustomSegment,varchar,No Change,,,
CoSell,vw_DimCustomerSegment,ReportedSummarySegmentName,varchar,No Change,,,
CoSell,vw_DimCustomerSegment,SegmentID,int,No Change,,,
CoSell,vw_DimCustomerSegment,SegmentName,varchar,No Change,,,
CoSell,vw_DimCustomerSegment,SubSegmentID,int,No Change,,,
CoSell,vw_DimCustomerSegment,SubSegmentName,varchar,No Change,,,
CoSell,vw_DimCustomerSegment,SummarySegmentName,varchar,No Change,,,
CoSell,vw_DimCustomGTMReadiness,GTMReadinessKey,int,No Change,,,
CoSell,vw_DimCustomGTMReadiness,GTMReadiness,varchar,No Change,,,
CoSell,vw_DimCustomPartnerDealDirectionReporting,CustomDealDirectionKey,int,No Change,,,
CoSell,vw_DimCustomPartnerDealDirectionReporting,CustomDealDirection,varchar,No Change,,,
CoSell,vw_DimCustomPartnerDealDirectionReporting,UniversalSharingType,varchar,No Change,,,
CoSell,vw_DimCustomPartnerDealDirectionReporting,PartnerEngaged,varchar,No Change,,,
CoSell,vw_DimCustomPartnerDealDirectionReporting,OrderKey,int,No Change,,,
CoSell,vw_DimDeliverables,EDLPExtractId,varchar,No Change,,,
CoSell,vw_DimDeliverables,CreatedBy,varchar,No Change,,,
CoSell,vw_DimDeliverables,CreatedByName,varchar,No Change,,,
CoSell,vw_DimDeliverables,CreatedByYomiName,varchar,No Change,,,
CoSell,vw_DimDeliverables,CreatedOn,datetime2,No Change,,,
CoSell,vw_DimDeliverables,CreatedOnBehalfBy,varchar,No Change,,,
CoSell,vw_DimDeliverables,CreatedOnBehalfByName,varchar,No Change,,,
CoSell,vw_DimDeliverables,CreatedOnBehalfByYomiName,varchar,No Change,,,
CoSell,vw_DimDeliverables,Comments,varchar,No Change,,,
CoSell,vw_DimDeliverables,DeliverablesId,varchar,No Change,,,
CoSell,vw_DimDeliverables,DeliverableType,varchar,No Change,,,
CoSell,vw_DimDeliverables,DeliverableTypeName,varchar,No Change,,,
CoSell,vw_DimDeliverables,DeliveryMethod,varchar,No Change,,,
CoSell,vw_DimDeliverables,DueDate,datetime2,No Change,,,
CoSell,vw_DimDeliverables,PMXName,varchar,No Change,,,
CoSell,vw_DimDeliverables,Project,varchar,No Change,,,
CoSell,vw_DimDeliverables,ProjectName,varchar,No Change,,,
CoSell,vw_DimDeliverables,ImportSequenceNumber,decimal,No Change,,,
CoSell,vw_DimDeliverables,ModifiedBy,varchar,No Change,,,
CoSell,vw_DimDeliverables,ModifiedByName,varchar,No Change,,,
CoSell,vw_DimDeliverables,ModifiedByYomiName,varchar,No Change,,,
CoSell,vw_DimDeliverables,ModifiedOn,datetime2,No Change,,,
CoSell,vw_DimDeliverables,ModifiedOnBehalfBy,varchar,No Change,,,
CoSell,vw_DimDeliverables,ModifiedOnBehalfByName,varchar,No Change,,,
CoSell,vw_DimDeliverables,ModifiedOnBehalfByYomiName,varchar,No Change,,,
CoSell,vw_DimDeliverables,OverriddenCreatedOn,datetime2,No Change,,,
CoSell,vw_DimDeliverables,OwnerId,varchar,No Change,,,
CoSell,vw_DimDeliverables,OwnerIdName,varchar,No Change,,,
CoSell,vw_DimDeliverables,OwnerIdType,varchar,No Change,,,
CoSell,vw_DimDeliverables,OwnerIdYomiName,varchar,No Change,,,
CoSell,vw_DimDeliverables,OwningBusinessUnit,varchar,No Change,,,
CoSell,vw_DimDeliverables,OwningBusinessUnitName,varchar,No Change,,,
CoSell,vw_DimDeliverables,OwningTeam,varchar,No Change,,,
CoSell,vw_DimDeliverables,OwningUser,varchar,No Change,,,
CoSell,vw_DimDeliverables,StateCode,varchar,No Change,,,
CoSell,vw_DimDeliverables,StatusCode,varchar,No Change,,,
CoSell,vw_DimDeliverables,TimeZoneRuleVersionNumber,decimal,No Change,,,
CoSell,vw_DimDeliverables,UTCConversionTimeZoneCode,decimal,No Change,,,
CoSell,vw_DimDeliverables,VersionNumber,varchar,No Change,,,
CoSell,vw_DimDeliverables,EDLPExtractDateTime,datetime2,No Change,,,
CoSell,vw_DimDeliverables,EDLPLoadTS,varchar,No Change,,,
CoSell,vw_DimDeliverables,EDLPModifiedDateTime,datetime2,No Change,,,
CoSell,vw_DimDeliverables,EDLPDeltaActionCode,varchar,No Change,,,
CoSell,vw_DimEngagementMilestone,CommitmentRecommendation,varchar,No Change,,,
CoSell,vw_DimEngagementMilestone,EngagementMilestoneId,varchar,No Change,,,
CoSell,vw_DimEngagementMilestone,EngagementMilestoneKey,bigint,No Change,,,
CoSell,vw_DimEngagementMilestone,EstDate,datetime2,No Change,,,
CoSell,vw_DimEngagementMilestone,EstimatedFiscalMonth,varchar,No Change,,,
CoSell,vw_DimEngagementMilestone,EstimatedFiscalQuarter,varchar,No Change,,,
CoSell,vw_DimEngagementMilestone,EstimatedFiscalYear,varchar,No Change,,,
CoSell,vw_DimEngagementMilestone,IsCustomerCommitted,varchar,No Change,,,
CoSell,vw_DimEngagementMilestone,IsNonRecurringEngagementMilestone,varchar,No Change,,,
CoSell,vw_DimEngagementMilestone,MilestoneCategory,varchar,No Change,,,
CoSell,vw_DimEngagementMilestone,MilestoneCompletionDateEstimated,varchar,No Change,,,
CoSell,vw_DimEngagementMilestone,MilestoneNumber,varchar,No Change,,,
CoSell,vw_DimEngagementMilestone,MilestoneStatus,varchar,No Change,,,
CoSell,vw_DimEngagementMilestone,MilestoneStatusReason,varchar,No Change,,,
CoSell,vw_DimGPSCRMAccount,SubRegion,varchar,No Change,,,
CoSell,vw_DimGPSCRMAccount,Subsidiary,varchar,No Change,,,
CoSell,vw_DimGPSCRMAccount,Tags,varchar,No Change,,,
CoSell,vw_DimGPSCRMAccount,TotalAccounts,varchar,No Change,,,
CoSell,vw_DimGPSCRMAccount,GPSCRMID,varchar,No Change,,,
CoSell,vw_DimGPSCRMAccount,StartupFoundedFiscalMonthID,int,No Change,,,
CoSell,vw_DimAccountGeographyHierarchyReporting,DimAccountGeographyHierarchyKey,bigint,No Change,,,
CoSell,vw_DimAccountGeographyHierarchyReporting,DimManagedTpAccountKey,bigint,No Change,,,
CoSell,vw_DimAccountGeographyHierarchyReporting,DimSalesGeographyHierarchyKey,bigint,No Change,,,
CoSell,vw_DimAccountGeographyHierarchyReporting,Level,varchar,No Change,,,
CoSell,vw_DimAccountGeographyHierarchyReporting,BigAreaId,varchar,No Change,,,
CoSell,vw_DimAccountGeographyHierarchyReporting,BigAreaName,varchar,No Change,,,
CoSell,vw_DimAccountGeographyHierarchyReporting,AreaId,int,No Change,,,
CoSell,vw_DimAccountGeographyHierarchyReporting,AreaName,varchar,No Change,,,
CoSell,vw_DimAccountGeographyHierarchyReporting,RegionId,int,No Change,,,
CoSell,vw_DimAccountGeographyHierarchyReporting,RegionName,varchar,No Change,,,
CoSell,vw_DimAccountGeographyHierarchyReporting,SubRegionId,int,No Change,,,
CoSell,vw_DimAccountGeographyHierarchyReporting,SubsidiaryName,varchar,No Change,,,
CoSell,vw_DimAccountGeographyHierarchyReporting,SubsidiaryId,int,No Change,,,
CoSell,vw_DimAccountGeographyHierarchyReporting,SalesGroupId,int,No Change,,,
CoSell,vw_DimAccountGeographyHierarchyReporting,SalesGroupName,varchar,No Change,,,
CoSell,vw_DimAccountGeographyHierarchyReporting,SalesUnitId,int,No Change,,,
CoSell,vw_DimAccountGeographyHierarchyReporting,SalesUnitName,varchar,No Change,,,
CoSell,vw_DimAccountGeographyHierarchyReporting,SalesTeamId,int,No Change,,,
CoSell,vw_DimAccountGeographyHierarchyReporting,SalesTeamName,varchar,No Change,,,
CoSell,vw_DimAccountGeographyHierarchyReporting,AtuId,int,No Change,,,
CoSell,vw_DimAccountGeographyHierarchyReporting,AtuName,varchar,No Change,,,
CoSell,vw_DimAccountGeographyHierarchyReporting,SalesTerritoryId,int,No Change,,,
CoSell,vw_DimAccountGeographyHierarchyReporting,SalesTerritoryName,varchar,No Change,,,
CoSell,vw_DimAccountGeographyHierarchyReporting,A14FlagName,varchar,No Change,,,
CoSell,vw_DimAccountGeographyHierarchyReporting,AssignedSalesUnit,varchar,No Change,,,
CoSell,vw_DimAccountGeographyHierarchyReporting,AssignedSalesGroup,varchar,No Change,,,
CoSell,vw_DimAccountGeographyHierarchyReporting,AssignedSuperSalesGroup,varchar,No Change,,,
CoSell,vw_DimAccountGeographyHierarchyReporting,AssignedHyperSalesGroup,varchar,No Change,,,
CoSell,vw_DimAccountGeographyHierarchyReporting,Segment,varchar,No Change,,,
CoSell,vw_DimAccountGeographyHierarchyReporting,TpAccountId,int,No Change,,,
CoSell,vw_DimAccountGeographyHierarchyReporting,TpAccountName,varchar,No Change,,,
CoSell,vw_DimGPSCRMSolution,cppOfferId,varchar,No Change,,,
CoSell,vw_DimGPSCRMSolution,CoSellReadyDateFiscalYear,varchar,No Change,,,
CoSell,vw_DimGPSCRMSolution,CoSellReadyDateFiscalQuarter,varchar,No Change,,,
CoSell,vw_DimGPSCRMSolution,CoSellReadyDateFiscalMonth,varchar,No Change,,,
CoSell,vw_DimGPSCRMSolution,CoSellReadyDateFiscalMonth_Order,int,No Change,,,
CoSell,vw_DimGPSCRMSolution,CoSellReadyDate,datetime2,No Change,,,
CoSell,vw_DimGPSCRMSolution,CoSellReady_PrioritizedURL,varchar,No Change,,,
CoSell,vw_DimGPSCRMSolution,CoSellFinerURL,varchar,No Change,,,
CoSell,vw_DimGPSCRMSolution,OfferType,varchar,No Change,,,
CoSell,vw_DimGPSCRMSolution,IsTransactableInMarketplace,varchar,No Change,,,
CoSell,vw_DimGPSCRMSolution,IsAvailableInMarketplace,varchar,No Change,,,
CoSell,vw_DimGPSCRMSolution,IsAvailableInAppSource,varchar,No Change,,,
CoSell,vw_DimGPSCRMSolution,IsIndependentSoftwareVendorConnectSolution,varchar,No Change,,,
CoSell,vw_DimGPSCRMSolution,IsIndependentSoftwareVendorConnectSolutionOrder,int,No Change,,,
CoSell,vw_DimGPSCRMSolution,GPSCRMAccountKey,varchar,No Change,,,
CoSell,vw_DimGPSCRMSolution,GPSCRMAccountID,varchar,No Change,,,
CoSell,vw_DimGPSCRMSolution,LastModifiedDateInCatRP,varchar,No Change,,,
CoSell,vw_DimAccountGeographyHierarchyReporting,TimeZone,varchar,No Change,,,
CoSell,vw_DimAccountGeographyHierarchyReporting,FieldAccountabilityUnit,varchar,No Change,,,
CoSell,vw_DimAccountGeographyHierarchyReporting,LowerFieldAccountabilityUnit,varchar,No Change,,,
CoSell,vw_DimAccountGeographyHierarchyReporting,FieldArea,varchar,No Change,,,
CoSell,vw_DimAccountGeographyHierarchyReporting,FieldRegion,varchar,No Change,,,
CoSell,vw_DimIndustry,IndustryLevel1,varchar,No Change,,,
CoSell,vw_DimIndustry,IndustrySKID,bigint,No Change,,,
CoSell,vw_DimIndustry,IndustryLevel2,varchar,No Change,,,
CoSell,vw_DimIOPO,IOPOKey,varchar,No Change,,,
CoSell,vw_DimIOPO,IONumber,varchar,No Change,,,
CoSell,vw_DimIOPO,IOOwner,varchar,No Change,,,
CoSell,vw_DimIOPO,PoNumber,varchar,No Change,,,
CoSell,vw_DimIOPO,IoNoDescription,varchar,No Change,,,
CoSell,vw_DimIOPO,PartnerOneID,varchar,No Change,,,
CoSell,vw_DimIOPO,CompanyCode,varchar,No Change,,,
CoSell,vw_DimIPPartner,PartnerOneName,varchar,No Change,,,
CoSell,vw_DimIPPartner,IsPartnerMastered,varchar,No Change,,,
CoSell,vw_DimIPPartner,PartnerOneProgramKey,int,No Change,,,
CoSell,vw_DimIPPartner,PartnerDealURL,varchar,No Change,,,
CoSell,vw_DimIPPartner,IsCoSellReadyPartner,varchar,No Change,,,
CoSell,vw_DimIPPartner,InGPSCatalog,varchar,No Change,,,
CoSell,vw_DimIPPartner,PartnerMaxGTMReadiness,varchar,No Change,,,
CoSell,vw_DimIPPartner,IsAzureExpertMSP,varchar,No Change,,,
CoSell,vw_DimIPPartner,IsGSI,varchar,No Change,,,
CoSell,vw_DimIPPartner,IsGlobalISV,varchar,No Change,,,
CoSell,vw_DimIPPartner,IsGlobalChannel,varchar,No Change,,,
CoSell,vw_DimIPPartner,IsEMPMPartner,varchar,No Change,,,
CoSell,vw_DimIPPartner,IsQuestionablePartner,varchar,No Change,,,
CoSell,vw_DimIPPartner,IsTopTierPartner,varchar,No Change,,,
CoSell,vw_DimIPPartner,PartnerOneID,int,No Change,,,
CoSell,vw_DimIPPartner,PartnerOneNameID,varchar,No Change,,,
CoSell,vw_DimIPPartner,IsManaged,varchar,No Change,,,
CoSell,vw_DimIPPartner,IsCoSellReadyPartner_Order,int,No Change,,,
CoSell,vw_DimIPPartner,InGPSCatalog_Order,int,No Change,,,
CoSell,vw_DimIPPartner,PartnerGroupName,varchar,No Change,,,
CoSell,vw_DimIPPartner,IsAzureExpertMSP_Order,int,No Change,,,
CoSell,vw_DimIPPartner,IsGSI_Order,int,No Change,,,
CoSell,vw_DimIPPartner,IsGlobalISV_Order,int,No Change,,,
CoSell,vw_DimIPPartner,IsGlobalChannel_Order,int,No Change,,,
CoSell,vw_DimIPPartner,IsEMPMPartner_Order,int,No Change,,,
CoSell,vw_DimIPPartner,IsQuestionablePartner_Order,int,No Change,,,
CoSell,vw_DimIPPartner,IsStrategicPartnerOne,varchar,Deprecate,,,
CoSell,vw_DimIPPartner,IsStrategicPartnerOne_Order,int,Deprecate,,,
CoSell,vw_DimIPPartner,PartnerOneProgramName,varchar,Deprecate,,,
CoSell,vw_DimIPPartner,ReportingProgramTier,varchar,Deprecate,,,
CoSell,vw_DimIPPartner,IsStrategicLSP,varchar,Deprecate,,,
CoSell,vw_DimIPPartner,IsStrategicLSP_Order,int,Deprecate,,,
CoSell,vw_DimIPPartner,IsStrategicDistributor,varchar,Deprecate,,,
CoSell,vw_DimIPPartner,IsStrategicISV,varchar,Deprecate,,,
CoSell,vw_DimIPPartner,IsStrategicISV_Order,int,Deprecate,,,
CoSell,vw_DimIPPartner,IsStrategicDistributor_Order,int,Deprecate,,,
CoSell,vw_DimIPPartner,IsStrategicServices,varchar,Deprecate,,,
CoSell,vw_DimIPPartner,IsStrategicServices_Order,int,Deprecate,,,
CoSell,vw_DimIPPartner,IsLEGOPartner,varchar,Deprecate,,,
CoSell,vw_DimIPPartner,IsLEGOPartner_Order,int,Deprecate,,,
CoSell,vw_DimIPPartner,IsAGIPartner,varchar,Deprecate,,,
CoSell,vw_DimIPPartner,IsAGIPartner_Order,int,Deprecate,,,
CoSell,vw_DimIPPartner,IsP200Partner,varchar,Deprecate,,,
CoSell,vw_DimIPPartner,IsP200Partner_Order,varchar,Deprecate,,,
CoSell,vw_DimIPPartner,IsP200PilotPartner,varchar,Deprecate,,,
CoSell,vw_DimIPPartner,IsP200PilotPartner_Order,int,Deprecate,,,
CoSell,vw_DimIPPartner,IsAG,varchar,Deprecate,,,
CoSell,vw_DimIPPartner,IsEnterpriseSI,varchar,Deprecate,,,
CoSell,vw_DimIPPartner,IsHyperscaler,varchar,Deprecate,,,
CoSell,vw_DimIPPartner,IsRecruitServices,varchar,Deprecate,,,
CoSell,vw_DimIPPartner,IsSMCSI,varchar,Deprecate,,,
CoSell,vw_DimIPPartner,IsSMCSIAzurePartners,varchar,Deprecate,,,
CoSell,vw_DimIPPartner,IsSMCSIMWSPartners,varchar,Deprecate,,,
CoSell,vw_DimIPPartner,IsSMCSIBizAppsPartners,varchar,Deprecate,,,
CoSell,vw_DimIPPartner,IsSMCSIBPGIPartners,varchar,Deprecate,,,
CoSell,vw_DimIPPartner,IsStrategicGlobalISV,varchar,Deprecate,,,
CoSell,vw_DimIPPartner,IsStrategicRecruitGISV,varchar,Deprecate,,,
CoSell,vw_DimIPPartner,IsStrategicRecruitISV,varchar,Deprecate,,,
CoSell,vw_DimIPPartner,IsDigitalNative,varchar,Deprecate,,,
CoSell,vw_DimIPPartner,IsBPGI,varchar,Deprecate,,,
CoSell,vw_DimISVConnectApp,SolutionKey,bigint,No Change,,,
CoSell,vw_DimISVConnectApp,StatusDetailOrderKey,int,No Change,,,
CoSell,vw_DimISVConnectApp,Appkey,int,No Change,,,
CoSell,vw_DimISVConnectApp,AccountID,int,No Change,,,
CoSell,vw_DimISVConnectApp,AppID,varchar,No Change,,,
CoSell,vw_DimISVConnectApp,AppName,varchar,No Change,,,
CoSell,vw_DimISVConnectApp,ApplicableProducts,varchar,No Change,,,
CoSell,vw_DimISVConnectApp,CertificationAttemptCount,int,No Change,,,
CoSell,vw_DimISVConnectApp,CertificationResult,varchar,No Change,,,
CoSell,vw_DimISVConnectApp,CreatedDate,date,No Change,,,
CoSell,vw_DimISVConnectApp,CreatedFiscalMonth,varchar,No Change,,,
CoSell,vw_DimISVConnectApp,CreatedFiscalQuarter,varchar,No Change,,,
CoSell,vw_DimISVConnectApp,CreatedFiscalYear,varchar,No Change,,,
CoSell,vw_DimISVConnectApp,FirstCertifiedDate,date,No Change,,,
CoSell,vw_DimISVConnectApp,FirstCertifiedFiscalMonth,varchar,No Change,,,
CoSell,vw_DimISVConnectApp,FirstCertifiedFiscalQuarter,varchar,No Change,,,
CoSell,vw_DimISVConnectApp,FirstCertifiedFiscalYear,varchar,No Change,,,
CoSell,vw_DimISVConnectApp,FirstSubmittedDate,date,No Change,,,
CoSell,vw_DimISVConnectApp,FirstSubmittedFiscalMonth,varchar,No Change,,,
CoSell,vw_DimISVConnectApp,FirstSubmittedFiscalQuarter,varchar,No Change,,,
CoSell,vw_DimISVConnectApp,FirstSubmittedFiscalYear,varchar,No Change,,,
CoSell,vw_DimISVConnectApp,IncentiveEligibility,varchar,No Change,,,
CoSell,vw_DimISVConnectApp,IsAppCertified,varchar,No Change,,,
CoSell,vw_DimISVConnectApp,LastCertifiedDate,date,No Change,,,
CoSell,vw_DimISVConnectApp,LastCertifiedFiscalMonth,varchar,No Change,,,
CoSell,vw_DimISVConnectApp,LastCertifiedFiscalQuarter,varchar,No Change,,,
CoSell,vw_DimISVConnectApp,LastCertifiedFiscalYear,varchar,No Change,,,
CoSell,vw_DimISVConnectApp,LastSubmittedDate,date,No Change,,,
CoSell,vw_DimISVConnectApp,LastSubmittedFiscalMonth,varchar,No Change,,,
CoSell,vw_DimISVConnectApp,LastSubmittedFiscalQuarter,varchar,No Change,,,
CoSell,vw_DimISVConnectApp,LastSubmittedFiscalYear,varchar,No Change,,,
CoSell,vw_DimISVConnectApp,GPSCRMSolutionID,varchar,No Change,,,
CoSell,vw_DimISVConnectApp,ReportingIncentiveEligibility,varchar,No Change,,,
CoSell,vw_DimISVConnectApp,ReportingOfferType,varchar,No Change,,,
CoSell,vw_DimISVConnectApp,Status,varchar,No Change,,,
CoSell,vw_DimISVConnectApp,StatusDetail,varchar,No Change,,,
CoSell,vw_DimISVConnectApp,StatusOrder,int,No Change,,,
CoSell,vw_DimISVConnectApp,Tier,varchar,No Change,,,
CoSell,vw_DimISVConnectApp,Type,varchar,No Change,,,
CoSell,vw_DimLead,LeadKey,bigint,No Change,,,
CoSell,vw_DimLead,LeadId,varchar,No Change,,,
CoSell,vw_DimLead,CRMLeadId,varchar,No Change,,,
CoSell,vw_DimLead,LeadNumber,varchar,No Change,,,
CoSell,vw_DimLead,CompanyName,varchar,No Change,,,
CoSell,vw_DimLead,CreatedOnDate,date,No Change,,,
CoSell,vw_DimLead,LeadCreatedFiscalYear,varchar,No Change,,,
CoSell,vw_DimLead,LeadCreatedFiscalQuarter,varchar,No Change,,,
CoSell,vw_DimLead,LeadCreatedFiscalMonth,varchar,No Change,,,
CoSell,vw_DimLead,LeadCreatedFiscalMonthID,smallint,No Change,,,
CoSell,vw_DimLead,ModifiedOnDate,date,No Change,,,
CoSell,vw_DimLead,LeadAge,varchar,No Change,,,
CoSell,vw_DimLead,LeadAgeGroup,varchar,No Change,,,
CoSell,vw_DimLead,LeadAgeGroupOrder,int,No Change,,,
CoSell,vw_DimLead,EstimatedCloseDate,date,No Change,,,
CoSell,vw_DimLead,LeadEstimatedCloseDateFiscalYear,varchar,No Change,,,
CoSell,vw_DimLead,LeadEstimatedCloseDateFiscalQuarter,varchar,No Change,,,
CoSell,vw_DimLead,LeadEstimatedCloseDateFiscalMonth,varchar,No Change,,,
CoSell,vw_DimLead,LeadEstimatedCloseDateFiscalMonthID,smallint,No Change,,,
CoSell,vw_DimLead,LeadRating,varchar,No Change,,,
CoSell,vw_DimLead,LeadSource,varchar,No Change,,,
CoSell,vw_DimLead,LeadCustomSource,varchar,No Change,,,
CoSell,vw_DimLead,PartnerAccountID,varchar,No Change,,,
CoSell,vw_DimLead,Owner,varchar,No Change,,,
CoSell,vw_DimLead,PrimaryProductRevSumDivision,varchar,No Change,,,
CoSell,vw_DimLead,SalesStage,varchar,No Change,,,
CoSell,vw_DimLead,SalesStageName,varchar,No Change,,,
CoSell,vw_DimLead,SalesStageStatus,varchar,No Change,,,
CoSell,vw_DimLead,SDHStatus,varchar,No Change,,,
CoSell,vw_DimLead,SourceSubType,varchar,No Change,,,
CoSell,vw_DimLead,StatusReason,varchar,No Change,,,
CoSell,vw_DimLead,Subject,varchar,No Change,,,
CoSell,vw_DimLead,IsLeadQualified,varchar,No Change,,,
CoSell,vw_DimLead,IsLeadSharedWithPartner,varchar,No Change,,,
CoSell,vw_DimLead,CreatedByAlias,varchar,No Change,,,
CoSell,vw_DimLead,LeadURL,varchar,No Change,,,
CoSell,vw_DimLead,MSXCRMAccountNumber,varchar,No Change,,,
CoSell,vw_DimLead,MSXCRMAccountName,varchar,No Change,,,
CoSell,vw_DimMarketPlaceOffer,MarketplaceOfferKey,bigint,No Change,,,
CoSell,vw_DimMarketPlaceOffer,AppId,varchar,No Change,,,
CoSell,vw_DimMarketPlaceOffer,OfferId,varchar,No Change,,,
CoSell,vw_DimMarketPlaceOffer,PublisherId,varchar,No Change,,,
CoSell,vw_DimMarketPlaceOffer,OfferDisplayName,varchar,No Change,,,
CoSell,vw_DimMarketPlaceOffer,StorefrontName,varchar,No Change,,,
CoSell,vw_DimMarketPlaceOffer,CoSellGTMReadinessName,varchar,No Change,,,
CoSell,vw_DimMarketPlaceOffer,CoSellIncentivesEligibleName,varchar,No Change,,,
CoSell,vw_DimMarketPlaceOffer,ActionType,varchar,No Change,,,
CoSell,vw_DimMarketPlaceOffer,GTMType,varchar,No Change,,,
CoSell,vw_DimMarketPlaceOffer,OfferStatus,varchar,No Change,,,
CoSell,vw_DimMarketPlaceOffer,OfferType,varchar,No Change,,,
CoSell,vw_DimMarketPlaceOffer,HasTestDrive,varchar,No Change,,,
CoSell,vw_DimMarketPlaceOffer,HasPrivateSku,varchar,No Change,,,
CoSell,vw_DimMarketPlaceOffer,IsTransactableInclusivePrivate,varchar,No Change,,,
CoSell,vw_DimMarketPlaceOffer,IsTransactableExcludingPrivate,varchar,No Change,,,
CoSell,vw_DimMarketPlaceOffer,IsCoSellEnabled,varchar,No Change,,,
CoSell,vw_DimMarketPlaceOffer,MicrosoftAzureConsumptionCommitmentEligible,varchar,No Change,,,
CoSell,vw_DimMarketPlaceOffer,MicrosoftAzureConsumptionCommitmentEligibilityStatusName,varchar,No Change,,,
CoSell,vw_DimMarketPlaceOffer,MicrosoftAzureConsumptionCommitmentEligibilityStatusStartDate,date,No Change,,,
CoSell,vw_DimMarketPlaceOffer,AzureIPCoSellIncentivized,bit,No Change,,,
CoSell,vw_DimMarketPlaceOffer,ProductClassificationName,varchar,No Change,,,
CoSell,vw_DimMarketPlaceOffer,ProductClassificationNameList,varchar,No Change,,,
CoSell,vw_DimMarketPlaceOffer,FirstEventDate,date,No Change,,,
CoSell,vw_DimMarketPlaceOffer,SecondEventDate,date,No Change,,,
CoSell,vw_DimMarketPlaceOffer,FirstLivePublishDate,date,No Change,,,
CoSell,vw_DimMarketPlaceOffer,DraftOfferCreatedDate,date,No Change,,,
CoSell,vw_DimMarketPlaceOffer,DetailedSubCategoryAltNameList,varchar,No Change,,,
CoSell,vw_DimMarketPlaceOffer,HasBringYourOwnLicense,bit,No Change,,,
CoSell,vw_DimMarketPlaceOffer,LinkedProductIdList,varchar,No Change,,,
CoSell,vw_DimMarketPlaceOffer,LinkedProductServiceFamilyNameList,varchar,No Change,,,
CoSell,vw_DimMarketPlaceOffer,LinkTypeList,varchar,No Change,,,
CoSell,vw_DimMarketPlaceOffer,PlanTypeNameList,varchar,No Change,,,
CoSell,vw_DimMarketPlaceOffer,ProductOwnershipSellingMotion,varchar,No Change,,,
CoSell,vw_DimMarketPlaceOffer,ServiceFamilyName,varchar,No Change,,,
CoSell,vw_DimMarketPlaceOffer,CategoryList,varchar,No Change,,,
CoSell,vw_DimMarketPlaceOffer,PublishDate,date,No Change,,,
CoSell,vw_DimMarketPlaceOffer,PartnerGlobalID,bigint,No Change,,,
CoSell,vw_DimMarketPlaceOffer,ProductId,varchar,No Change,,,
CoSell,vw_DimMarketPlaceOffer,NegotiatedTermsList,varchar,No Change,,,
CoSell,vw_DimMarketPlaceOffer,IsTeams,varchar,No Change,,,
CoSell,vw_DimMarketPlacePublisher,PublisherKey,bigint,No Change,,,
CoSell,vw_DimMarketPlacePublisher,PublisherId,varchar,No Change,,,
CoSell,vw_DimMarketPlacePublisher,SellerId,int,No Change,,,
CoSell,vw_DimMarketPlacePublisher,SellerMPNId,int,No Change,,,
CoSell,vw_DimMarketPlacePublisher,SellerMicrosoftPartnerNetworkId,int,No Change,,,
CoSell,vw_DimMarketPlacePublisher,PublisherName,varchar,No Change,,,
CoSell,vw_DimMarketPlacePublisher,PublisherTypeName,varchar,No Change,,,
CoSell,vw_DimMarketPlacePublisher,SellerStatusName,varchar,No Change,,,
CoSell,vw_DimMarketPlacePublisher,VettingStatusName,varchar,No Change,,,
CoSell,vw_DimMarketPlacePublisher,SellerCountryCode,varchar,No Change,,,
CoSell,vw_DimMarketPlacePublisher,PublisherCountryCode,varchar,No Change,,,
CoSell,vw_DimMarketPlacePublisher,PublishersFirstPublishDate,date,No Change,,,
CoSell,vw_DimMarketPlacePublisher,AzureDeveloperAgreementVersion,varchar,No Change,,,
CoSell,vw_DimMarketPlacePublisher,CompositeCountryCode,varchar,No Change,,,
CoSell,vw_DimMPL,InsidePartnerDevelopmentManager,varchar,No Change,,,
CoSell,vw_DimMPL,InsidePartnerDevelopmentManagerRole,varchar,No Change,,,
CoSell,vw_DimMPL,ManagementLevel,varchar,No Change,,,
CoSell,vw_DimMPL,ManagedPracticeListYear,varchar,No Change,,,
CoSell,vw_DimMPL,GPSCRMURL,varchar,No Change,,,
CoSell,vw_DimMPL,GPSCRMID,varchar,No Change,,,
CoSell,vw_DimMPL,PartnerOneName,varchar,No Change,,,
CoSell,vw_DimMPL,PartnerOneID,bigint,No Change,,,
CoSell,vw_DimMPL,PartnerSegment,varchar,No Change,,,
CoSell,vw_DimMPL,PartnerSubSegment,varchar,No Change,,,
CoSell,vw_DimMPL,PartnerDevelopmentManager,varchar,No Change,,,
CoSell,vw_DimMPL,PartnerDevelopmentManagerManager,varchar,No Change,,,
CoSell,vw_DimMPL,PartnerDevelopmentManagerRole,varchar,No Change,,,
CoSell,vw_DimMPL,PrimaryAlias,varchar,No Change,,,
CoSell,vw_DimMPL,PrimaryManagerAlias,varchar,No Change,,,
CoSell,vw_DimMPL,PrimaryRole,varchar,No Change,,,
CoSell,vw_DimMPL,PTS,varchar,No Change,,,
CoSell,vw_DimMPL,SegmentName,varchar,No Change,,,
CoSell,vw_Associated_DimPartnerReferral,IOTDeviceCategory,varchar,No Change,,,
CoSell,vw_Associated_DimPartnerReferral,IOTSiliconType,varchar,No Change,,,
CoSell,vw_Associated_DimPartnerReferral,IsAzureIPCosell,varchar,No Change,,,
CoSell,vw_Associated_DimPartnerReferral,IsCreatedByAgent,bit,No Change,,,
CoSell,vw_Associated_DimPartnerReferral,IsNoOptyCSE,bit,No Change,,,
CoSell,vw_Associated_DimPartnerReferral,IsPartnerAccepted,varchar,No Change,,,
CoSell,vw_Associated_DimPartnerReferral,IsSellerAccepted,varchar,No Change,,,
CoSell,vw_DimAccountGeographyHierarchyReporting,FieldSubRegion,varchar,No Change,,,
CoSell,vw_DimAccountGeographyHierarchyReporting,FieldSubsidiary,varchar,No Change,,,
CoSell,vw_DimAccountGeographyHierarchyReporting,POSOTDataProcessedDate,varchar,No Change,,,
CoSell,vw_DimAccountGeographyHierarchyReporting,DataSolutionProcessedDate,datetime,No Change,,,
CoSell,vw_Associated_DimPartnerReferral,Solutions,varchar,No Change,,,
CoSell,vw_Associated_DimPartnerReferral,Tags,varchar,No Change,,,
CoSell,vw_Associated_DimPartnerReferral,TPAccountId,varchar,No Change,,,
CoSell,vw_Associated_DimPartnerReferral,TPAccountName,varchar,No Change,,,
CoSell,vw_Associated_DimPartnerReferral,TypeOfDeal,varchar,No Change,,,
CoSell,vw_Associated_DimPartnerReferral,TypeOfReferral,varchar,No Change,,,
CoSell,vw_Associated_DimPartnerReferral,UpdatedDate,datetime2,No Change,,,
CoSell,vw_Associated_DimPartnerReferral,SellerDaysToExpiration,int,No Change,,,
CoSell,vw_Associated_DimPartnerReferral,SellerDaysToExpirationBucket,varchar,No Change,,,
CoSell,vw_Associated_DimPartnerReferral,SellerDaysToExpirationBucketOrder,varchar,No Change,,,
CoSell,vw_Associated_DimPartnerReferral,PartnerDaysToExpiration,int,No Change,,,
CoSell,vw_Associated_DimPartnerReferral,PartnerDaysToExpirationBucket,varchar,No Change,,,
CoSell,vw_Associated_DimPartnerReferral,PartnerDaysToExpirationBucketOrder,varchar,No Change,,,
CoSell,vw_Associated_DimPartnerReferral,AzureIPCosellNumerator,int,No Change,,,
CoSell,vw_Associated_DimPartnerReferral,AzureIPCosellDenominator,int,No Change,,,
CoSell,vw_Associated_DimPartnerReferral,PartnerAcceptanceNumerator,int,No Change,,,
CoSell,vw_Associated_DimPartnerReferral,PartnerAcceptanceDenominator,int,No Change,,,
CoSell,vw_Associated_DimPartnerReferral,SellerAcceptanceNumerator,int,No Change,,,
CoSell,vw_Associated_DimPartnerReferral,SellerAcceptanceDenominator,int,No Change,,,
CoSell,vw_Associated_DimPartnerReferral,PartnerResponseNumerator,int,No Change,,,
CoSell,vw_Associated_DimPartnerReferral,PartnerResponseDenominator,int,No Change,,,
CoSell,vw_Associated_DimPartnerReferral,SellerResponseNumerator,int,No Change,,,
CoSell,vw_Associated_DimPartnerReferral,SellerResponseDenominator,int,No Change,,,
CoSell,vw_Associated_DimPartnerReferral,PartnerExpirationNumerator,int,No Change,,,
CoSell,vw_Associated_DimPartnerReferral,PartnerExpirationDenominator,int,No Change,,,
CoSell,vw_Associated_DimPartnerReferral,SellerExpirationNumerator,int,No Change,,,
CoSell,vw_Associated_DimPartnerReferral,SellerExpirationDenominator,int,No Change,,,
CoSell,vw_Associated_DimPartnerReferral,CustomerMarketplaceIntent,varchar,No Change,,,
CoSell,vw_Associated_DimPartnerReferral,POSOTDataProcessedDate,datetime2,No Change,,,
CoSell,vw_Bridge_CoSellPrioritizedSolutionPracticeCountry,,,New Column,vw_Bridge_CoSellPrioritizedSolutionPracticeCountry,Conversation,
CoSell,vw_Bridge_CoSellPrioritizedSolutionPracticeCountry,Area,varchar,No Change,,,
CoSell,vw_Bridge_CoSellPrioritizedSolutionPracticeCountry,Country,varchar,No Change,,,
CoSell,vw_Bridge_CoSellPrioritizedSolutionPracticeCountry,CountryGTMReadiness,varchar,No Change,,,
CoSell,vw_Bridge_CoSellPrioritizedSolutionPracticeCountry,PartnerOneID,int,No Change,,,
CoSell,vw_Bridge_CoSellPrioritizedSolutionPracticeCountry,PartnerOneName,varchar,No Change,,,
CoSell,vw_Bridge_CoSellPrioritizedSolutionPracticeCountry,Region,varchar,No Change,,,
CoSell,vw_Bridge_CoSellPrioritizedSolutionPracticeCountry,SolutionArea,varchar,No Change,,,
CoSell,vw_Bridge_CoSellPrioritizedSolutionPracticeCountry,SolutionID,varchar,No Change,,,
CoSell,vw_Bridge_CoSellPrioritizedSolutionPracticeCountry,GPSCRMSolutionID,varchar,No Change,,,
CoSell,vw_Bridge_CoSellPrioritizedSolutionPracticeCountry,SolutionMaxGTMReadiness,varchar,No Change,,,
CoSell,vw_Bridge_CoSellPrioritizedSolutionPracticeCountry,SolutionName,varchar,No Change,,,
CoSell,vw_Bridge_CoSellPrioritizedSolutionPracticeCountry,SolutionType,varchar,No Change,,,
CoSell,vw_Bridge_PrioritizedDealSharingAndWins,CapacityGeographyKey,bigint,No Change,,,
CoSell,vw_Bridge_PrioritizedDealSharingAndWins,CRMPartnerAccountKey,varchar,No Change,,,
CoSell,vw_Bridge_PrioritizedDealSharingAndWins,EngagementMilestoneKey,bigint,No Change,,,
CoSell,vw_Bridge_PrioritizedDealSharingAndWins,MSXRevSumDivisionKey,int,No Change,,,
CoSell,vw_Bridge_PrioritizedDealSharingAndWins,MSXWorkloadKey,int,No Change,,,
CoSell,vw_Bridge_PrioritizedDealSharingAndWins,PartnerOneKey,int,No Change,,,
CoSell,vw_Bridge_PrioritizedDealSharingAndWins,ReportingGeographyKey,int,No Change,,,
CoSell,vw_Bridge_PrioritizedDealSharingAndWins,PartnerDealKey,bigint,No Change,,,
CoSell,vw_Bridge_PrioritizedDealSharingAndWins,SolutionKey,bigint,No Change,,,
CoSell,vw_Bridge_PrioritizedDealSharingAndWins,CustomerGeographyKey,bigint,No Change,,,
CoSell,vw_Bridge_PrioritizedDealSharingAndWins,ReportedSubsidiary,varchar,No Change,,,
CoSell,vw_Bridge_PrioritizedDealSharingAndWins,IndustryKey,bigint,No Change,,,
CoSell,vw_Bridge_PrioritizedDealSharingAndWins,BilledOpptyRevenue,decimal,No Change,,,
CoSell,vw_Bridge_PrioritizedDealSharingAndWins,ConsumptionOpptyRevenue,decimal,No Change,,,
CoSell,vw_Bridge_PrioritizedDealSharingAndWins,ConsumptionOpptySeats,bigint,No Change,,,
CoSell,vw_Bridge_PrioritizedDealSharingAndWins,IsOpptyWithPartnerDeal,varchar,No Change,,,
CoSell,vw_Bridge_PrioritizedDealSharingAndWins,IsOpptySalesStageWinORStatusComplete,varchar,No Change,,,
CoSell,vw_Bridge_PrioritizedDealSharingAndWins,IsTPAccountMALANDSegmentEnterpriseORCorporate,varchar,No Change,,,
CoSell,vw_Bridge_PrioritizedDealSharingAndWins,IsOpptyStatusPipelineorInProgress,varchar,No Change,,,
CoSell,vw_Bridge_PrioritizedDealSharingAndWins,OpptyDueOREstimatedDateKey,int,No Change,,,
CoSell,vw_Bridge_PrioritizedDealSharingAndWins,OpptyID_Number,varchar,No Change,,,
CoSell,vw_Bridge_PrioritizedDealSharingAndWins,OpptyKey,bigint,No Change,,,
CoSell,vw_Bridge_PrioritizedDealSharingAndWins,RevSumDivisionKey,bigint,No Change,,,
CoSell,vw_Bridge_PrioritizedDealSharingAndWins,SolutionAreaKey,bigint,No Change,,,
CoSell,vw_Bridge_PrioritizedDealSharingAndWins,Subsidiary,varchar,No Change,,,
CoSell,vw_Bridge_PrioritizedDealSharingAndWins,TPAccountID,int,No Change,,,
CoSell,vw_Bridge_PrioritizedDealSharingAndWins,Type,varchar,No Change,,,
CoSell,vw_Bridge_PrioritizedDealSharingAndWins,SharingTypeKey,int,No Change,,,
CoSell,vw_Bridge_PrioritizedDealSharingAndWins,IsMultiPartner,varchar,No Change,,,
CoSell,vw_CosellPrioritizedPartners,,,New Column,vw_CosellPrioritizedPartners,Conversation,
CoSell,vw_CosellPrioritizedPartners,PartnerOneID,int,No Change,,,
CoSell,vw_CosellPrioritizedPartners,Area,varchar,No Change,,,
CoSell,vw_CosellPrioritizedPartners,Region,varchar,No Change,,,
CoSell,vw_CosellPrioritizedPartners,SubRegion,varchar,No Change,,,
CoSell,vw_CosellPrioritizedPartners,Subsidiary,varchar,No Change,,,
CoSell,vw_CosellPrioritizedPartners,SolutionArea,varchar,No Change,,,
CoSell,vw_CosellPrioritizedPartners,Industry,varchar,No Change,,,
CoSell,vw_CosellPrioritizedPartners,Vertical,varchar,No Change,,,
CoSell,vw_Dim_DigitallyOffboardedPartner,GPSCRMID,varchar,No Change,,,
CoSell,vw_Dim_DigitallyOffboardedPartner,RedCarpetKey,varchar,No Change,,,
CoSell,vw_Dim_DigitallyOffboardedPartner,IsDigitallyOffboarded,varchar,No Change,,,
CoSell,vw_Dim_DigitallyOffboardedPartner,PartnerOneID,varchar,No Change,,,
CoSell,vw_Dim_MarketPlaceInvoice,CustomerID,varchar,No Change,,,
CoSell,vw_Dim_MarketPlaceInvoice,EnrollmentNumber,varchar,No Change,,,
CoSell,vw_Dim_MarketPlaceInvoice,CloudSolutionProviderName,varchar,No Change,,,
CoSell,vw_Dim_MarketPlaceInvoice,DocumentDisplayNumber,varchar,No Change,,,
CoSell,vw_Dim_MarketPlaceInvoice,PaymentFamilyName,varchar,No Change,,,
CoSell,vw_Dim_MarketPlaceInvoice,TermDescription,varchar,No Change,,,
CoSell,vw_Dim_MarketPlaceInvoice,IsConsumption,varchar,No Change,,,
CoSell,vw_Dim_MarketPlaceInvoice,BillingPeriodEndDateTime,date,No Change,,,
CoSell,vw_Dim_MarketPlaceInvoice,DocumentCreatedDateTime,date,No Change,,,
CoSell,vw_Dim_MarketPlaceInvoice,PaymentDueDateTime,date,No Change,,,
CoSell,vw_Dim_MarketPlaceInvoice,ServicePeriodEndDateTime,date,No Change,,,
CoSell,vw_Dim_MarketPlaceInvoice,PrivateOfferIndependentSoftwareVendorPartnerFlag,varchar,No Change,,,
CoSell,vw_Dim_MarketPlaceInvoice,LineItemID,varchar,No Change,,,
CoSell,vw_Dim_MarketPlaceInvoice,ProductID,varchar,No Change,,,
CoSell,vw_Dim_MarketPlaceInvoice,PurchaserTPID,int,No Change,,,
CoSell,vw_Dim_MarketPlaceInvoice,CountryCode,varchar,No Change,,,
CoSell,vw_Dim_MarketPlaceInvoice,ServicePeriodDuration,int,No Change,,,
CoSell,vw_Dim_MarketPlaceInvoice,RefreshDateTime,varchar,No Change,,,
CoSell,vw_Dim_MarketPlaceInvoice,InvoiceKey,bigint,No Change,,,
CoSell,vw_Dim_MarketPlaceInvoice,DealID,varchar,No Change,,,
CoSell,vw_Dim_MarketPlaceInvoice,ActionName,varchar,No Change,,,
CoSell,vw_Dim_MarketPlaceInvoice,CloudSolutionProviderTierName,varchar,No Change,,,
CoSell,vw_Dim_MarketPlaceInvoice,DocumentTypeName,varchar,No Change,,,
CoSell,vw_Dim_MarketPlaceInvoice,PaymentTypeName,varchar,No Change,,,
CoSell,vw_Dim_MarketPlaceInvoice,CloudSolutionProviderChannelName,varchar,No Change,,,
CoSell,vw_Dim_MarketPlaceInvoice,IsCloudSolutionProviderTransaction,varchar,No Change,,,
CoSell,vw_Dim_MarketPlaceInvoice,BillingPeriodStartDateTime,date,No Change,,,
CoSell,vw_Dim_MarketPlaceInvoice,EventDateTime,date,No Change,,,
CoSell,vw_Dim_MarketPlaceInvoice,StoreFront,varchar,No Change,,,
CoSell,vw_Dim_MarketPlaceInvoice,ServicePeriodStartDateTime,date,No Change,,,
CoSell,vw_Dim_MarketPlaceInvoice,DocumentID,varchar,No Change,,,
CoSell,vw_Dim_MarketPlaceInvoice,CSPMPNID,int,No Change,,,
CoSell,vw_Dim_MarketPlaceInvoice,SkuID,varchar,No Change,,,
CoSell,vw_Dim_MarketPlaceInvoice,PurchaserTPName,varchar,No Change,,,
CoSell,vw_Dim_MarketPlaceInvoice,CurrencyCode,varchar,No Change,,,
CoSell,vw_Dim_MarketPlaceInvoice,TopTierTransactionFlag,varchar,No Change,,,
CoSell,vw_Dim_MarketPlaceInvoice,ISCosellDeal,varchar,No Change,,,
CoSell,vw_Dim_MSXWinsWithSolutionAttach,CapacityGeographyKey,bigint,No Change,,,
CoSell,vw_Dim_MSXWinsWithSolutionAttach,CustomerGeographyKey,bigint,No Change,,,
CoSell,vw_Dim_MSXWinsWithSolutionAttach,EngagementMilestoneKey,bigint,No Change,,,
CoSell,vw_Dim_MSXWinsWithSolutionAttach,MSXWorkloadKey,int,No Change,,,
CoSell,vw_Dim_MSXWinsWithSolutionAttach,SolutionKey,bigint,No Change,,,
CoSell,vw_Dim_MSXWinsWithSolutionAttach,CustomerSubsidiary,varchar,No Change,,,
CoSell,vw_DimOpportunity,EngagementNarrative,varchar,No Change,,,
CoSell,vw_DimOpportunity,PartnerAccountId,varchar,No Change,,,
CoSell,vw_DimOpportunity,MilestonesFlag,varchar,No Change,,,
CoSell,vw_DimOpportunity,ProductFlags,varchar,No Change,,,
CoSell,vw_DimOpportunity,IsBilledOpportunity,varchar,No Change,,,
CoSell,vw_DimOpportunity,IsConsumptionOpportunity,varchar,No Change,,,
CoSell,vw_DimOpportunity,IsBilledQualifiedPipeline,varchar,No Change,,,
CoSell,vw_DimOpportunity,IsConsumptionQualifiedPipeline,varchar,No Change,,,
CoSell,vw_DimOpportunity,CommitToConsume,varchar,No Change,,,
CoSell,vw_DimPartnerDeal_Team,ReferralID,varchar,No Change,,,
CoSell,vw_DimPartnerDeal_Team,PartnerDealKey,bigint,No Change,,,
CoSell,vw_DimPartnerDeal_Team,Alias,varchar,No Change,,,
CoSell,vw_DimPartnerDeal_Team,Name,varchar,No Change,,,
CoSell,vw_DimPartnerDealProfile,AccountID,varchar,No Change,,,
CoSell,vw_DimPartnerDealProfile,AutoCreateEndorsements,varchar,No Change,,,
CoSell,vw_DimPartnerDealProfile,City_PartnerCenter,varchar,No Change,,,
CoSell,vw_DimPartnerDealProfile,Country_PartnerCenter,varchar,No Change,,,
CoSell,vw_DimPartnerDealProfile,IndustryFocusEndorsements,varchar,No Change,,,
CoSell,vw_DimPartnerDealProfile,IndustryFocus,varchar,No Change,,,
CoSell,vw_DimPartnerDealProfile,IsPublished,varchar,No Change,,,
CoSell,vw_DimPartnerDealProfile,OrganizationID,varchar,No Change,,,
CoSell,vw_DimPartnerDealProfile,OrganizationName,varchar,No Change,,,
CoSell,vw_DimPartnerDealProfile,PartnerOneID,int,No Change,,,
CoSell,vw_DimPartnerDealProfile,Product,varchar,No Change,,,
CoSell,vw_DimPartnerDealProfile,ProductEndorsements,varchar,No Change,,,
CoSell,vw_DimPartnerDealProfile,ProfileCreatedDate,varchar,No Change,,,
CoSell,vw_DimPartnerDealProfile,ProfileDescription,varchar,No Change,,,
CoSell,vw_DimPartnerDealProfile,ProfileID,varchar,No Change,,,
CoSell,vw_DimPartnerDealProfile,ProfileKey,bigint,No Change,,,
CoSell,vw_DimPartnerDealProfile,ProfileName,varchar,No Change,,,
CoSell,vw_DimPartnerDealProfile,RegionPartnerCenter,varchar,No Change,,,
CoSell,vw_DimPartnerDealProfile,ServiceType,varchar,No Change,,,
CoSell,vw_DimPartnerDealProfile,ServiceTypeEndorsements,varchar,No Change,,,
CoSell,vw_DimPartnerDealProfile,Solutions,varchar,No Change,,,
CoSell,vw_DimPartnerDealProfile,SolutionsEndorsements,varchar,No Change,,,
CoSell,vw_DimPartnerDealProfile,State_PartnerCenter,varchar,No Change,,,
CoSell,vw_DimPartnerDealProfile,TargetCustomerCompanySizes,varchar,No Change,,,
CoSell,vw_DimPartnerDealSolutionSnapshot,SolutionPartnerDealCompositeKey,int,No Change,,,
CoSell,vw_DimPartnerDealSolutionSnapshot,SolutionID,varchar,No Change,,,
CoSell,vw_DimPartnerDealSolutionSnapshot,SolutionName,varchar,No Change,,,
CoSell,vw_DimPartnerDealSolutionSnapshot,PartnerDealWonDate,varchar,No Change,,,
CoSell,vw_DimPartnerDealSolutionSnapshot,PartnerDealRegistrationDate,varchar,No Change,,,
CoSell,vw_DimPartnerDealSolutionSnapshot,PartnerOneID,varchar,No Change,,,
CoSell,vw_DimPartnerDealSolutionSnapshot,GPSCRMID,varchar,No Change,,,
CoSell,vw_DimPartnerDealSolutionSnapshot,RowInsertedDate,datetime2,No Change,,,
CoSell,vw_DimPartnerDealSolutionSnapshot,ReportedCustomSegment,varchar,No Change,,,
CoSell,vw_DimPartnerDealSolutionSnapshot,MALFlagName,varchar,No Change,,,
CoSell,vw_DimPartnerOne,InGPSCatalog,varchar,No Change,,,
CoSell,vw_DimPartnerOne,IsCoSellReadyPartner,varchar,No Change,,,
CoSell,vw_DimPartnerOne,IsManaged,varchar,No Change,,,
CoSell,vw_DimPartnerOne,IsGlobalChannel,varchar,No Change,,,
CoSell,vw_DimPartnerOne,IsPartnerMastered,varchar,No Change,,,
CoSell,vw_DimPartnerOne,IsQuestionablePartner,varchar,No Change,,,
CoSell,vw_DimPartnerOne,PartnerMaxGTMReadiness,varchar,No Change,,,
CoSell,vw_DimPartnerOne,PartnerOneNameID,varchar,No Change,,,
CoSell,vw_DimPartnerOne,PartnerOneID,int,No Change,,,
CoSell,vw_DimPartnerOne,IsAzureExpertManagedServiceProvider,varchar,No Change,,,
CoSell,vw_DimPartnerOne,IsGlobalIndependentSoftwareVendor,varchar,No Change,,,
CoSell,vw_DimPartnerOne,IsGSI,varchar,No Change,,,
CoSell,vw_DimPartnerOne,IsTopTierPartner,varchar,No Change,,,
CoSell,vw_DimPartnerOne,PartnerOneName,varchar,No Change,,,
CoSell,vw_DimPartnerOne,PartnerOneProgramKey,int,No Change,,,
CoSell,vw_DimPartnerOne,IsAG,varchar,Deprecate,,,
CoSell,vw_DimPartnerOne,IsAGIPartner,varchar,Deprecate,,,
CoSell,vw_DimPartnerOne,IsEnterpriseService,varchar,Deprecate,,,
CoSell,vw_DimPartnerOne,IsHyperscaler,varchar,Deprecate,,,
CoSell,vw_DimPartnerOne,IsLEGOPartner,varchar,Deprecate,,,
CoSell,vw_DimPartnerOne,IsP200Partner,varchar,Deprecate,,,
CoSell,vw_DimPartnerOne,IsRecruitServices,varchar,Deprecate,,,
CoSell,vw_DimPartnerOne,IsSMCSI,varchar,Deprecate,,,
CoSell,vw_DimPartnerOne,IsSMCSIAzurePartners,varchar,Deprecate,,,
CoSell,vw_DimPartnerOne,IsSMCSIModernWorkSecurityPartners,varchar,Deprecate,,,
CoSell,vw_DimPartnerOne,IsSMCSIBizAppsPartners,varchar,Deprecate,,,
CoSell,vw_DimPartnerOne,IsSMCSIBusinessAndProductivityGlobalImpactPartners,varchar,Deprecate,,,
CoSell,vw_DimPartnerOne,IsStrategicDistributor,varchar,Deprecate,,,
CoSell,vw_DimPartnerOne,IsStrategicGlobalIndependentSoftwareVendor,varchar,Deprecate,,,
CoSell,vw_DimPartnerOne,IsStrategicIndependentSoftwareVendor,varchar,Deprecate,,,
CoSell,vw_DimPartnerOne,IsStrategicLicensingSolutionProvider,varchar,Deprecate,,,
CoSell,vw_DimPartnerOne,IsStrategicPartnerOne,varchar,Deprecate,,,
CoSell,vw_DimPartnerOne,IsStrategicRecruitGlobalIndependentSoftwareVendor,varchar,Deprecate,,,
CoSell,vw_DimPartnerOne,IsStrategicRecruitIndependentSoftwareVendor,varchar,Deprecate,,,
CoSell,vw_DimPartnerOne,IsStrategicServices,varchar,Deprecate,,,
CoSell,vw_DimPartnerOne,PartnerOneProgramName,varchar,Deprecate,,,
CoSell,vw_DimPartnerOne,ReportingProgramTier,varchar,Deprecate,,,
CoSell,vw_DimPartnerOne,IsDigitalNative,varchar,Deprecate,,,
CoSell,vw_DimPartnerOne,IsBusinessAndProductivityGlobalImpact,varchar,Deprecate,,,
CoSell,vw_DimPartnerReferral,PartnerDealKey,bigint,No Change,,,
CoSell,vw_DimPartnerReferral,AcceptedDateTime,date,No Change,,,
CoSell,vw_DimPartnerReferral,AppPlatform,varchar,No Change,,,
CoSell,vw_DimPartnerReferral,PSXDealId,varchar,No Change,,,
CoSell,vw_DimPartnerReferral,AuditGPSCRMMapping,varchar,No Change,,,
CoSell,vw_DimPartnerReferral,ApprovalQuarterTrailing4Quarters,varchar,No Change,,,
CoSell,vw_DimPartnerReferral,BusinessProfileIDPartnerCenter,varchar,No Change,,,
CoSell,vw_DimPartnerReferral,CampaignId,varchar,No Change,,,
CoSell,vw_DimPartnerReferral,CityPartnerCenter,varchar,No Change,,,
CoSell,vw_DimPartnerReferral,CloseReason,varchar,No Change,,,
CoSell,vw_DimPartnerReferral,ConsentToToShareInfoWithOthers,varchar,No Change,,,
CoSell,vw_DimPartnerReferral,ConsentToContact,varchar,No Change,,,
CoSell,vw_DimPartnerReferral,ConsentToMicrosoftToContactSpecificPartners,varchar,No Change,,,
CoSell,vw_DimPartnerReferral,ConsentToShareReferralWithMicrosoftSellers,varchar,No Change,,,
CoSell,vw_DimPartnerReferral,ContractSignedDate,date,No Change,,,
CoSell,vw_DimPartnerReferral,ContractSignedDateFiscalMonth,varchar,No Change,,,
CoSell,vw_DimPartnerReferral,ContractSignedDateFiscalQuarter,varchar,No Change,,,
CoSell,vw_DimPartnerReferral,ContractSignedDateFiscalYear,varchar,No Change,,,
CoSell,vw_DimPartnerReferral,ContractStartDate,date,No Change,,,
CoSell,vw_DimPartnerReferral,ContractStartDateFiscalMonth,varchar,No Change,,,
CoSell,vw_DimPartnerReferral,ContractStartDateFiscalMonthID,smallint,No Change,,,
CoSell,vw_DimPartnerReferral,ContractStartDateFiscalQuarter,varchar,No Change,,,
CoSell,vw_DimPartnerReferral,ContractStartDateFiscalYear,varchar,No Change,,,
CoSell,vw_DimPartnerReferral,ContractEndDate,date,No Change,,,
CoSell,vw_DimPartnerReferral,ContractEndDateFiscalMonth,varchar,No Change,,,
CoSell,vw_DimPartnerReferral,ContractEndDateFiscalMonthID,smallint,No Change,,,
CoSell,vw_DimPartnerReferral,ContractEndDateFiscalQuarter,varchar,No Change,,,
CoSell,vw_DimPartnerReferral,ContractEndDateFiscalYear,varchar,No Change,,,
CoSell,vw_DimPartnerReferral,ContractTerm,varchar,No Change,,,
CoSell,vw_DimPartnerReferral,CoSell,varchar,No Change,,,
CoSell,vw_DimPartnerReferral,CoSellType,varchar,No Change,,,
CoSell,vw_DimPartnerReferral,CountryCodePartnerCenter,varchar,No Change,,,
CoSell,vw_DimPartnerReferral,CreatedDate,date,No Change,,,
CoSell,vw_DimPartnerReferral,CreatedFiscalMonth,varchar,No Change,,,
CoSell,vw_DimPartnerReferral,CreatedFiscalMonthID,smallint,No Change,,,
CoSell,vw_DimPartnerReferral,CoSellOrder,int,No Change,,,
CoSell,vw_DimPartnerReferral,CreatedFiscalQuarter,varchar,No Change,,,
CoSell,vw_DimPartnerReferral,CreatedFiscalYear,varchar,No Change,,,
CoSell,vw_DimPartnerReferral,CallToAction,varchar,No Change,,,
CoSell,vw_DimPartnerReferral,CallToActionPrimaryRole,varchar,No Change,,,
CoSell,vw_DimPartnerReferral,CustomerAccountOwner,varchar,No Change,,,
CoSell,vw_DimPartnerReferral,CustomerDunsIdPartnerCenter,varchar,No Change,,,
CoSell,vw_DimPartnerReferral,CreatedDateTime,varchar,No Change,,,
CoSell,vw_DimPartnerReferral,CustomerName,varchar,No Change,,,
CoSell,vw_DimPartnerReferral,CustomerOrgSize,varchar,No Change,,,
CoSell,vw_DimPartnerReferral,CustomerRequestedContact,varchar,No Change,,,
CoSell,vw_DimPartnerReferral,DaysfromCreatedtoApproved,int,No Change,,,
CoSell,vw_DimPartnerReferral,DaysfromCreatedtoDue,int,No Change,,,
CoSell,vw_DimPartnerReferral,DealPartnerOne,varchar,No Change,,,
CoSell,vw_DimPartnerReferral,DealRole,varchar,No Change,,,
CoSell,vw_DimPartnerReferral,DealSignToRegGap,varchar,No Change,,,
CoSell,vw_DimPartnerReferral,DealVelocity,int,No Change,,,
CoSell,vw_DimPartnerReferral,DueDate,date,No Change,,,
CoSell,vw_DimPartnerReferral,DueFiscalMonth,varchar,No Change,,,
CoSell,vw_DimPartnerReferral,DueFiscalMonthID,int,No Change,,,
CoSell,vw_DimPartnerReferral,DueFiscalQuarter,varchar,No Change,,,
CoSell,vw_DimPartnerReferral,DueFiscalYear,varchar,No Change,,,
CoSell,vw_DimPartnerReferral,DueFiscalMonthPartnerDevelopmentManagerInsights,varchar,No Change,,,
CoSell,vw_DimPartnerReferral,DueQuarterTrailing4Quarters,varchar,No Change,,,
CoSell,vw_DimPartnerReferral,DueDateTime,varchar,No Change,,,
CoSell,vw_DimPartnerReferral,ExceptionDealCommentsAzure,varchar,No Change,,,
CoSell,vw_DimPartnerReferral,ExceptionDealRejectionReasonAzure,varchar,No Change,,,
CoSell,vw_DimPartnerReferral,ExpirationDatePartnerCenter,varchar,No Change,,,
CoSell,vw_DimPartnerReferral,ExpirationDateFiscalMonthPartnerCenter,varchar,No Change,,,
CoSell,vw_DimPartnerReferral,ExpirationDateFiscalMonthIDPartnerCenter,smallint,No Change,,,
CoSell,vw_DimPartnerReferral,ExpirationDateFiscalQuarterPartnerCenter,varchar,No Change,,,
CoSell,vw_DimPartnerReferral,ExpirationDateFiscalYearPartnerCenter,varchar,No Change,,,
CoSell,vw_DimPartnerReferral,EstimatedProjectSignatureDate,datetime2,No Change,,,
CoSell,vw_DimPartnerReferral,EstimatedProjectSignatureDateFiscalMonth,varchar,No Change,,,
CoSell,vw_DimPartnerReferral,EstimatedProjectSignatureDateFiscalMonthID,smallint,No Change,,,
CoSell,vw_DimPartnerReferral,EstimatedProjectSignatureDateFiscalQuarter,varchar,No Change,,,
CoSell,vw_DimPartnerReferral,EstimatedProjectSignatureDateFiscalYear,varchar,No Change,,,
CoSell,vw_DimPartnerReferral,IncentiveLevelPartnerCenter,varchar,No Change,,,
CoSell,vw_DimPartnerReferral,IncentiveType,varchar,No Change,,,
CoSell,vw_DimPartnerReferral,IncentiveTypeGroup,varchar,No Change,,,
CoSell,vw_DimPartnerReferral,Industries,varchar,No Change,,,
CoSell,vw_DimPartnerReferral,InviteContextNotes,varchar,No Change,,,
CoSell,vw_DimPartnerReferral,InvitedByOrganizationName,varchar,No Change,,,
CoSell,vw_DimPartnerReferral,BMXStatus,varchar,No Change,,,
CoSell,vw_DimPartnerReferral,IPPartner,varchar,No Change,,,
CoSell,vw_DimPartnerReferral,IsApproved,varchar,No Change,,,
CoSell,vw_DimPartnerReferral,IsCreatedinlast12Months,varchar,No Change,,,
CoSell,vw_DimPartnerReferral,IsAzurePartnerCosellDeal,varchar,No Change,,,
CoSell,vw_DimPartnerReferral,IsAzurePartnerCosellDealClosedMonth,varchar,No Change,,,
CoSell,vw_DimPartnerReferral,IsAzurePartnerCosellDealEOP,varchar,No Change,,,
CoSell,vw_DimPartnerReferral,IsD365PartnerCosellDeal,varchar,No Change,,,
CoSell,vw_DimPartnerReferral,IsD365PartnerCosellDealClosedMonth,varchar,No Change,,,
CoSell,vw_DimPartnerReferral,IsD365PartnerCosellDealEOP,varchar,No Change,,,
CoSell,vw_DimPartnerReferral,IsDealInPipelineWithoutSolutionAzure,varchar,No Change,,,
CoSell,vw_DimPartnerReferral,IsMarketplacePartnerCosellDeal,varchar,No Change,,,
CoSell,vw_DimPartnerReferral,IsMarketplaceRegisteredDeal,varchar,No Change,,,
CoSell,vw_DimPartnerReferral,IsCoSellReadyPartnerAccount,varchar,No Change,,,
CoSell,vw_DimPartnerReferral,IsCurrentAndLastRegistrationDateFiscalYear,varchar,No Change,,,
CoSell,vw_DimPartnerReferral,IsAzureDealInPipeline,varchar,No Change,,,
CoSell,vw_DimPartnerReferral,IsD365DealInPipeline,varchar,No Change,,,
CoSell,vw_DimPartnerReferral,IsDealWithoutOpportunity,varchar,No Change,,,
CoSell,vw_DimPartnerReferral,IsAzureExceptionDeal,varchar,No Change,,,
CoSell,vw_DimPartnerReferral,IsPartner2Partner,varchar,No Change,,,
CoSell,vw_DimPartnerReferral,CoSellBase,varchar,No Change,,,
CoSell,vw_DimPartnerReferral,IsRegistrationDateTrailing3Month,varchar,No Change,,,
CoSell,vw_DimPartnerReferral,IsSolutionAttached,varchar,No Change,,,
CoSell,vw_DimPartnerReferral,IsCurrentDueDateFiscalYear,int,No Change,,,
CoSell,vw_DimPartnerReferral,IsPartnerOpportunity,int,No Change,,,
CoSell,vw_DimPartnerReferral,IsMarketplaceBilledSalesDeal,varchar,No Change,,,
CoSell,vw_DimPartnerReferral,IsIPCoSellWithFY20Logic,varchar,No Change,,,
CoSell,vw_DimPartnerReferral,IsIPCoSellWithFY22Logic,varchar,No Change,,,
CoSell,vw_DimPartnerReferral,IsIPCoSellWithFY24Logic,varchar,No Change,,,
CoSell,vw_DimPartnerReferral,IotPartnerCenter,varchar,No Change,,,
CoSell,vw_DimEngagementMilestone,MilestoneName,varchar,No Change,,,
CoSell,vw_DimEngagementMilestone,OpportunityID,varchar,No Change,,,
CoSell,vw_DimEngagementMilestone,TransactionCurrencyId,varchar,No Change,,,
CoSell,vw_DimEngagementMilestone,WorkLoad,varchar,No Change,,,
CoSell,vw_DimEngagementMilestone,WorkloadType,varchar,No Change,,,
CoSell,vw_DimEngagementMilestone,Delivered By,varchar,No Change,,,
CoSell,vw_DimEngagementMilestone,IsMigrationWorkload,varchar,No Change,,,
CoSell,vw_DimGPSBusinessUnit,BusinessUnitKey,bigint,No Change,,,
CoSell,vw_DimGPSBusinessUnit,BusinessUnitID,varchar,No Change,,,
CoSell,vw_DimGPSBusinessUnit,BusinessUnitName,varchar,No Change,,,
CoSell,vw_DimGPSBusinessUnit,BusinessUnitPath,varchar,No Change,,,
CoSell,vw_DimGPSBusinessUnit,BusinessUnitLevels,int,No Change,,,
CoSell,vw_DimGPSBusinessUnit,MSBusiness,varchar,No Change,,,
CoSell,vw_DimGPSCRMAccount,AccountKey,int,No Change,,,
CoSell,vw_DimGPSCRMAccount,AccountID,varchar,No Change,,,
CoSell,vw_DimGPSCRMAccount,AccountName,varchar,No Change,,,
CoSell,vw_DimGPSCRMAccount,AccountStatus,varchar,No Change,,,
CoSell,vw_DimGPSCRMAccount,Area,varchar,No Change,,,
CoSell,vw_DimGPSCRMAccount,BusinessUnit,varchar,No Change,,,
CoSell,vw_DimGPSCRMAccount,Country,varchar,No Change,,,
CoSell,vw_DimGPSCRMAccount,CreatedOnDate,datetime2,No Change,,,
CoSell,vw_DimGPSCRMAccount,CreatedOnFiscalMonthID,int,No Change,,,
CoSell,vw_DimGPSCRMAccount,CreatedOnFiscalMonthName,varchar,No Change,,,
CoSell,vw_DimGPSCRMAccount,CreatedOnFiscalQuarter,varchar,No Change,,,
CoSell,vw_DimGPSCRMAccount,CreatedOnFiscalYear,varchar,No Change,,,
CoSell,vw_DimGPSCRMAccount,CRMAccountURL,varchar,No Change,,,
CoSell,vw_DimGPSCRMAccount,Custom1,varchar,No Change,,,
CoSell,vw_DimGPSCRMAccount,Custom2,varchar,No Change,,,
CoSell,vw_DimGPSCRMAccount,Custom3,varchar,No Change,,,
CoSell,vw_DimGPSCRMAccount,Custom4,varchar,No Change,,,
CoSell,vw_DimGPSCRMAccount,GTMReadiness,varchar,No Change,,,
CoSell,vw_DimGPSCRMAccount,HasBusinessPlan,varchar,No Change,,,
CoSell,vw_DimGPSCRMAccount,HasSolutionOrEngagement,varchar,No Change,,,
CoSell,vw_DimGPSCRMAccount,HasTechDevPlan,varchar,No Change,,,
CoSell,vw_DimGPSCRMAccount,HasPrimaryContact,varchar,No Change,,,
CoSell,vw_DimGPSCRMAccount,IsCalcMastered,varchar,Deprecate,,,
CoSell,vw_DimGPSCRMAccount,IsCosellReadyPartner,varchar,No Change,,,
CoSell,vw_DimGPSCRMAccount,IsRecruitAccount,varchar,No Change,,,
CoSell,vw_DimGPSCRMAccount,ManagementLevel,varchar,No Change,,,
CoSell,vw_DimGPSCRMAccount,PartnerOneID,varchar,No Change,,,
CoSell,vw_DimGPSCRMAccount,PartnerOneName,varchar,No Change,,,
CoSell,vw_DimGPSCRMAccount,PartnerOneNameID,varchar,No Change,,,
CoSell,vw_DimGPSCRMAccount,PartnerOneSubID,varchar,No Change,,,
CoSell,vw_DimGPSCRMAccount,PartnerSegment,varchar,No Change,,,
CoSell,vw_DimGPSCRMAccount,PartnerOneURL,varchar,No Change,,,
CoSell,vw_DimGPSCRMAccount,PartnerSubSegment,varchar,No Change,,,
CoSell,vw_DimGPSCRMAccount,PrimaryAccountOwner,varchar,No Change,,,
CoSell,vw_DimGPSCRMAccount,PrimaryAccountOwnerPartnerAccountPersonnelId,varchar,No Change,,,
CoSell,vw_DimGPSCRMAccount,Region,varchar,No Change,,,
CoSell,vw_DimGPSCRMAccount,StartupFoundedFiscalMonthName,varchar,No Change,,,
CoSell,vw_DimGPSCRMAccount,StartupFoundedFiscalQuarter,varchar,No Change,,,
CoSell,vw_DimGPSCRMAccount,StartupFoundedFiscalYear,varchar,No Change,,,
CoSell,vw_DimGPSCRMAccount,IsFY25RecruitPartner,varchar,No Change,,,
CoSell,vw_DimGPSCRMAccount,IsFY26RecruitPartner,varchar,No Change,,,
CoSell,vw_DimGPSCRMAccountMonthly,GPSCRMAccountKey,int,No Change,,,
CoSell,vw_DimGPSCRMAccountMonthly,AccountID,varchar,No Change,,,
CoSell,vw_DimGPSCRMAccountMonthly,AccountName,varchar,No Change,,,
CoSell,vw_DimGPSCRMAccountMonthly,AccountStatus,varchar,No Change,,,
CoSell,vw_DimGPSCRMAccountMonthly,Area,varchar,No Change,,,
CoSell,vw_DimGPSCRMAccountMonthly,Country,varchar,No Change,,,
CoSell,vw_DimGPSCRMAccountMonthly,CreatedOn,datetime2,No Change,,,
CoSell,vw_DimGPSCRMAccountMonthly,CreatedOnFiscalMonthID,int,No Change,,,
CoSell,vw_DimGPSCRMAccountMonthly,CreatedOnFiscalMonthName,varchar,No Change,,,
CoSell,vw_DimGPSCRMAccountMonthly,CreatedOnFiscalQuarter,varchar,No Change,,,
CoSell,vw_DimGPSCRMAccountMonthly,CreatedOnFiscalYear,varchar,No Change,,,
CoSell,vw_DimGPSCRMAccountMonthly,PMXAccountURL,varchar,No Change,,,
CoSell,vw_DimGPSCRMAccountMonthly,IsCoSellReadyPartner,smallint,No Change,,,
CoSell,vw_DimGPSCRMAccountMonthly,IsCurrent,int,No Change,,,
CoSell,vw_DimGPSCRMAccountMonthly,IsValid,int,No Change,,,
CoSell,vw_DimGPSCRMAccountMonthly,ManagementLevel,varchar,No Change,,,
CoSell,vw_DimGPSCRMAccountMonthly,MonthSnapshotDateKey,int,No Change,,,
CoSell,vw_DimGPSCRMAccountMonthly,ManagedPracticeListManagedDate,datetime2,No Change,,,
CoSell,vw_DimGPSCRMAccountMonthly,GPSCRMID,varchar,No Change,,,
CoSell,vw_DimGPSCRMAccountMonthly,PartnerOneID,varchar,No Change,,,
CoSell,vw_DimGPSCRMAccountMonthly,PartnerOneName,varchar,No Change,,,
CoSell,vw_DimGPSCRMAccountMonthly,PartnerOneNameID,varchar,No Change,,,
CoSell,vw_DimGPSCRMAccountMonthly,Region,varchar,No Change,,,
CoSell,vw_DimGPSCRMAccountMonthly,SubRegion,varchar,No Change,,,
CoSell,vw_DimGPSCRMAccountMonthly,Subsidiary,varchar,No Change,,,
CoSell,vw_DimGPSCRMAccountMonthly,TotalAccounts,varchar,No Change,,,
CoSell,vw_DimGPSCRMAccountTag,AccountTagKey,bigint,No Change,,,
CoSell,vw_DimGPSCRMAccountTag,AccountTag,varchar,No Change,,,
CoSell,vw_DimGPSCRMSolution,SolutionKey,bigint,No Change,,,
CoSell,vw_DimGPSCRMSolution,SolutionID,varchar,No Change,,,
CoSell,vw_DimGPSCRMSolution,SolutionName,varchar,No Change,,,
CoSell,vw_DimGPSCRMSolution,AzurePlatform,varchar,No Change,,,
CoSell,vw_DimGPSCRMSolution,AzurePlatform_Order,int,No Change,,,
CoSell,vw_DimGPSCRMSolution,CRMSolutionURL,varchar,No Change,,,
CoSell,vw_DimGPSCRMSolution,DynamicsPlatform,varchar,No Change,,,
CoSell,vw_DimGPSCRMSolution,DynamicsPlatformOrder,int,No Change,,,
CoSell,vw_DimGPSCRMSolution,GTMReadiness,varchar,No Change,,,
CoSell,vw_DimGPSCRMSolution,GTMReadiness_Hidden,varchar,No Change,,,
CoSell,vw_DimGPSCRMSolution,ISO365Platform,varchar,No Change,,,
CoSell,vw_DimGPSCRMSolution,O365Platform_Order,int,No Change,,,
CoSell,vw_DimGPSCRMSolution,GPSCRMSolutionID,varchar,No Change,,,
CoSell,vw_DimGPSCRMSolution,SolutionURL,varchar,No Change,,,
CoSell,vw_DimGPSCRMSolution,IsSQLPlatform,varchar,No Change,,,
CoSell,vw_DimGPSCRMSolution,SQLPlatform_Order,int,No Change,,,
CoSell,vw_DimGPSCRMSolution,IsWindowsPlatform,varchar,No Change,,,
CoSell,vw_DimGPSCRMSolution,WindowsPlatform_Order,int,No Change,,,
CoSell,vw_DimGPSCRMSolution,SolutionType,varchar,No Change,,,
CoSell,vw_DimGPSCRMSolution,IsCo-Sell,varchar,No Change,,,
CoSell,vw_DimGPSCRMSolution,IsCo-Sell_Order,int,No Change,,,
CoSell,vw_DimGPSCRMSolution,Description,varchar,No Change,,,
CoSell,vw_DimGPSCRMSolution,IsValid,int,No Change,,,
CoSell,vw_DimGPSCRMSolution,AccountName,varchar,No Change,,,
CoSell,vw_DimGPSCRMSolution,PartnerOneID,varchar,No Change,,,
CoSell,vw_DimGPSCRMSolution,PartnerOneName,varchar,No Change,,,
CoSell,vw_DimGPSCRMSolution,CatalogURL,varchar,No Change,,,
CoSell,vw_DimGPSCRMSolution,IsGDPR,varchar,No Change,,,
CoSell,vw_DimGPSCRMSolution,IsGDPR_Order,int,No Change,,,
CoSell,vw_DimGPSCRMSolution,Platform(s),varchar,No Change,,,
CoSell,vw_DimGPSCRMSolution,EnterpriseCustomerSegmentOrder,int,No Change,,,
CoSell,vw_DimGPSCRMSolution,SMBCustomerSegment_Order,int,No Change,,,
CoSell,vw_DimGPSCRMSolution,CorporateCustomerSegment_Order,int,No Change,,,
CoSell,vw_DimGPSCRMSolution,NEED,varchar,No Change,,,
CoSell,vw_DimGPSCRMSolution,IsSmallAndMediumBusinessCustomerSegment,varchar,No Change,,,
CoSell,vw_DimGPSCRMSolution,IsCorporateCustomerSegment,varchar,No Change,,,
CoSell,vw_DimGPSCRMSolution,SellerCosellIncentives,varchar,No Change,,,
CoSell,vw_DimGPSCRMSolution,HasSellerCoSellIncentives,varchar,No Change,,,
CoSell,vw_DimGPSCRMSolution,IsIncentiveEligible_Order,int,No Change,,,
CoSell,vw_DimGPSCRMSolution,IsAttached,varchar,No Change,,,
CoSell,vw_DimGPSCRMSolution,CreatedOnFiscalMonthName,varchar,No Change,,,
CoSell,vw_DimGPSCRMSolution,CreatedOnFiscalQuarter,varchar,No Change,,,
CoSell,vw_DimGPSCRMSolution,CreatedOnFiscalYear,varchar,No Change,,,
CoSell,vw_DimGPSCRMSolution,CreatedOnFiscalMonthID,int,No Change,,,
CoSell,vw_DimGPSCRMSolution,CreatedOn,date,No Change,,,
CoSell,vw_DimGPSCRMSolution,InMarketplace(basedonURL),varchar,No Change,,,
CoSell,vw_DimGPSCRMSolution,IsPartnerCenterMastered,varchar,No Change,,,
CoSell,vw_DimGPSCRMSolution,IsPartnerCenterMastered_Order,int,No Change,,,
CoSell,vw_DimGPSCRMSolution,IsPartnerCenterWhitelisted,varchar,No Change,,,
CoSell,vw_DimGPSCRMSolution,IsPartnerCenterWhitelisted_Order,int,No Change,,,
CoSell,vw_DimGPSCRMSolution,PartnerID,varchar,No Change,,,
CoSell,vw_DimGPSCRMSolution,cppPublisherId,varchar,No Change,,,
CoSell,vw_DimProject,EDLPModifiedDateTime,datetime2,No Change,,,
CoSell,vw_DimProject,CreatedBy,varchar,No Change,,,
CoSell,vw_DimProject,CreatedByYomiName,varchar,No Change,,,
CoSell,vw_DimProject,CreatedOnBehalfBy,varchar,No Change,,,
CoSell,vw_DimProject,CreatedOnBehalfByYomiName,varchar,No Change,,,
CoSell,vw_DimProject,BusinessObjective,varchar,No Change,,,
CoSell,vw_DimProject,DeliverableSPCF,varchar,No Change,,,
CoSell,vw_DimProject,IndustryName,varchar,No Change,,,
CoSell,vw_DimProject,Notes,varchar,No Change,,,
CoSell,vw_DimProject,PartnerAccount,varchar,No Change,,,
CoSell,vw_DimProject,Priority,varchar,No Change,,,
CoSell,vw_DimProject,ProjectPhase,varchar,No Change,,,
CoSell,vw_DimProject,ProjectType,varchar,No Change,,,
CoSell,vw_DimProject,ModifiedBy,varchar,No Change,,,
CoSell,vw_DimProject,ModifiedByYomiName,varchar,No Change,,,
CoSell,vw_DimProject,ModifiedOnBehalfBy,varchar,No Change,,,
CoSell,vw_DimProject,ModifiedOnBehalfByYomiName,varchar,No Change,,,
CoSell,vw_DimProject,OwningBusinessUnit,varchar,No Change,,,
CoSell,vw_DimProject,OwningTeam,varchar,No Change,,,
CoSell,vw_DimProject,StateCode,varchar,No Change,,,
CoSell,vw_DimProject,TimeZoneRuleVersionNumber,decimal,No Change,,,
CoSell,vw_DimProject,TransactionCurrencyIdName,varchar,No Change,,,
CoSell,vw_DimProject,EDLPLoadTS,varchar,No Change,,,
CoSell,vw_DimRedCarpetActivity,CloseMonth,varchar,No Change,,,
CoSell,vw_DimRedCarpetActivity,CloseYear,varchar,No Change,,,
CoSell,vw_DimRedCarpetActivity,CreatedDate,date,No Change,,,
CoSell,vw_DimRedCarpetActivity,CreatedQuarter,varchar,No Change,,,
CoSell,vw_DimRedCarpetActivity,DueDate,datetime2,No Change,,,
CoSell,vw_DimRedCarpetActivity,GPSCRMID,varchar,No Change,,,
CoSell,vw_DimRedCarpetActivity,PartnerOneName,varchar,No Change,,,
CoSell,vw_DimRedCarpetActivity,PartnerSegment,varchar,No Change,,,
CoSell,vw_DimRedCarpetActivity,PreviousOwner,varchar,No Change,,,
CoSell,vw_DimRedCarpetActivity,Status,varchar,No Change,,,
CoSell,vw_DimRedCarpetActivity,TransitionType,varchar,No Change,,,
CoSell,vw_DimRedCarpetActivity,CloseDate,datetime2,No Change,,,
CoSell,vw_DimRedCarpetActivity,CloseQuarter,varchar,No Change,,,
CoSell,vw_DimRedCarpetActivity,ContactID,varchar,No Change,,,
CoSell,vw_DimRedCarpetActivity,CreatedMonth,date,No Change,,,
CoSell,vw_DimRedCarpetActivity,CreatedYear,varchar,No Change,,,
CoSell,vw_DimRedCarpetActivity,LastRefreshTime_PST,datetime2,No Change,,,
CoSell,vw_DimRedCarpetActivity,Owner,varchar,No Change,,,
CoSell,vw_DimRedCarpetActivity,PartnerOneID,varchar,No Change,,,
CoSell,vw_DimRedCarpetActivity,PartnerSubSegment,varchar,No Change,,,
CoSell,vw_DimRedCarpetActivity,RedCarpetKey,varchar,No Change,,,
CoSell,vw_DimRedCarpetActivity,Title,varchar,No Change,,,
CoSell,vw_DimReportingPartnerOneSub,IsMWPrioritizedPartner,varchar,No Change,,,
CoSell,vw_DimReportingPartnerOneSub,ReportingProgramTier,varchar,No Change,,,
CoSell,vw_DimReportingPartnerOneSub,CurrentMembershipLevel,varchar,No Change,,,
CoSell,vw_DimReportingPartnerOneSub,IsMWGoDaddy,varchar,No Change,,,
CoSell,vw_DimReportingPartnerOneSub,IsMWTop1TPartner,varchar,No Change,,,
CoSell,vw_DimReportingPartnerOneSub,MWTop1TPartnerType,varchar,No Change,,,
CoSell,vw_DimReportingPartnerOneSub,IsMWTopDistiPartner,varchar,No Change,,,
CoSell,vw_DimReportingPartnerOneSub,IsTelcoPartner,varchar,No Change,,,
CoSell,vw_DimReportingPartnerOneSub,IsDistributor,varchar,No Change,,,
CoSell,vw_DimReportingPartnerOneSub,PartnerOneID,int,No Change,,,
CoSell,vw_DimReportingPartnerOneSub,PartnerOneNameID,varchar,No Change,,,
CoSell,vw_DimReportingPartnerOneSub,PartnerOneReportingKey,bigint,No Change,,,
CoSell,vw_DimReportingPartnerOneSub,IsManaged_Order,int,No Change,,,
CoSell,vw_DimReportingPartnerOneSub,PartnerSubSegment,varchar,No Change,,,
CoSell,vw_DimReportingPartnerOneSub,ReportingArea,varchar,No Change,,,
CoSell,vw_DimReportingPartnerOneSub,ReportingSubRegion,varchar,No Change,,,
CoSell,vw_DimReportingPartnerOneSub,IsGlobalChannel,varchar,No Change,,,
CoSell,vw_DimReportingPartnerOneSub,IsGlobalISV,varchar,No Change,,,
CoSell,vw_DimReportingPartnerOneSub,IsGSI,varchar,No Change,,,
CoSell,vw_DimReportingPartnerOneSub,IsAzureExpertMSP,varchar,No Change,,,
CoSell,vw_DimReportingPartnerOneSub,IsPDMPresentInSub_Order,int,No Change,,,
CoSell,vw_DimReportingPartnerOneSub,IsGlobal_Order,int,No Change,,,
CoSell,vw_DimReportingPartnerOneSub,IsRegion_Order,int,No Change,,,
CoSell,vw_DimReportingPartnerOneSub,IsSubRegion_Order,int,No Change,,,
CoSell,vw_DimReportingPartnerOneSub,IsGlobalDownstreamManaged_Order,int,No Change,,,
CoSell,vw_DimReportingPartnerOneSub,IsQuestionablePartner_Order,int,No Change,,,
CoSell,vw_DimReportingPartnerOneSub,InGPSCatalog_Order,int,No Change,,,
CoSell,vw_DimReportingPartnerOneSub,HasPCXOffer_Order,int,No Change,,,
CoSell,vw_DimReportingPartnerOneSub,IsCoSellReadyPartner_Order,int,No Change,,,
CoSell,vw_DimReportingPartnerOneSub,IsEMPMPartner,varchar,No Change,,,
CoSell,vw_DimReportingPartnerOneSub,PartnerGroupName,varchar,No Change,,,
CoSell,vw_DimReportingPartnerOneSub,PartnerCategoryName,varchar,No Change,,,
CoSell,vw_DimReportingPartnerOneSub,IsFY25RecruitPartner,varchar,No Change,,,
CoSell,vw_DimReportingPartnerOneSub,IsCoSellReady,varchar,No Change,,,
CoSell,vw_DimReportingPartnerOneSub,IsAzureEligiblePartner,varchar,No Change,,,
CoSell,vw_DimReportingPartnerOneSub,IsBizappsPremiumEligiblePartner,varchar,No Change,,,
CoSell,vw_DimReportingPartnerOneSub,CountofDeals,bigint,No Change,,,
CoSell,vw_DimReportingPartnerOneSub,IsWonDealsGreaterThan6,varchar,No Change,,,
CoSell,vw_DimReportingPartnerOneSub,IsWonDealsGreaterThan1,varchar,No Change,,,
CoSell,vw_DimReportingPartnerOneSub,CascadedRole,varchar,No Change,,,
CoSell,vw_DimReportingPartnerOneSub,CascadedContactName,varchar,No Change,,,
CoSell,vw_DimReportingPartnerOneSub,CascadedM1Name,varchar,No Change,,,
CoSell,vw_DimReportingPartnerOneSub,CascadedM2Name,varchar,No Change,,,
CoSell,vw_DimReportingPartnerOneSub,IsCascaded,varchar,No Change,,,
CoSell,vw_DimReportingPartnerOneSub,IsToptierPartner,varchar,No Change,,,
CoSell,vw_DimReportingPartnerOneSub,TopTierEndDate,date,No Change,,,
CoSell,vw_DimReportingPartnerOneSub,IsCALCMastered,varchar,Deprecate,,,
CoSell,vw_DimReportingPartnerOneSub,ManagementIndicator,varchar,No Change,,,
CoSell,vw_DimReportingPartnerOneSub,IsRegionTZInstance,varchar,No Change,,,
CoSell,vw_DimReportingPartnerOneSub,IsTransitionGISV,varchar,No Change,,,
CoSell,vw_DimReportingPartnerOneSub,IsCosellPrioritized,varchar,No Change,,,
CoSell,vw_DimReportingPartnerOneSub,IsAzurePrioritizedPartner,varchar,No Change,,,
CoSell,vw_DimReportingPartnerOneSub,PDM,varchar,No Change,,,
CoSell,vw_DimReportingPartnerOneSub,PDMR,varchar,No Change,,,
CoSell,vw_DimReportingPartnerOneSub,PTSM,varchar,No Change,,,
CoSell,vw_DimReportingPartnerOneSub,Value,int,No Change,,,
CoSell,vw_DimReportingPartnerOneSub,PartnerOneName,varchar,No Change,,,
CoSell,vw_DimReportingPartnerOneSub,PartnerOneSubID,varchar,No Change,,,
CoSell,vw_DimReportingPartnerOneSub,IsManaged,varchar,No Change,,,
CoSell,vw_DimReportingPartnerOneSub,PartnerSegment,varchar,No Change,,,
CoSell,vw_DimReportingPartnerOneSub,PrimaryRoleType,varchar,No Change,,,
CoSell,vw_DimReportingPartnerOneSub,ReportingRegion,varchar,No Change,,,
CoSell,vw_DimReportingPartnerOneSub,PartnerSubsidiaryID,int,No Change,,,
CoSell,vw_DimReportingPartnerOneSub,IsGlobalChannel_Order,int,No Change,,,
CoSell,vw_DimReportingPartnerOneSub,IsGlobalISV_Order,int,No Change,,,
CoSell,vw_DimReportingPartnerOneSub,IsGSI_Order,int,No Change,,,
CoSell,vw_DimReportingPartnerOneSub,IsAzureExpertMSP_Order,int,No Change,,,
CoSell,vw_DimReportingPartnerOneSub,IsPDMPresentInSub,varchar,No Change,,,
CoSell,vw_DimReportingPartnerOneSub,IsGlobal,varchar,No Change,,,
CoSell,vw_DimReportingPartnerOneSub,IsSubRegion,varchar,No Change,,,
CoSell,vw_DimReportingPartnerOneSub,IsGlobalDownstreamManaged,varchar,No Change,,,
CoSell,vw_DimReportingPartnerOneSub,IsQuestionablePartner,varchar,No Change,,,
CoSell,vw_DimReportingPartnerOneSub,InGPSCatalog,varchar,No Change,,,
CoSell,vw_DimReportingPartnerOneSub,HasPCXOffer,varchar,No Change,,,
CoSell,vw_DimReportingPartnerOneSub,IsCoSellReadyPartner,varchar,No Change,,,
CoSell,vw_DimReportingPartnerOneSub,PartnerMaxGTMReadiness,varchar,No Change,,,
CoSell,vw_DimReportingPartnerOneSub,IsEMPMPartner_Order,int,No Change,,,
CoSell,vw_DimReportingPartnerOneSub,IsPartnerMastered,varchar,No Change,,,
CoSell,vw_DimReportingPartnerOneSub,PartnerCategorySubName,varchar,No Change,,,
CoSell,vw_DimReportingPartnerOneSub,IsFY26RecruitPartner,varchar,No Change,,,
CoSell,vw_DimReportingPartnerOneSub,IsCoSellReadyORPrioritized,varchar,No Change,,,
CoSell,vw_DimReportingPartnerOneSub,IsBizappsEligiblePartner,varchar,No Change,,,
CoSell,vw_DimReportingPartnerOneSub,IsAnyPartner,varchar,No Change,,,
CoSell,vw_DimReportingPartnerOneSub,IsWonDealsGreaterThan10,varchar,No Change,,,
CoSell,vw_DimReportingPartnerOneSub,IsWonDealsGreaterThan4,varchar,No Change,,,
CoSell,vw_DimReportingPartnerOneSub,IsDealsGreaterThan1,varchar,No Change,,,
CoSell,vw_DimReportingPartnerOneSub,CascadedAlias,varchar,No Change,,,
CoSell,vw_DimReportingPartnerOneSub,CascadedM1Alias,varchar,No Change,,,
CoSell,vw_DimReportingPartnerOneSub,CascadedM2Alias,varchar,No Change,,,
CoSell,vw_DimReportingPartnerOneSub,IsPrimary,varchar,No Change,,,
CoSell,vw_DimReportingPartnerOneSub,TopTierStartDate,date,No Change,,,
CoSell,vw_DimReportingPartnerOneSub,IsMarketplaceTransitionPartner,varchar,No Change,,,
CoSell,vw_DimReportingPartnerOneSub,IsCALCMastered_Order,int,Deprecate,,,
CoSell,vw_DimReportingPartnerOneSub,ManagementIndicator_Order,int,No Change,,,
CoSell,vw_DimReportingPartnerOneSub,IsRegionTZPlaceholder,varchar,No Change,,,
CoSell,vw_DimReportingPartnerOneSub,CustomManagementLevel,varchar,No Change,,,
CoSell,vw_DimReportingPartnerOneSub,SubsidiaryID,int,No Change,,,
CoSell,vw_DimReportingPartnerOneSub,IsBizAppsPrioritizedPartner,varchar,No Change,,,
CoSell,vw_DimReportingPartnerOneSub,IsSecurityPrioritizedPartner,varchar,No Change,,,
CoSell,vw_DimReportingPartnerOneSub,PDMM,varchar,No Change,,,
CoSell,vw_DimReportingPartnerOneSub,PTS,varchar,No Change,,,
CoSell,vw_DimReportingPartnerOneSub,PMA,varchar,No Change,,,
CoSell,vw_DimReportingPartnerOneSub,IsStrategicServices,varchar,Deprecate,,,
CoSell,vw_DimReportingPartnerOneSub,IsStrategicServices_Order,int,Deprecate,,,
CoSell,vw_DimReportingPartnerOneSub,IsStrategicISV,varchar,Deprecate,,,
CoSell,vw_DimReportingPartnerOneSub,IsStrategicISV_Order,int,Deprecate,,,
CoSell,vw_DimReportingPartnerOneSub,IsStrategicLSP,varchar,Deprecate,,,
CoSell,vw_DimReportingPartnerOneSub,IsStrategicLSP_Order,int,Deprecate,,,
CoSell,vw_DimReportingPartnerOneSub,IsStrategicDistributor,varchar,Deprecate,,,
CoSell,vw_DimReportingPartnerOneSub,IsStrategicDistributor_Order,int,Deprecate,,,
CoSell,vw_DimReportingPartnerOneSub,IsLEGOPartner,varchar,Deprecate,,,
CoSell,vw_DimReportingPartnerOneSub,IsLEGOPartner_Order,int,Deprecate,,,
CoSell,vw_DimReportingPartnerOneSub,IsITESPartner,varchar,Deprecate,,,
CoSell,vw_DimReportingPartnerOneSub,IsITESPartner_Order,int,Deprecate,,,
CoSell,vw_DimReportingPartnerOneSub,IsAGIPartner,varchar,Deprecate,,,
CoSell,vw_DimReportingPartnerOneSub,IsAGIPartner_Order,int,Deprecate,,,
CoSell,vw_DimReportingPartnerOneSub,IsP200Partner,varchar,Deprecate,,,
CoSell,vw_DimReportingPartnerOneSub,IsP200Partner_Order,int,Deprecate,,,
CoSell,vw_DimReportingPartnerOneSub,IsLegoITES,varchar,Deprecate,,,
CoSell,vw_DimReportingPartnerOneSub,IsBGIPartner,varchar,Deprecate,,,
CoSell,vw_DimReportingPartnerOneSub,IsBGIPartner_Order,int,Deprecate,,,
CoSell,vw_DimReportingPartnerOneSub,IsRegion,varchar,Deprecate,,,
CoSell,vw_DimReportingPartnerOneSub,IsLocal,varchar,Deprecate,,,
CoSell,vw_DimReportingPartnerOneSub,IsLocal_Order,int,Deprecate,,,
CoSell,vw_DimReportingPartnerOneSub,IsRegionDownstreamManaged,varchar,Deprecate,,,
CoSell,vw_DimReportingPartnerOneSub,IsRegionDownstreamManaged_Order,int,Deprecate,,,
CoSell,vw_DimReportingPartnerOneSub,IsSubRegionDownstreamManaged,varchar,Deprecate,,,
CoSell,vw_DimReportingPartnerOneSub,IsSubRegionDownstreamManaged_Order,int,Deprecate,,,
CoSell,vw_DimReportingPartnerOneSub,IsP200PilotPartner,varchar,Deprecate,,,
CoSell,vw_DimReportingPartnerOneSub,IsP200PilotPartner_Order,int,Deprecate,,,
CoSell,vw_DimReportingPartnerOneSub,IsStrategicPartnerOne,varchar,Deprecate,,,
CoSell,vw_DimReportingPartnerOneSub,IsStrategicPartnerOne_Order,int,Deprecate,,,
CoSell,vw_DimReportingPartnerOneSub,IsGlobalPMA,varchar,Deprecate,,,
CoSell,vw_DimReportingPartnerOneSub,IsSI,varchar,Deprecate,,,
CoSell,vw_DimReportingPartnerOneSub,IsMSP,varchar,Column Renamed,vw_DimReportingPartnerOneSub,IsSMECSI,
CoSell,vw_DimReportingPartnerOneSub,IsDigitalAgency,varchar,Deprecate,,,
CoSell,vw_DimReportingPartnerOneSub,IsAdvisory,varchar,Deprecate,,,
CoSell,vw_DimReportingPartnerOneSub,IsTelcoOperator,varchar,Deprecate,,,
CoSell,vw_DimReportingPartnerOneSub,IsHoster,varchar,Column Renamed,vw_DimReportingPartnerOneSub,IsHCP,
CoSell,vw_DimReportingPartnerOneSub,IsIndirectProvider,varchar,Deprecate,,,
CoSell,vw_DimReportingPartnerOneSub,IsPERCPartner,varchar,Deprecate,,,
CoSell,vw_DimReportingPartnerOneSub,IsPERCTopPartner,varchar,Deprecate,,,
CoSell,vw_DimReportingPartnerOneSub,IsPERCRehabPartner,varchar,Deprecate,,,
CoSell,vw_DimReportingPartnerOneSub,IsLSP,varchar,Column Renamed,vw_DimReportingPartnerOneSub,IsSSP,
CoSell,vw_DimReportingPartnerOneSub,IsStrategicGlobalISV,varchar,Deprecate,,,
CoSell,vw_DimReportingPartnerOneSub,IsStrategicGlobalISV_Order,int,Deprecate,,,
CoSell,vw_DimReportingPartnerOneSub,IsStrategicRecruitGISV,varchar,Deprecate,,,
CoSell,vw_DimReportingPartnerOneSub,IsStrategicRecruitGISV_Order,int,Deprecate,,,
CoSell,vw_DimReportingPartnerOneSub,IsAG,varchar,Deprecate,,,
CoSell,vw_DimReportingPartnerOneSub,IsAG_Order,int,Deprecate,,,
CoSell,vw_DimMSXCustomer,TPAccountKey,bigint,No Change,,,
CoSell,vw_DimMSXCustomer,DistrictName,varchar,No Change,,,
CoSell,vw_DimMSXCustomer,HQ/DS,varchar,No Change,,,
CoSell,vw_DimMSXCustomer,IndustryName,varchar,No Change,,,
CoSell,vw_DimMSXCustomer,AssignedHyperSalesGroup,varchar,No Change,,,
CoSell,vw_DimMSXCustomer,AssignedSalesUnit,varchar,No Change,,,
CoSell,vw_DimMSXCustomer,AccountTeamUnitName,varchar,No Change,,,
CoSell,vw_DimMSXCustomer,IsHIPOAccount,varchar,No Change,,,
CoSell,vw_DimMSXCustomer,IsS500Customer,varchar,No Change,,,
CoSell,vw_DimMSXCustomer,MALFlagName,varchar,No Change,,,
CoSell,vw_DimMSXCustomer,SalesTerritoryID,int,No Change,,,
CoSell,vw_DimMSXCustomer,SalesGroup,varchar,No Change,,,
CoSell,vw_DimMSXCustomer,SalesTerritory,varchar,No Change,,,
CoSell,vw_DimMSXCustomer,SalesUnitName,varchar,No Change,,,
CoSell,vw_DimMSXCustomer,SubDistrictID,int,No Change,,,
CoSell,vw_DimMSXCustomer,SubDistrictName,varchar,No Change,,,
CoSell,vw_DimMSXCustomer,SubSegmentID,int,No Change,,,
CoSell,vw_DimMSXCustomer,SubSegmentName,varchar,No Change,,,
CoSell,vw_DimMSXCustomer,USSubSegmentName,varchar,No Change,,,
CoSell,vw_DimMSXCustomer,USSegmentName,varchar,No Change,,,
CoSell,vw_DimMSXCustomer,USEOU,varchar,No Change,,,
CoSell,vw_DimMSXCustomer,SubsidiaryID,int,No Change,,,
CoSell,vw_DimMSXCustomer,SubVertical,varchar,No Change,,,
CoSell,vw_DimMSXCustomer,VerticalCategory,varchar,No Change,,,
CoSell,vw_DimMSXCustomer,TPAccountID,int,No Change,,,
CoSell,vw_DimMSXCustomer,TPAccountName,varchar,No Change,,,
CoSell,vw_DimMSXCustomer,IsTopIAPMigrationAccount,varchar,No Change,,,
CoSell,vw_DimMSXCustomer,VerticalName,varchar,No Change,,,
CoSell,vw_DimMSXCustomer,IsGSI1800Customers,varchar,No Change,,,
CoSell,vw_DimMSXProduct,ProductKey,bigint,No Change,,,
CoSell,vw_DimMSXProduct,BusinessUnitName,varchar,No Change,,,
CoSell,vw_DimMSXProduct,DynamicsWorkload,varchar,No Change,,,
CoSell,vw_DimMSXProduct,ProductDivisionName,varchar,No Change,,,
CoSell,vw_DimMSXProduct,ProductFamilyCode,varchar,No Change,,,
CoSell,vw_DimMSXProduct,productFamilyName,varchar,No Change,,,
CoSell,vw_DimMSXProduct,ProductUnitName,varchar,No Change,,,
CoSell,vw_DimMSXProduct,SuperDivisionName,varchar,No Change,,,
CoSell,vw_DimMSXSolutionArea,,,New Column,vw_DimMSXSolutionArea,Conversation,
CoSell,vw_DimMSXSolutionArea,MSXRevSumDivisionKey,int,No Change,,,
CoSell,vw_DimMSXSolutionArea,RevSumDivisionKey,bigint,No Change,,,
CoSell,vw_DimMSXSolutionArea,RevSumCategory,varchar,No Change,,,
CoSell,vw_DimMSXSolutionArea,SolutionArea,varchar,No Change,,,
CoSell,vw_DimMSXWorkload,,,New Column,vw_DimMSXWorkload,Conversation,
CoSell,vw_DimMSXWorkload,MSXWorkloadKey,int,No Change,,,
CoSell,vw_DimMSXWorkload,EngagementMilestoneKey,bigint,No Change,,,
CoSell,vw_DimMSXWorkload,SolutionArea,varchar,No Change,,,
CoSell,vw_DimMSXWorkload,Workload,varchar,No Change,,,
CoSell,vw_DimOpportunity,,,New Column,vw_DimOpportunity,Conversation,
CoSell,vw_DimOpportunity,OpportunityKey,bigint,No Change,,,
CoSell,vw_DimOpportunity,BusinessType,varchar,No Change,,,
CoSell,vw_DimOpportunity,Campaign,varchar,No Change,,,
CoSell,vw_DimOpportunity,CoSell,varchar,No Change,,,
CoSell,vw_DimOpportunity,CRMOpportunityID,varchar,No Change,,,
CoSell,vw_DimOpportunity,ActualOpportunityCloseDate,date,No Change,,,
CoSell,vw_DimOpportunity,OpportunityActualCloseFiscalYear,varchar,No Change,,,
CoSell,vw_DimOpportunity,OpportunityActualCloseFiscalQuarter,varchar,No Change,,,
CoSell,vw_DimOpportunity,OpportunityActualCloseFiscalMonth,varchar,No Change,,,
CoSell,vw_DimOpportunity,OpportunityActualCloseFiscalMonthID,smallint,No Change,,,
CoSell,vw_DimOpportunity,DaysInCurrentSalesCycleGroup,varchar,No Change,,,
CoSell,vw_DimOpportunity,IsDueDateTrailing3Month,varchar,No Change,,,
CoSell,vw_DimOpportunity,IsModernWorkSurface,varchar,No Change,,,
CoSell,vw_DimOpportunity,IsPartnerAttached,varchar,No Change,,,
CoSell,vw_DimOpportunity,IsPartnerDealPresent,varchar,No Change,,,
CoSell,vw_DimOpportunity,IsPartnerGeneratedFlag,varchar,No Change,,,
CoSell,vw_DimOpportunity,IsQualifiedWin,varchar,No Change,,,
CoSell,vw_DimOpportunity,IsQualifiedOrOpenIndependentSoftwareVendor,varchar,No Change,,,
CoSell,vw_DimOpportunity,IsSolutionAttached,varchar,No Change,,,
CoSell,vw_DimOpportunity,LicensingProgram,varchar,No Change,,,
CoSell,vw_DimOpportunity,LicensingProgramSubTypeName,varchar,No Change,,,
CoSell,vw_DimOpportunity,LicensingSubType,varchar,No Change,,,
CoSell,vw_DimOpportunity,MSXCRMAccountName,varchar,No Change,,,
CoSell,vw_DimOpportunity,MSXCRMAccountNumber,varchar,No Change,,,
CoSell,vw_DimOpportunity,MSXCustomOpportunitySource,varchar,No Change,,,
CoSell,vw_DimOpportunity,MSXOpportunitySource,varchar,No Change,,,
CoSell,vw_DimOpportunity,MSXSalesStage,varchar,No Change,,,
CoSell,vw_DimOpportunity,MSXSourceSubType,varchar,No Change,,,
CoSell,vw_DimOpportunity,MSXStatus,varchar,No Change,,,
CoSell,vw_DimOpportunity,OpportunityCreatedBy,varchar,No Change,,,
CoSell,vw_DimOpportunity,OpportunityCreatedDate,date,No Change,,,
CoSell,vw_DimOpportunity,OpportunityCreatedFiscalMonth,varchar,No Change,,,
CoSell,vw_DimOpportunity,OpportunityCreatedFiscalMonthID,smallint,No Change,,,
CoSell,vw_DimOpportunity,OpportunityCreatedFiscalQuarter,varchar,No Change,,,
CoSell,vw_DimOpportunity,OpportunityCreatedFiscalYear,varchar,No Change,,,
CoSell,vw_DimOpportunity,IsOpportunityDueInNext12Months,varchar,No Change,,,
CoSell,vw_DimOpportunity,IsEstimatedCompletionInNext12Months,varchar,No Change,,,
CoSell,vw_DimOpportunity,IsEstimatedCompletionInTrailing12Months,varchar,No Change,,,
CoSell,vw_DimOpportunity,IsEstimatedStartDateTillLatestClosedMonth,varchar,No Change,,,
CoSell,vw_DimOpportunity,OpportunityDueDate,date,No Change,,,
CoSell,vw_DimOpportunity,OpportunityDueFiscalMonth,varchar,No Change,,,
CoSell,vw_DimOpportunity,OpportunityDueFiscalMonthID,smallint,No Change,,,
CoSell,vw_DimOpportunity,OpportunityDueFiscalQuarter,varchar,No Change,,,
CoSell,vw_DimOpportunity,OpportunityDueFiscalYear,varchar,No Change,,,
CoSell,vw_DimOpportunity,OpportunityEstimatedCompletionDate,date,No Change,,,
CoSell,vw_DimOpportunity,OpportunityEstimatedCompletionDateFiscalMonth,varchar,No Change,,,
CoSell,vw_DimOpportunity,OpportunityEstimatedCompletionDateFiscalMonthID,smallint,No Change,,,
CoSell,vw_DimOpportunity,OpportunityEstimatedCompletionDateFiscalQuarter,varchar,No Change,,,
CoSell,vw_DimOpportunity,OpportunityEstimatedCompletionDateFiscalYear,varchar,No Change,,,
CoSell,vw_DimOpportunity,OpportunityEstimatedStartDate,date,No Change,,,
CoSell,vw_DimOpportunity,OpportunityEstimatedStartDateFiscalMonth,varchar,No Change,,,
CoSell,vw_DimOpportunity,OpportunityEstimatedStartDateFiscalMonthID,smallint,No Change,,,
CoSell,vw_DimOpportunity,OpportunityEstimatedStartDateFiscalQuarter,varchar,No Change,,,
CoSell,vw_DimOpportunity,OpportunityEstimatedStartDateFiscalYear,varchar,No Change,,,
CoSell,vw_DimOpportunity,OpportunityID,varchar,No Change,,,
CoSell,vw_DimOpportunity,OpportunityModifiedDate,date,No Change,,,
CoSell,vw_DimOpportunity,OpportunityModifiedFiscalMonth,varchar,No Change,,,
CoSell,vw_DimOpportunity,OpportunityModifiedFiscalMonthID,smallint,No Change,,,
CoSell,vw_DimOpportunity,OpportunityModifiedFiscalQuarter,varchar,No Change,,,
CoSell,vw_DimOpportunity,OpportunityModifiedFiscalYear,varchar,No Change,,,
CoSell,vw_DimOpportunity,IsOpportunityDueInTrailing12Months,varchar,No Change,,,
CoSell,vw_DimOpportunity,OpportunityName,varchar,No Change,,,
CoSell,vw_DimOpportunity,OpportunityNumber,varchar,No Change,,,
CoSell,vw_DimOpportunity,OpportunityOwner,varchar,No Change,,,
CoSell,vw_DimOpportunity,OpportunitySourceType,varchar,No Change,,,
CoSell,vw_DimOpportunity,OpportunityStatus,varchar,No Change,,,
CoSell,vw_DimOpportunity,OpportunityType,varchar,No Change,,,
CoSell,vw_DimOpportunity,OwnerRoleSummary,varchar,No Change,,,
CoSell,vw_DimOpportunity,PriceLevelName,varchar,No Change,,,
CoSell,vw_DimOpportunity,PriceListType,varchar,No Change,,,
CoSell,vw_DimOpportunity,ForecastRecommendation,varchar,No Change,,,
CoSell,vw_DimOpportunity,Solution Area (Seller Tagged),varchar,No Change,,,
CoSell,vw_DimOpportunity,Technical Capability (Seller Tagged),varchar,No Change,,,
CoSell,vw_DimOpportunity,Status,varchar,No Change,,,
CoSell,vw_DimOpportunity,TPAccountID,int,No Change,,,
CoSell,vw_DimOpportunity,TPAccountName,varchar,No Change,,,
CoSell,vw_DimOpportunity,PromotionCode,varchar,No Change,,,
CoSell,vw_DimOpportunity,IsOpportunityDueInNext6Months,varchar,No Change,,,
CoSell,vw_DimOpportunity,IsOpportunityClosedInTrailing6Months,varchar,No Change,,,
CoSell,vw_DimOpportunity,BilledRevenueStatus,varchar,No Change,,,
CoSell,vw_DimOpportunity,ConsumptionStatus,varchar,No Change,,,
CoSell,vw_DimOpportunity,ConsumptionStatusReason,varchar,No Change,,,
CoSell,vw_DimOpportunity,OpportunityURL,varchar,No Change,,,
CoSell,vw_DimOpportunity,EngagementNextSteps,varchar,No Change,,,
CoSell,vw_DimPartnerReferral,LeadOwner,varchar,No Change,,,
CoSell,vw_DimPartnerReferral,MarketplaceTransactionDate,datetime2,No Change,,,
CoSell,vw_DimPartnerReferral,MarketplaceTransactionDateFiscalMonthID,int,No Change,,,
CoSell,vw_DimPartnerReferral,MarketplaceTransactionDateFiscalYear,varchar,No Change,,,
CoSell,vw_DimPartnerReferral,MigratedPSXDealID,varchar,No Change,,,
CoSell,vw_DimPartnerReferral,ModifiedDateFiscalMonth,varchar,No Change,,,
CoSell,vw_DimPartnerReferral,ModifiedDateFiscalQuarter,varchar,No Change,,,
CoSell,vw_DimPartnerReferral,MicrosoftPartnerNetworkIdPartnerCenter,varchar,No Change,,,
CoSell,vw_DimPartnerReferral,MSFTReferralID,varchar,No Change,,,
CoSell,vw_DimPartnerReferral,MSXCRMAccountName,varchar,No Change,,,
CoSell,vw_DimPartnerReferral,OpportunityNumber,varchar,No Change,,,
CoSell,vw_DimPartnerReferral,OpportunityURL,varchar,No Change,,,
CoSell,vw_DimPartnerReferral,PartnerAcceptanceDetail,varchar,No Change,,,
CoSell,vw_DimPartnerReferral,PartnerAcceptanceStatusPartnerCenter,varchar,No Change,,,
CoSell,vw_DimPartnerReferral,PartnerAccountId,varchar,No Change,,,
CoSell,vw_DimPartnerReferral,ActualCloseDate,date,No Change,,,
CoSell,vw_DimPartnerReferral,ContractSignedDateFiscalMonthID,smallint,No Change,,,
CoSell,vw_DimPartnerReferral,ApprovalDate,date,No Change,,,
CoSell,vw_DimPartnerReferral,PartnerDealApprovalDateFiscalMonthID,smallint,No Change,,,
CoSell,vw_DimPartnerReferral,PartnerDealApprovalDateFiscalYear,varchar,No Change,,,
CoSell,vw_DimPartnerReferral,PartnerDealExpirationDateRange,varchar,No Change,,,
CoSell,vw_DimPartnerReferral,PartnerCenterAcceptedDate,date,No Change,,,
CoSell,vw_DimPartnerReferral,PartnerDealAcceptedDateFiscalMonthID,int,No Change,,,
CoSell,vw_DimPartnerReferral,PartnerDealAcceptedDateFiscalYear,varchar,No Change,,,
CoSell,vw_DimPartnerReferral,PartnerDealRegistrationDateFiscalMonth,varchar,No Change,,,
CoSell,vw_DimPartnerReferral,PartnerDealRegistrationDateFiscalQuarter,varchar,No Change,,,
CoSell,vw_DimPartnerReferral,DealRejectedDate,date,No Change,,,
CoSell,vw_DimPartnerReferral,PartnerDealRejectedDateFiscalMonthID,smallint,No Change,,,
CoSell,vw_DimPartnerReferral,PartnerDealRejectedDateFiscalYear,varchar,No Change,,,
CoSell,vw_DimPartnerReferral,PartnerDealWonDateFiscalMonthID,smallint,No Change,,,
CoSell,vw_DimPartnerReferral,PartnerDealWonDateFiscalYear,varchar,No Change,,,
CoSell,vw_DimPartnerReferral,PartnerDealURL,varchar,No Change,,,
CoSell,vw_DimPartnerReferral,PartnerOneID,int,No Change,,,
CoSell,vw_DimPartnerReferral,PartnerRole,varchar,No Change,,,
CoSell,vw_DimPartnerReferral,PartnerSalesStage,varchar,No Change,,,
CoSell,vw_DimPartnerReferral,Products,varchar,No Change,,,
CoSell,vw_DimPartnerReferral,PSXDescription,varchar,No Change,,,
CoSell,vw_DimPartnerReferral,RangeofCreatedtoDue,varchar,No Change,,,
CoSell,vw_DimPartnerReferral,ReferralProgramCode,varchar,No Change,,,
CoSell,vw_DimPartnerReferral,RevenueTranche,varchar,No Change,,,
CoSell,vw_DimPartnerReferral,ReferralMicrosoftStatusReasonPartnerCenter,varchar,No Change,,,
CoSell,vw_DimPartnerReferral,ReferralType,varchar,No Change,,,
CoSell,vw_DimPartnerReferral,RegistrationApprover,varchar,No Change,,,
CoSell,vw_DimPartnerReferral,RegistrationVerificationStatus,varchar,No Change,,,
CoSell,vw_DimPartnerReferral,SalesStage,varchar,No Change,,,
CoSell,vw_DimPartnerReferral,SourceType,varchar,No Change,,,
CoSell,vw_DimPartnerReferral,Status,varchar,No Change,,,
CoSell,vw_DimPartnerReferral,StatusReason,varchar,No Change,,,
CoSell,vw_DimPartnerReferral,Topic,varchar,No Change,,,
CoSell,vw_DimPartnerReferral,IsPartnerReportedAzureConsumptionRevenueDeal,varchar,No Change,,,
CoSell,vw_DimPartnerReferral,IsPrivateOfferAttached,varchar,No Change,,,
CoSell,vw_DimPartnerReferral,IsSlippedDeal,varchar,No Change,,,
CoSell,vw_DimPartnerReferral,IsStalledDeal,varchar,No Change,,,
CoSell,vw_DimPartnerReferral,IsCurrentAndLastCreatedDateFiscalYear,int,No Change,,,
CoSell,vw_DimPartnerReferral,IsOpportunityAttached,int,No Change,,,
CoSell,vw_DimPartnerReferral,IsLastFullDueFiscalMonth,varchar,No Change,,,
CoSell,vw_DimPartnerReferral,IsLastFullCreatedFiscalMonth,varchar,No Change,,,
CoSell,vw_DimPartnerReferral,IsIPCoSellWithFY23Logic,varchar,No Change,,,
CoSell,vw_DimPartnerReferral,IsIPCoSellWithFY25Logic,varchar,No Change,,,
CoSell,vw_DimPartnerReferral,LeadNumber,varchar,No Change,,,
CoSell,vw_DimPartnerReferral,Marketplace Intent,varchar,No Change,,,
CoSell,vw_DimPartnerReferral,MarketplaceTransactionDateFiscalMonth,varchar,No Change,,,
CoSell,vw_DimPartnerReferral,MarketplaceTransactionDateFiscalQuarter,varchar,No Change,,,
CoSell,vw_DimPartnerReferral,MicrosoftIncentiveComments,varchar,No Change,,,
CoSell,vw_DimPartnerReferral,WonDate,date,No Change,,,
CoSell,vw_DimPartnerReferral,ModifiedDateFiscalMonthID,smallint,No Change,,,
CoSell,vw_DimPartnerReferral,ModifiedDateFiscalYear,varchar,No Change,,,
CoSell,vw_DimPartnerReferral,PartnerIDPartnerCenter,varchar,No Change,,,
CoSell,vw_DimPartnerReferral,MSXCRMAccountNumber,varchar,No Change,,,
CoSell,vw_DimPartnerReferral,GPSCRMPartnerID,varchar,No Change,,,
CoSell,vw_DimPartnerReferral,OpportunityOwner,varchar,No Change,,,
CoSell,vw_DimPartnerReferral,OwnerEmail,varchar,No Change,,,
CoSell,vw_DimPartnerReferral,PartnerAcceptanceStatus,varchar,No Change,,,
CoSell,vw_DimPartnerReferral,PartnerAcceptanceSubStatusPartnerCenter,varchar,No Change,,,
CoSell,vw_DimPartnerReferral,AccountID,varchar,No Change,,,
CoSell,vw_DimPartnerReferral,PartnerAccountName,varchar,No Change,,,
CoSell,vw_DimPartnerReferral,ContractSignedDateTime,varchar,No Change,,,
CoSell,vw_DimPartnerReferral,PartnerDealApprovalDateFiscalMonth,varchar,No Change,,,
CoSell,vw_DimPartnerReferral,PartnerDealApprovalDateFiscalQuarter,varchar,No Change,,,
CoSell,vw_DimPartnerReferral,PartnerDealDirection,varchar,No Change,,,
CoSell,vw_DimPartnerReferral,PartnerDealID,varchar,No Change,,,
CoSell,vw_DimPartnerReferral,PartnerDealAcceptedDateFiscalMonth,varchar,No Change,,,
CoSell,vw_DimPartnerReferral,PartnerDealAcceptedDateFiscalQuarter,varchar,No Change,,,
CoSell,vw_DimPartnerReferral,RegistrationDate,date,No Change,,,
CoSell,vw_DimPartnerReferral,PartnerDealRegistrationDateFiscalMonthID,smallint,No Change,,,
CoSell,vw_DimPartnerReferral,PartnerDealRegistrationDateFiscalYear,varchar,No Change,,,
CoSell,vw_DimPartnerReferral,PartnerDealRejectedDateFiscalMonth,varchar,No Change,,,
CoSell,vw_DimPartnerReferral,PartnerDealRejectedDateFiscalQuarter,varchar,No Change,,,
CoSell,vw_DimPartnerReferral,PartnerDealWonDateFiscalMonth,varchar,No Change,,,
CoSell,vw_DimPartnerReferral,PartnerDealWonDateFiscalQuarter,varchar,No Change,,,
CoSell,vw_DimPartnerReferral,PartnerDealRevenueSize,varchar,No Change,,,
CoSell,vw_DimPartnerReferral,PartnerNotes,varchar,No Change,,,
CoSell,vw_DimPartnerReferral,PartnerProgram,varchar,No Change,,,
CoSell,vw_DimPartnerReferral,PartnerSalesRepEmail,varchar,No Change,,,
CoSell,vw_DimPartnerReferral,PostalCodePartnerCenter,varchar,No Change,,,
CoSell,vw_DimPartnerReferral,EngagementID,varchar,No Change,,,
CoSell,vw_DimPartnerReferral,RangeofCreatedtoApproved,varchar,No Change,,,
CoSell,vw_DimPartnerReferral,Recommendation(PSC),varchar,No Change,,,
CoSell,vw_DimPartnerReferral,ReferralProgram,varchar,No Change,,,
CoSell,vw_DimPartnerReferral,ReferralMicrosoftStatusPartnerCenter,varchar,No Change,,,
CoSell,vw_DimPartnerReferral,ReferralMicrosoftSubStatusPartnerCenter,varchar,No Change,,,
CoSell,vw_DimPartnerReferral,ReferralSubType,varchar,No Change,,,
CoSell,vw_DimPartnerReferral,RegistrationStatus,varchar,No Change,,,
CoSell,vw_DimPartnerReferral,ResponseRequestedBy,date,No Change,,,
CoSell,vw_DimPartnerReferral,ServiceDescription,varchar,No Change,,,
CoSell,vw_DimPartnerReferral,StatePartnerCenter,varchar,No Change,,,
CoSell,vw_DimPartnerReferral,StatusComments,varchar,No Change,,,
CoSell,vw_DimPartnerReferral,TagsPartnerCenter,varchar,No Change,,,
CoSell,vw_DimPartnerReferral,ReferralQualification,varchar,No Change,,,
CoSell,vw_DimProject,,,New Column,vw_DimProject,Conversation,
CoSell,vw_DimProject,EDLPExtractId,varchar,No Change,,,
CoSell,vw_DimProject,CreatedByName,varchar,No Change,,,
CoSell,vw_DimProject,CreatedOn,datetime2,No Change,,,
CoSell,vw_DimProject,CreatedOnBehalfByName,varchar,No Change,,,
CoSell,vw_DimProject,ExchangeRate,decimal,No Change,,,
CoSell,vw_DimProject,BusinessObjectiveName,varchar,No Change,,,
CoSell,vw_DimProject,Industry,varchar,No Change,,,
CoSell,vw_DimProject,PMXName,varchar,No Change,,,
CoSell,vw_DimProject,Objective,varchar,No Change,,,
CoSell,vw_DimProject,PartnerAccountName,varchar,No Change,,,
CoSell,vw_DimProject,ProjectId,varchar,No Change,,,
CoSell,vw_DimProject,ProjectTeamContact,varchar,No Change,,,
CoSell,vw_DimProject,SelectedRecords,varchar,No Change,,,
CoSell,vw_DimProject,ImportSequenceNumber,decimal,No Change,,,
CoSell,vw_DimProject,ModifiedByName,varchar,No Change,,,
CoSell,vw_DimProject,ModifiedOn,datetime2,No Change,,,
CoSell,vw_DimProject,ModifiedOnBehalfByName,varchar,No Change,,,
CoSell,vw_DimProject,OverriddenCreatedOn,datetime2,No Change,,,
CoSell,vw_DimProject,OwningBusinessUnitName,varchar,No Change,,,
CoSell,vw_DimProject,OwningUser,varchar,No Change,,,
CoSell,vw_DimProject,StatusCode,varchar,No Change,,,
CoSell,vw_DimProject,TransactionCurrencyId,varchar,No Change,,,
CoSell,vw_DimProject,EDLPExtractDateTime,datetime2,No Change,,,
CoSell,vw_DimReportingPartnerOneSub,IsStrategicRecruitISV,varchar,Deprecate,,,
CoSell,vw_DimReportingPartnerOneSub,IsStrategicRecruitISV_Order,int,Deprecate,,,
CoSell,vw_DimReportingPartnerOneSub,IsEnterpriseSI,varchar,Deprecate,,,
CoSell,vw_DimReportingPartnerOneSub,IsEnterpriseSI_Order,int,Deprecate,,,
CoSell,vw_DimReportingPartnerOneSub,IsRecruitServices,varchar,Deprecate,,,
CoSell,vw_DimReportingPartnerOneSub,IsRecruitServices_Order,int,Deprecate,,,
CoSell,vw_DimReportingPartnerOneSub,IsSMCSI,varchar,Deprecate,,,
CoSell,vw_DimReportingPartnerOneSub,IsSMCSI_Order,int,Deprecate,,,
CoSell,vw_DimReportingPartnerOneSub,IsSMCSIAzurePartners,varchar,Deprecate,,,
CoSell,vw_DimReportingPartnerOneSub,IsSMCSIAzurePartners_Order,int,Deprecate,,,
CoSell,vw_DimReportingPartnerOneSub,IsSMCSIMWSPartners,varchar,Deprecate,,,
CoSell,vw_DimReportingPartnerOneSub,IsSMCSIMWSPartners_Order,int,Deprecate,,,
CoSell,vw_DimReportingPartnerOneSub,IsSMCSIBizAppsPartners,varchar,Deprecate,,,
CoSell,vw_DimReportingPartnerOneSub,IsSMCSIBizAppsPartners_Order,int,Deprecate,,,
CoSell,vw_DimReportingPartnerOneSub,IsSMCSIBPGIPartners,varchar,Deprecate,,,
CoSell,vw_DimReportingPartnerOneSub,IsSMCSIBPGIPartners_Order,int,Deprecate,,,
CoSell,vw_DimReportingPartnerOneSub,IsHyperscaler,varchar,Deprecate,,,
CoSell,vw_DimReportingPartnerOneSub,IsHyperscaler_Order,int,Deprecate,,,
CoSell,vw_DimReportingPartnerOneSub,IsArea,varchar,Deprecate,,,
CoSell,vw_DimReportingPartnerOneSub,IsArea_Order,int,Deprecate,,,
CoSell,vw_DimReportingPartnerOneSub,IsAreaDownstreamManaged,varchar,Deprecate,,,
CoSell,vw_DimReportingPartnerOneSub,IsAreaDownstreamManaged_Order,int,Deprecate,,,
CoSell,vw_DimReportingPartnerOneSub,IsDigitalNative,varchar,Deprecate,,,
CoSell,vw_DimReportingPartnerOneSub,IsDigitalNative_Order,int,Deprecate,,,
CoSell,vw_DimReportingPartnerOneSub,IsBPGI,varchar,Deprecate,,,
CoSell,vw_DimReportingPartnerOneSub,IsBPGI_Order,int,Deprecate,,,
CoSell,vw_DimRevSumDivision,RevSumDivisionKey,bigint,No Change,,,
CoSell,vw_DimRevSumDivision,ReportingSummaryRevSumDivisionName,varchar,No Change,,,
CoSell,vw_DimRevSumDivision,RevSumDivisionName,varchar,No Change,,,
CoSell,vw_DimRevSumDivision,RevSumDivisionID,int,No Change,,,
CoSell,vw_DimRevSumDivision,E5RSD,varchar,No Change,,,
CoSell,vw_DimRevSumDivision,RevSumCategory,varchar,No Change,,,
CoSell,vw_DimRevSumDivision,RevSumCategoryID,int,No Change,,,
CoSell,vw_DimRevSumDivision,SuperRevSumDivisionName,varchar,No Change,,,
CoSell,vw_DimSalesProgram,SalesProgramKey,bigint,No Change,,,
CoSell,vw_DimSalesProgram,OwnerName,varchar,No Change,,,
CoSell,vw_DimSalesProgram,ProgramSubType,varchar,No Change,,,
CoSell,vw_DimSalesProgram,SalesProgramEndDate,datetime2,No Change,,,
CoSell,vw_DimSalesProgram,SalesProgramEndFiscalMonthID,smallint,No Change,,,
CoSell,vw_DimSalesProgram,SalesProgramEndFiscalYear,varchar,No Change,,,
CoSell,vw_DimSalesProgram,SalesProgramStartFiscalMonth,varchar,No Change,,,
CoSell,vw_DimSalesProgram,SalesProgramStartFiscalQuarter,varchar,No Change,,,
CoSell,vw_DimSalesProgram,SalesProgramURL,varchar,No Change,,,
CoSell,vw_DimSalesProgram,Level,varchar,No Change,,,
CoSell,vw_DimSalesProgram,ProgramName,varchar,No Change,,,
CoSell,vw_DimSalesProgram,ProgramType,varchar,No Change,,,
CoSell,vw_DimSalesProgram,SalesProgramEndFiscalMonth,varchar,No Change,,,
CoSell,vw_DimSalesProgram,SalesProgramEndFiscalQuarter,varchar,No Change,,,
CoSell,vw_DimSalesProgram,SalesProgramStartDate,datetime2,No Change,,,
CoSell,vw_DimSalesProgram,SalesProgramStartFiscalMonthID,smallint,No Change,,,
CoSell,vw_DimSalesProgram,SalesProgramStartFiscalYear,varchar,No Change,,,
CoSell,vw_DimSalesProgram,IsPriorityScenario,varchar,No Change,,,
CoSell,vw_DimScorecardRecognitionTime,ScorecardRecognitionKey,int,No Change,,,
CoSell,vw_DimScorecardRecognitionTime,ScorecardRecognitionQuarter,varchar,No Change,,,
CoSell,vw_DimScorecardRecognitionTime,ScorecardRecognitionMonth,varchar,No Change,,,
CoSell,vw_DimScorecardRecognitionTime,ScorecardRecognitionYear,varchar,No Change,,,
CoSell,vw_DimSellerCoSellIncentive,SellerCoSellIncentiveName,varchar,No Change,,,
CoSell,vw_DimSellerCoSellIncentive,SellerCoSellIncentiveKey,int,No Change,,,
CoSell,vw_DimSellerCoSellIncentive,ClassifiedSellerCoSellIncentives,varchar,No Change,,,
CoSell,vw_DimSellInCountry,SellInCountryKey,int,No Change,,,
CoSell,vw_DimSellInCountry,SellInCountryID,varchar,No Change,,,
CoSell,vw_DimSellInCountry,SellInCountry,varchar,No Change,,,
CoSell,vw_DimServiceCompGrouping,ServiceCompGroupingKey,int,No Change,,,
CoSell,vw_DimServiceCompGrouping,ServiceCompGroupName,varchar,No Change,,,
CoSell,vw_DimSolutionArea,,,New Column,vw_DimSolutionArea,Conversation,
CoSell,vw_DimSolutionArea,SolutionAreaSKID,bigint,No Change,,,
CoSell,vw_DimSolutionArea,SolutionArea,varchar,No Change,,,
CoSell,vw_DimSolutionAreaOppty,,,New Column,vw_DimSolutionAreaOppty,Conversation,
CoSell,vw_DimSolutionAreaOppty,SolutionArea,varchar,No Change,,,
CoSell,vw_DimSolutionAreaOppty,Workload,varchar,No Change,,,
CoSell,vw_DimSolutionAreaOppty,RevSumDivision,varchar,No Change,,,
CoSell,vw_DimSolutionAreaOppty,OpptySolutionAreaKey,bigint,No Change,,,
CoSell,vw_DimSolutionAreaOppty,RevSumCategory,varchar,No Change,,,
CoSell,vw_DimTask,CreatedBy,varchar,No Change,,,
CoSell,vw_DimTask,CreatedByYomiName,varchar,No Change,,,
CoSell,vw_DimTask,CreatedOnBehalfBy,varchar,No Change,,,
CoSell,vw_DimTask,CreatedOnBehalfByYomiName,varchar,No Change,,,
CoSell,vw_DimTask,AssignToName,varchar,No Change,,,
CoSell,vw_DimTask,AttachmentName,varchar,No Change,,,
CoSell,vw_DimTask,Deliverable,varchar,No Change,,,
CoSell,vw_DimTask,DueDate,datetime2,No Change,,,
CoSell,vw_DimTask,Priority,varchar,No Change,,,
CoSell,vw_DimTask,Project,varchar,No Change,,,
CoSell,vw_DimTask,StartDate,datetime2,No Change,,,
CoSell,vw_DimTask,PartnerAccount,varchar,No Change,,,
CoSell,vw_DimTask,SolutionArea,varchar,No Change,,,
CoSell,vw_DimTask,ImportSequenceNumber,decimal,No Change,,,
CoSell,vw_DimTask,ModifiedByName,varchar,No Change,,,
CoSell,vw_DimTask,ModifiedOn,datetime2,No Change,,,
CoSell,vw_DimTask,ModifiedOnBehalfByName,varchar,No Change,,,
CoSell,vw_DimTask,OverriddenCreatedOn,datetime2,No Change,,,
CoSell,vw_DimTask,OwnerIdName,varchar,No Change,,,
CoSell,vw_DimTask,OwnerIdYomiName,varchar,No Change,,,
CoSell,vw_DimTask,OwningBusinessUnitName,varchar,No Change,,,
CoSell,vw_DimTask,OwningUser,varchar,No Change,,,
CoSell,vw_DimTask,StatusCode,varchar,No Change,,,
CoSell,vw_DimTask,UTCConversionTimeZoneCode,decimal,No Change,,,
CoSell,vw_DimTask,EDLPExtractDateTime,datetime2,No Change,,,
CoSell,vw_DimTask,EDLPModifiedDateTime,datetime2,No Change,,,
CoSell,vw_DimTask,EDLPExtractId,varchar,No Change,,,
CoSell,vw_DimTask,CreatedByName,varchar,No Change,,,
CoSell,vw_DimTask,CreatedOn,datetime2,No Change,,,
CoSell,vw_DimTask,CreatedOnBehalfByName,varchar,No Change,,,
CoSell,vw_DimTask,AssignTo,varchar,No Change,,,
CoSell,vw_DimTask,AssignToYomiName,varchar,No Change,,,
CoSell,vw_DimTask,Comments,varchar,No Change,,,
CoSell,vw_DimTask,DeliverableName,varchar,No Change,,,
CoSell,vw_DimTask,PMXName,varchar,No Change,,,
CoSell,vw_DimTask,ProgressState,varchar,No Change,,,
CoSell,vw_DimTask,ProjectName,varchar,No Change,,,
CoSell,vw_DimTask,TaskId,varchar,No Change,,,
CoSell,vw_DimTask,PartnerAccountName,varchar,No Change,,,
CoSell,vw_DimTask,SpentHours,varchar,No Change,,,
CoSell,vw_DimTask,ModifiedBy,varchar,No Change,,,
CoSell,vw_DimTask,ModifiedByYomiName,varchar,No Change,,,
CoSell,vw_DimTask,ModifiedOnBehalfBy,varchar,No Change,,,
CoSell,vw_DimTask,ModifiedOnBehalfByYomiName,varchar,No Change,,,
CoSell,vw_DimTask,ownerId,varchar,No Change,,,
CoSell,vw_DimTask,OwnerIdType,varchar,No Change,,,
CoSell,vw_DimTask,OwningBusinessUnit,varchar,No Change,,,
CoSell,vw_DimTask,OwningTeam,varchar,No Change,,,
CoSell,vw_DimTask,StateCode,varchar,No Change,,,
CoSell,vw_DimTask,TimeZoneRuleVersionNumber,decimal,No Change,,,
CoSell,vw_DimTask,VersionNumber,varchar,No Change,,,
CoSell,vw_DimTask,EDLPLoadTS,varchar,No Change,,,
CoSell,vw_DimTask,EDLPDeltaActionCode,varchar,No Change,,,
CoSell,vw_DimTopTierMonthlyStatus,PartnerOneID,varchar,No Change,,,
CoSell,vw_DimTopTierMonthlyStatus,MarketplaceTransitionPartners,varchar,No Change,,,
CoSell,vw_DimTopTierMonthlyStatus,FiscalYear,varchar,No Change,,,
CoSell,vw_DimTopTierMonthlyStatus,MonthKey,int,No Change,,,
CoSell,vw_DimTopTierMonthlyStatus,StartDate,varchar,No Change,,,
CoSell,vw_DimTopTierMonthlyStatus,FiscalQuarterName,varchar,No Change,,,
CoSell,vw_DimTopTierMonthlyStatus,FiscalYearMonthName,varchar,No Change,,,
CoSell,vw_Fact_AzureConsumedRevenuePipeline,ATUKey,int,No Change,,,
CoSell,vw_Fact_AzureConsumedRevenuePipeline,CustomerGeographyKey,bigint,No Change,,,
CoSell,vw_Fact_AzureConsumedRevenuePipeline,CustomerSegmentKey,bigint,No Change,,,
CoSell,vw_Fact_AzureConsumedRevenuePipeline,EngagementMilestoneKey,bigint,No Change,,,
CoSell,vw_Fact_AzureConsumedRevenuePipeline,EstimatedDateKey,int,No Change,,,
CoSell,vw_Fact_AzureConsumedRevenuePipeline,MSXWorkloadKey,int,No Change,,,
CoSell,vw_Fact_AzureConsumedRevenuePipeline,LeadKey,bigint,No Change,,,
CoSell,vw_Fact_AzureConsumedRevenuePipeline,OpportunityKey,bigint,No Change,,,
CoSell,vw_Fact_AzureConsumedRevenuePipeline,PartnerNumber,varchar,No Change,,,
CoSell,vw_Fact_AzureConsumedRevenuePipeline,PartnerNumberKey,int,No Change,,,
CoSell,vw_Fact_AzureConsumedRevenuePipeline,PartnerOneKey,int,No Change,,,
CoSell,vw_Fact_AzureConsumedRevenuePipeline,PartnerOneReportingKey,bigint,No Change,,,
CoSell,vw_Fact_AzureConsumedRevenuePipeline,ReportingGeographyKey,int,No Change,,,
CoSell,vw_Fact_AzureConsumedRevenuePipeline,PartnerGeographyKey,int,No Change,,,
CoSell,vw_Fact_AzureConsumedRevenuePipeline,TPAccountKey,bigint,No Change,,,
CoSell,vw_Fact_AzureConsumedRevenuePipeline,EstimatedMonthlyUsage,float,No Change,,,
CoSell,vw_Fact_AzureConsumedRevenuePipeline,SharingTypeKey,int,No Change,,,
CoSell,vw_Fact_AzureConsumedRevenuePipeline,IsMultiPartner,varchar,No Change,,,
CoSell,vw_Fact_CRMPartner,CRMPartnerAccountKey,varchar,No Change,,,
CoSell,vw_Fact_CRMPartner,PartnerOneKey,int,No Change,,,
CoSell,vw_Fact_CRMPartner,PartnerOneReportingKey,bigint,No Change,,,
CoSell,vw_Fact_CRMPartner,ReportingGeographyKey,int,No Change,,,
CoSell,vw_Fact_CRMPartner,GeographyKey,int,No Change,,,
CoSell,vw_Fact_CSPSolutionBilledOpportunity,AccountTeamUnitKey,int,No Change,,,
CoSell,vw_Fact_CSPSolutionBilledOpportunity,CapacityGeographyKey,bigint,No Change,,,
CoSell,vw_Fact_CSPSolutionBilledOpportunity,CRMPartnerAccountKey,varchar,No Change,,,
CoSell,vw_Fact_CSPSolutionBilledOpportunity,CustomerGeographyKey,bigint,No Change,,,
CoSell,vw_Fact_CSPSolutionBilledOpportunity,CustomerSegmentKey,bigint,No Change,,,
CoSell,vw_Fact_CSPSolutionBilledOpportunity,MSXRevSumDivisionKey,int,No Change,,,
CoSell,vw_Fact_CSPSolutionBilledOpportunity,OpportunityKey,bigint,No Change,,,
CoSell,vw_Fact_CSPSolutionBilledOpportunity,PartnerDealKey,bigint,No Change,,,
CoSell,vw_Fact_CSPSolutionBilledOpportunity,PartnerOneKey,int,No Change,,,
CoSell,vw_Fact_CSPSolutionBilledOpportunity,ProductKey,bigint,No Change,,,
CoSell,vw_Fact_CSPSolutionBilledOpportunity,RevSumDivisionKey,bigint,No Change,,,
CoSell,vw_Fact_CSPSolutionBilledOpportunity,SolutionKey,bigint,No Change,,,
CoSell,vw_Fact_CSPSolutionBilledOpportunity,TPAccountKey,bigint,No Change,,,
CoSell,vw_Fact_CSPSolutionBilledOpportunity,IndustryKey,bigint,No Change,,,
CoSell,vw_Fact_CSPSolutionBilledOpportunity,IsCloudSolutionProviderSolutionAttached,int,No Change,,,
CoSell,vw_Fact_CSPSolutionBilledOpportunity,GPSCRMSolutionID,varchar,No Change,,,
CoSell,vw_Fact_CSPSolutionBilledOpportunity,OpportunityDueDateKey,int,No Change,,,
CoSell,vw_Fact_CSPSolutionBilledOpportunity,OpportunityRevenue,decimal,No Change,,,
CoSell,vw_Fact_CSPSolutionBilledOpportunity,SolutionAreaKey,bigint,No Change,,,
CoSell,vw_Fact_CSPSolutionBilledOpportunity,SellerCoSellIncentiveKey,int,No Change,,,
CoSell,vw_Fact_CSPSolutionBilledOpportunity,CustomerAccountLifeCyclePartnerOneGPSCRMID,varchar,No Change,,,
CoSell,vw_Fact_CSPSolutionConsumptionOpportunity,AccountTeamUnitKey,int,No Change,,,
CoSell,vw_Fact_CSPSolutionConsumptionOpportunity,CapacityGeographyKey,bigint,No Change,,,
CoSell,vw_Fact_CSPSolutionConsumptionOpportunity,CRMPartnerAccountKey,varchar,No Change,,,
CoSell,vw_Fact_CSPSolutionConsumptionOpportunity,CustomerGeographyKey,bigint,No Change,,,
CoSell,vw_Fact_CSPSolutionConsumptionOpportunity,CustomerSegmentKey,bigint,No Change,,,
CoSell,vw_Fact_CSPSolutionConsumptionOpportunity,OpportunityKey,bigint,No Change,,,
CoSell,vw_Fact_CSPSolutionConsumptionOpportunity,EngagementMilestoneKey,bigint,No Change,,,
CoSell,vw_Fact_CSPSolutionConsumptionOpportunity,MSXWorkloadKey,int,No Change,,,
CoSell,vw_Fact_CSPSolutionConsumptionOpportunity,PartnerDealKey,bigint,No Change,,,
CoSell,vw_Fact_CSPSolutionConsumptionOpportunity,PartnerOneKey,int,No Change,,,
CoSell,vw_Fact_CSPSolutionConsumptionOpportunity,SolutionKey,bigint,No Change,,,
CoSell,vw_Fact_CSPSolutionConsumptionOpportunity,TPAccountKey,bigint,No Change,,,
CoSell,vw_Fact_CSPSolutionConsumptionOpportunity,EstimatedCompletionDateKey,int,No Change,,,
CoSell,vw_Fact_CSPSolutionConsumptionOpportunity,EstNoOfActivations_ModernWork,int,No Change,,,
CoSell,vw_Fact_CSPSolutionConsumptionOpportunity,EstimatedMonthlyUsage,decimal,No Change,,,
CoSell,vw_Fact_CSPSolutionConsumptionOpportunity,EstimatedAnnualUsageMilestone,float,No Change,,,
CoSell,vw_Fact_CSPSolutionConsumptionOpportunity,IndustryKey,bigint,No Change,,,
CoSell,vw_Fact_CSPSolutionConsumptionOpportunity,IsCloudSolutionProviderSolutionAttached,int,No Change,,,
CoSell,vw_Fact_CSPSolutionConsumptionOpportunity,GPSCRMSolutionID,varchar,No Change,,,
CoSell,vw_Fact_CSPSolutionConsumptionOpportunity,SellerCoSellIncentiveKey,int,No Change,,,
CoSell,vw_Fact_CSPSolutionConsumptionOpportunity,SolutionAreaKey,bigint,No Change,,,
CoSell,vw_Fact_CSPSolutionConsumptionOpportunity,CustomerAccountLifeCyclePartnerOneGPSCRMID,varchar,No Change,,,
CoSell,vw_Fact_CSPSolutionPartnerDeal,PartnerDealCloudSolutionProviderSolutionAttachedKey,varchar,No Change,,,
CoSell,vw_Fact_CSPSolutionPartnerDeal,PartnerDealKey,bigint,No Change,,,
CoSell,vw_Fact_CSPSolutionPartnerDeal,PSXDealID,varchar,No Change,,,
CoSell,vw_Fact_CSPSolutionPartnerDeal,PartnerRevenueCD,int,No Change,,,
CoSell,vw_Fact_CSPSolutionPartnerDeal,AzurePartnerReportedACR,decimal,No Change,,,
CoSell,vw_Fact_CSPSolutionPartnerDeal,IPCoSellDealReg_Azure,float,No Change,,,
CoSell,vw_Fact_CSPSolutionPartnerDeal,DealSourceType,varchar,No Change,,,
CoSell,vw_Fact_CSPSolutionPartnerDeal,ApprovalDateKey,int,No Change,,,
CoSell,vw_Fact_CSPSolutionPartnerDeal,ApprovalandReportedDateKey,int,No Change,,,
CoSell,vw_Fact_CSPSolutionPartnerDeal,CRMPartnerAccountKey,varchar,No Change,,,
CoSell,vw_Fact_CSPSolutionPartnerDeal,CustomerSegmentKey,bigint,No Change,,,
CoSell,vw_Fact_CSPSolutionPartnerDeal,TPAccountKey,bigint,No Change,,,
CoSell,vw_Fact_CSPSolutionPartnerDeal,CustomerGeographyKey,bigint,No Change,,,
CoSell,vw_Fact_CSPSolutionPartnerDeal,OpportunityKey,bigint,No Change,,,
CoSell,vw_Fact_CSPSolutionPartnerDeal,AccountTeamUnitKey,int,No Change,,,
CoSell,vw_Fact_CSPSolutionPartnerDeal,SolutionKey,bigint,No Change,,,
CoSell,vw_Fact_CSPSolutionPartnerDeal,GPSCRMSolutionID,varchar,No Change,,,
CoSell,vw_Fact_CSPSolutionPartnerDeal,PartnerOneKey,int,No Change,,,
CoSell,vw_Fact_CSPSolutionPartnerDeal,SolutionAreaKey,bigint,No Change,,,
CoSell,vw_Fact_CSPSolutionPartnerDeal,ServiceCompGroupingKey,int,No Change,,,
CoSell,vw_Fact_CSPSolutionPartnerDeal,SellerCoSellIncentiveKey,int,No Change,,,
CoSell,vw_Fact_CSPSolutionPartnerDeal,IndustryKey,bigint,No Change,,,
CoSell,vw_Fact_CSPSolutionPartnerDeal,CapacityGeographyKey,bigint,No Change,,,
CoSell,vw_Fact_CSPSolutionPartnerDeal,IsPartnerReportedAzureConsumptionRevenue,varchar,No Change,,,
CoSell,vw_Fact_CSPSolutionPartnerDeal,IsSolutionAttached,int,No Change,,,
CoSell,vw_Fact_CSPSolutionPartnerDeal,IsSolutionAttached_Opportunity,int,No Change,,,
CoSell,vw_Fact_CSPSolutionPartnerDeal,IsSolutionAttached_Deal,int,No Change,,,
CoSell,vw_Fact_CSPSolutionPartnerDeal,CustomerAccountLifeCyclePartnerOneGPSCRMID,varchar,No Change,,,
CoSell,vw_Fact_ISVConnect,SellerKey,int,No Change,,,
CoSell,vw_Fact_ISVConnect,AppKey,int,No Change,,,
CoSell,vw_Fact_ISVConnect,PartnerKey,int,No Change,,,
CoSell,vw_Fact_ISVConnect,PartnerOneReportingKey,bigint,No Change,,,
CoSell,vw_Fact_ISVConnect,PartnerGeographyKey,bigint,No Change,,,
CoSell,vw_Fact_ISVConnect,StatusDateKey,bigint,No Change,,,
CoSell,vw_Fact_ISVConnect,SolutionKey,bigint,No Change,,,
CoSell,vw_Fact_ISVConnect,SolutionAreaKey,bigint,No Change,,,
CoSell,vw_Fact_ISVConnect,IndustryKey,bigint,No Change,,,
CoSell,vw_Fact_Lead,AccountTeamUnitKey,int,No Change,,,
CoSell,vw_Fact_Lead,CustomerGeographyKey,bigint,No Change,,,
CoSell,vw_Fact_Lead,CustomerSegmentKey,bigint,No Change,,,
CoSell,vw_Fact_Lead,LeadKey,bigint,No Change,,,
CoSell,vw_Fact_Lead,TPAccountKey,bigint,No Change,,,
CoSell,vw_Fact_Lead,ConvertedLead,bigint,No Change,,,
CoSell,vw_Fact_Lead,CreatedDateKey,int,No Change,,,
CoSell,vw_Fact_Lead,PartnerOneReportingKey,bigint,No Change,,,
CoSell,vw_Fact_Lead,ReportingGeographyKey,int,No Change,,,
CoSell,vw_Fact_Lead,LeadEstimatedCloseDateKey,int,No Change,,,
CoSell,vw_Fact_Lead,LeadRevenue,decimal,No Change,,,
CoSell,vw_Fact_OpptyPartnerAttachAndSolutionAttach,AccountTeamUnitKey,int,No Change,,,
CoSell,vw_Fact_OpptyPartnerAttachAndSolutionAttach,CapacityGeographyKey,bigint,No Change,,,
CoSell,vw_Fact_OpptyPartnerAttachAndSolutionAttach,CRMPartnerAccountKey,varchar,No Change,,,
CoSell,vw_Fact_OpptyPartnerAttachAndSolutionAttach,CustomerGeographyKey,bigint,No Change,,,
CoSell,vw_Fact_OpptyPartnerAttachAndSolutionAttach,CustomerSegmentKey,bigint,No Change,,,
CoSell,vw_Fact_OpptyPartnerAttachAndSolutionAttach,DateKey,int,No Change,,,
CoSell,vw_Fact_OpptyPartnerAttachAndSolutionAttach,EngagementMileStoneKey,bigint,No Change,,,
CoSell,vw_Fact_OpptyPartnerAttachAndSolutionAttach,IndustryKey,bigint,No Change,,,
CoSell,vw_Fact_OpptyPartnerAttachAndSolutionAttach,MSXRevSumDivisionKey,int,No Change,,,
CoSell,vw_Fact_OpptyPartnerAttachAndSolutionAttach,MSXWorkloadKey,int,No Change,,,
CoSell,vw_Fact_OpptyPartnerAttachAndSolutionAttach,OpportunityKey,bigint,No Change,,,
CoSell,vw_Fact_OpptyPartnerAttachAndSolutionAttach,PartnerDealKey,bigint,No Change,,,
CoSell,vw_Fact_OpptyPartnerAttachAndSolutionAttach,PartnerOneKey,int,No Change,,,
CoSell,vw_Fact_OpptyPartnerAttachAndSolutionAttach,PartnerGeographyKey,int,No Change,,,
CoSell,vw_Fact_OpptyPartnerAttachAndSolutionAttach,ProductKey,bigint,No Change,,,
CoSell,vw_Fact_OpptyPartnerAttachAndSolutionAttach,RevSumDivisionKey,bigint,No Change,,,
CoSell,vw_Fact_OpptyPartnerAttachAndSolutionAttach,SolutionAreaKey,bigint,No Change,,,
CoSell,vw_Fact_OpptyPartnerAttachAndSolutionAttach,SolutionKey,bigint,No Change,,,
CoSell,vw_Fact_OpptyPartnerAttachAndSolutionAttach,TPAccountKey,bigint,No Change,,,
CoSell,vw_Fact_OpptyPartnerAttachAndSolutionAttach,IsConsumptionStatusInProgress,int,No Change,,,
CoSell,vw_Fact_OpptyPartnerAttachAndSolutionAttach,IsOpportunityWithPartnerDeal,varchar,No Change,,,
CoSell,vw_Fact_OpptyPartnerAttachAndSolutionAttach,IsPartnerAttach,int,No Change,,,
CoSell,vw_Fact_OpptyPartnerAttachAndSolutionAttach,IsBilledConsumptionQualifiedPipeline,varchar,No Change,,,
CoSell,vw_Fact_OpptyPartnerAttachAndSolutionAttach,IsSolutionAttach,int,No Change,,,
CoSell,vw_Fact_OpptyPartnerAttachAndSolutionAttach,IsReportingSalesStage3EmpowerAndAchieveOrLater,int,No Change,,,
CoSell,vw_Fact_OpptyPartnerAttachAndSolutionAttach,Type,varchar,No Change,,,
CoSell,vw_Fact_OpptyPartnerAttachAndSolutionAttach,SharingTypeKey,int,No Change,,,
CoSell,vw_Fact_OpptyPartnerAttachAndSolutionAttach,IsMultiPartner,varchar,No Change,,,
CoSell,vw_Fact_PartnerDealPartnerAttachAndSolutionAttach,AccountTeamUnitKey,int,No Change,,,
CoSell,vw_Fact_PartnerDealPartnerAttachAndSolutionAttach,CRMPartnerAccountKey,varchar,No Change,,,
CoSell,vw_Fact_PartnerDealPartnerAttachAndSolutionAttach,CapacityGeographyKey,bigint,No Change,,,
CoSell,vw_Fact_PartnerDealPartnerAttachAndSolutionAttach,CustomerGeographyKey,bigint,No Change,,,
CoSell,vw_Fact_PartnerDealPartnerAttachAndSolutionAttach,CustomerSegmentKey,bigint,No Change,,,
CoSell,vw_Fact_PartnerDealPartnerAttachAndSolutionAttach,DateKey,int,No Change,,,
CoSell,vw_Fact_PartnerDealPartnerAttachAndSolutionAttach,EngagementMilestoneKey,bigint,No Change,,,
CoSell,vw_Fact_PartnerDealPartnerAttachAndSolutionAttach,IndustryKey,bigint,No Change,,,
CoSell,vw_Fact_PartnerDealPartnerAttachAndSolutionAttach,MSXRevSumDivisionKey,int,No Change,,,
CoSell,vw_Fact_PartnerDealPartnerAttachAndSolutionAttach,MSXWorkloadKey,int,No Change,,,
CoSell,vw_Fact_PartnerDealPartnerAttachAndSolutionAttach,OpportunityKey,bigint,No Change,,,
CoSell,vw_Fact_PartnerDealPartnerAttachAndSolutionAttach,PartnerDealKey,bigint,No Change,,,
CoSell,vw_Fact_PartnerDealPartnerAttachAndSolutionAttach,PartnerOneKey,int,No Change,,,
CoSell,vw_Fact_PartnerDealPartnerAttachAndSolutionAttach,ProductKey,bigint,No Change,,,
CoSell,vw_Fact_PartnerDealPartnerAttachAndSolutionAttach,RevSumDivisionKey,bigint,No Change,,,
CoSell,vw_Fact_PartnerDealPartnerAttachAndSolutionAttach,SolutionAreaKey,bigint,No Change,,,
CoSell,vw_Fact_PartnerDealPartnerAttachAndSolutionAttach,SolutionKey,bigint,No Change,,,
CoSell,vw_Fact_PartnerDealPartnerAttachAndSolutionAttach,TPAccountKey,bigint,No Change,,,
CoSell,vw_Fact_PartnerDealPartnerAttachAndSolutionAttach,IsPartnerAttach,int,No Change,,,
CoSell,vw_Fact_PartnerDealPartnerAttachAndSolutionAttach,IsOpportunityWithPartnerDeal,int,No Change,,,
CoSell,vw_Fact_PartnerDealPartnerAttachAndSolutionAttach,IsSolutionAreaM365D365OrAzure,int,No Change,,,
CoSell,vw_Fact_PartnerDealPartnerAttachAndSolutionAttach,IsWorkLoadTypeM365OrD365OrAzure,int,No Change,,,
CoSell,vw_Fact_PartnerDealPartnerAttachAndSolutionAttach,IsSolutionAttach,int,No Change,,,
CoSell,vw_Fact_PartnerDealPartnerAttachAndSolutionAttach,PartnerDealDirection,varchar,No Change,,,
CoSell,vw_Fact_PartnerDealPartnerAttachAndSolutionAttach,Type,varchar,No Change,,,
CoSell,vw_Fact_PartnerDealPartnerAttachAndSolutionAttach,CustomerAccountLifeCyclePartnerOneGPSCRMID,varchar,No Change,,,
CoSell,vw_Fact_PartnerDealPartnerAttachAndSolutionAttach,SharingTypeKey,int,No Change,,,
CoSell,vw_Fact_PartnerDealPartnerAttachAndSolutionAttach,IsMultiPartner,int,No Change,,,
CoSell,vw_Fact_PartnerSharing,OpportunityType,varchar,No Change,,,
CoSell,vw_Fact_PartnerSharing,OpportunityKey,bigint,No Change,,,
CoSell,vw_Fact_PartnerSharing,OpptyDueOREstimatedMilestoneDateKey,int,No Change,,,
CoSell,vw_Fact_PartnerSharing,OpptyActualClosedOREstimatedMilestoneDateKey,int,No Change,,,
CoSell,vw_Fact_PartnerSharing,TPAccountKey,bigint,No Change,,,
CoSell,vw_Fact_PartnerSharing,PartnerDealKey,bigint,No Change,,,
CoSell,vw_Fact_PartnerSharing,ReportingGeographyKey,int,No Change,,,
CoSell,vw_Fact_PartnerSharing,CustomerGeographyKey,bigint,No Change,,,
CoSell,vw_Fact_PartnerSharing,PartnerGeographyKey,int,No Change,,,
CoSell,vw_Fact_PartnerSharing,CustomerSegmentKey,bigint,No Change,,,
CoSell,vw_Fact_PartnerSharing,CRMPartnerAccountKey,varchar,No Change,,,
CoSell,vw_Fact_PartnerSharing,PartnerOneKey,int,No Change,,,
CoSell,vw_Fact_PartnerSharing,PartnerOneReportingKey,bigint,No Change,,,
CoSell,vw_Fact_PartnerSharing,ATUKey,int,No Change,,,
CoSell,vw_Fact_PartnerSharing,RevSumDivisionKey,bigint,No Change,,,
CoSell,vw_Fact_PartnerSharing,OpportunitySolutionAreaKey,bigint,No Change,,,
CoSell,vw_Fact_PartnerSharing,BilledOpptyRevenueORConsumptionOpptyEstimatedMonthlyUsage,decimal,No Change,,,
CoSell,vw_Fact_PartnerSharing,SharingTypeKey,int,No Change,,,
CoSell,vw_Fact_PartnerSharing,IsMultiPartner,varchar,No Change,,,
CoSell,vw_Fact_PartnerSharing,BilledConsumptionOpptyStatus,varchar,No Change,,,
CoSell,vw_Fact_PartnerSharing,IsCSEClosedCompleted,varchar,No Change,,,
CoSell,vw_Fact_PartnerSharing,IsCSEClosedCancelled,varchar,No Change,,,
CoSell,vw_Fact_PartnerSharing,EstNoOfActivations,int,No Change,,,
CoSell,vw_Fact_PartnerSharing,EngagementMilestoneKey,bigint,No Change,,,
CoSell,vw_Fact_PartnerSharing,Value,int,No Change,,,
CoSell,vw_Fact_PartnerSharing,Opportunity_CalculationKey,int,No Change,,,
CoSell,vw_Fact_PartnerSharing,PartnerSharing_PipelineNumerator,int,No Change,,,
CoSell,vw_Fact_PartnerSharing,PartnerSharing_PipelineDenominator,int,No Change,,,
CoSell,vw_Fact_PartnerSharing,PartnerSharing_WinsNumerator,int,No Change,,,
CoSell,vw_Fact_PartnerSharing,PartnerSharing_WinsDenominator,int,No Change,,,
CoSell,vw_Fact_PartnerSharing,PartnerSharingTypeKey,int,No Change,,,
CoSell,vw_Fact_PartnerSharing,MSXRevSumDivisionKey,int,No Change,,,
CoSell,vw_Fact_PartnerSharing,MSXWorkloadkey,int,No Change,,,
CoSell,vw_Fact_PartnerSharing,IsQualifiedPipe,bit,No Change,,,
CoSell,vw_Fact_PartnerSharing,IsAzureIPCosell,varchar,No Change,,,
CoSell,vw_Fact_PartnerSharing,IsMetricEligible,varchar,No Change,,,
CoSell,vw_Fact_PrioritizedOppty,Type,varchar,No Change,,,
CoSell,vw_Fact_PrioritizedOppty,OpportunityKey,bigint,No Change,,,
CoSell,vw_Fact_PrioritizedOppty,OpportunityDueOREstimatedMilestoneDateKey,int,No Change,,,
CoSell,vw_Fact_PrioritizedOppty,SolutionKey,bigint,No Change,,,
CoSell,vw_Fact_PrioritizedOppty,SolutionAreaKey,bigint,No Change,,,
CoSell,vw_Fact_PrioritizedOppty,IndustryKey,bigint,No Change,,,
CoSell,vw_Fact_PrioritizedOppty,PartnerOneKey,int,No Change,,,
CoSell,vw_Fact_PrioritizedOppty,PartnerOneReportingKey,bigint,No Change,,,
CoSell,vw_Fact_PrioritizedOppty,ReportingGeographyKey,int,No Change,,,
CoSell,vw_Fact_PrioritizedOppty,PartnerGeographyKey,int,No Change,,,
CoSell,vw_Fact_PrioritizedOppty,CRMPartnerAccountKey,varchar,No Change,,,
CoSell,vw_Fact_PrioritizedOppty,CapacityGeographyKey,bigint,No Change,,,
CoSell,vw_Fact_PrioritizedOppty,PartnerDealKey,bigint,No Change,,,
CoSell,vw_Fact_PrioritizedOppty,TPAccountKey,bigint,No Change,,,
CoSell,vw_Fact_PrioritizedOppty,CustomerSegmentKey,bigint,No Change,,,
CoSell,vw_Fact_PrioritizedOppty,CustomerGeographyKey,bigint,No Change,,,
CoSell,vw_Fact_PrioritizedOppty,AccountTeamUnitKey,int,No Change,,,
CoSell,vw_Fact_PrioritizedOppty,OpportunityRevenue,decimal,No Change,,,
CoSell,vw_Fact_PrioritizedOppty,EstimatedMonthlyUsage,decimal,No Change,,,
CoSell,vw_Fact_PrioritizedOppty,EstimatedNumberOfActivations,bigint,No Change,,,
CoSell,vw_Fact_PrioritizedOppty,IsOpportunityWithPartnerDeal,varchar,No Change,,,
CoSell,vw_Fact_PrioritizedOppty,EngagementMilestoneKey,bigint,No Change,,,
CoSell,vw_Fact_PrioritizedOppty,RevSumDivisionKey,bigint,No Change,,,
CoSell,vw_Fact_PrioritizedOppty,OpportunityCalculationKey,int,No Change,,,
CoSell,vw_Fact_PrioritizedOppty,OpportunitySolutionAreaKey,bigint,No Change,,,
CoSell,vw_Fact_PrioritizedOppty,Value,int,No Change,,,
CoSell,vw_Fact_PrioritizedOppty,SharingTypeKey,int,No Change,,,
CoSell,vw_Fact_PrioritizedOppty,IsMultiPartner,varchar,No Change,,,
CoSell,vw_Fact_SolutionCapacityGeography,SolutionKey,bigint,No Change,,,
CoSell,vw_Fact_SolutionCapacityGeography,SolutionAreaKey,bigint,No Change,,,
CoSell,vw_Fact_SolutionCapacityGeography,IndustryKey,bigint,No Change,,,
CoSell,vw_Fact_SolutionCapacityGeography,CreatedDateKey,varchar,No Change,,,
CoSell,vw_Fact_SolutionCapacityGeography,SellerCoSellIncentiveKey,int,No Change,,,
CoSell,vw_Fact_SolutionCapacityGeography,PartnerOneKey,int,No Change,,,
CoSell,vw_Fact_SolutionCapacityGeography,Calc_PartnerOneGPSCRMID,varchar,No Change,,,
CoSell,vw_Fact_SolutionCapacityGeography,PartnerOneKeyHavingAccountTag,int,No Change,,,
CoSell,vw_Fact_SolutionCapacityGeography,CoSellReadyDateKey,int,No Change,,,
CoSell,vw_Fact_SolutionCapacityGeography,CapacityGeographyKey,bigint,No Change,,,
CoSell,vw_Fact_SolutionCapacityGeography,SellInCountryCount,bigint,No Change,,,
CoSell,vw_Fact_SolutionCapacityGeography,SolutionEngagementPipelineKey,int,No Change,,,
CoSell,vw_Fact_SolutionCapacityGeography,Value,int,No Change,,,
CoSell,vw_Fact_SolutionPracticeIndustryCountry_Capacity,CapacityGeographyKey,bigint,No Change,,,
CoSell,vw_Fact_SolutionPracticeIndustryCountry_Capacity,IndustryKey,bigint,No Change,,,
CoSell,vw_Fact_SolutionPracticeIndustryCountry_Capacity,PartnerOneKey,int,No Change,,,
CoSell,vw_Fact_SolutionPracticeIndustryCountry_Capacity,SolutionKey,bigint,No Change,,,
CoSell,vw_Fact_SolutionPracticeIndustryCountry_Capacity,SolutionAreaKey,bigint,No Change,,,
CoSell,vw_Fact_SolutionPracticeIndustryCountry_Capacity,IsPrioritizedSolution,int,No Change,,,
CoSell,vw_Fact_SolutionPriorityScenarioIndustryCountrySnapshot,PartnerOneKey,int,No Change,,,
CoSell,vw_Fact_SolutionPriorityScenarioIndustryCountrySnapshot,SolutionKey,bigint,No Change,,,
CoSell,vw_Fact_SolutionPriorityScenarioIndustryCountrySnapshot,CapacityGeographyKey,bigint,No Change,,,
CoSell,vw_Fact_SolutionPriorityScenarioIndustryCountrySnapshot,SolutionAreaKey,bigint,No Change,,,
CoSell,vw_Fact_SolutionPriorityScenarioIndustryCountrySnapshot,IndustryKey,bigint,No Change,,,
CoSell,vw_Fact_SolutionPriorityScenarioIndustryCountrySnapshot,GTMReadinessKey,int,No Change,,,
CoSell,vw_Fact_SolutionPriorityScenarioIndustryCountrySnapshot,IsPrioritizedSolution,int,No Change,,,
CoSell,vw_Fact_SolutionPriorityScenarioIndustryCountrySnapshot,FiscalMonthID,int,No Change,,,
CoSell,vw_Fact_SolutionPriorityScenarioIndustryCountrySnapshot,DateKey,int,No Change,,,
CoSell,vw_Fact_SolutionPriorityScenarioIndustryCountrySnapshot,IsFiscalMonthEnd,int,No Change,,,
CoSell,vw_Fact_SolutionPriorityScenarioIndustryCountrySnapshot,CustomerAccountLifeCyclePartnerOneGPSCRMID,varchar,No Change,,,
CoSell,vw_FactAccount,AccountKey,int,No Change,,,
CoSell,vw_FactAccount,BusinessUnitKey,bigint,No Change,,,
CoSell,vw_FactAccount,PartnerOneKey,int,No Change,,,
CoSell,vw_FactAccount,PartnerGeographyKey,int,No Change,,,
CoSell,vw_FactAccount,ReportingGeographyKey,int,No Change,,,
CoSell,vw_FactAccount,AccountTagKey,bigint,No Change,,,
CoSell,vw_FactAccount,CapacityGeographyKey,bigint,No Change,,,
CoSell,vw_FactAccount,HasAlias,varchar,No Change,,,
CoSell,vw_FactAccount,PartnerOneReportingKey,bigint,No Change,,,
CoSell,vw_FactAHRFeedTable,PartnerOneSubID,varchar,No Change,,,
CoSell,vw_FactAHRFeedTable,ScorecardEligible,varchar,No Change,,,
CoSell,vw_FactAHRFeedTable,SubDistrict,varchar,No Change,,,
CoSell,vw_FactAHRFeedTable,Subsidiary,varchar,No Change,,,
CoSell,vw_FactAHRFeedTable,TPAccountName,varchar,No Change,,,
CoSell,vw_FactAHRFeedTable,IsPartnerReportedAzureConsumptionRevenue,varchar,No Change,,,
CoSell,vw_FactAHRFeedTable,SnapshotDate,int,No Change,,,
CoSell,vw_FactAHRFeedTable,FiscalMonth,varchar,No Change,,,
CoSell,vw_FactAHRFeedTable,PartnerTPID,int,No Change,,,
CoSell,vw_FactAHRFeedTable,ServiceCompGroupName,varchar,No Change,,,
CoSell,vw_FactAHRFeedTable,SubSegment,varchar,No Change,,,
CoSell,vw_FactAHRFeedTable,TotalAzureConsumptionRevenue,decimal,No Change,,,
CoSell,vw_FactAHRFeedTable,TPID,int,No Change,,,
CoSell,vw_FactAHRFeedTable,IsMarketplaceDealReg,varchar,No Change,,,
CoSell,vw_FactAHRFeedTable,ResourceGUID,varchar,No Change,,,
CoSell,vw_FactLead,CreatedDateKey,int,No Change,,,
CoSell,vw_FactLead,ATUKey,int,No Change,,,
CoSell,vw_FactLead,TPAccountKey,bigint,No Change,,,
CoSell,vw_FactLead,CustomerGeographyKey,bigint,No Change,,,
CoSell,vw_FactLead,CustomerSegmentKey,bigint,No Change,,,
CoSell,vw_FactLead,PartnerOneSubKey,bigint,No Change,,,
CoSell,vw_FactLead,ConvertedLead,bigint,No Change,,,
CoSell,vw_FactLead,LeadKey,bigint,No Change,,,
CoSell,vw_FactLead,LeadEstimatedCloseDateKey,int,No Change,,,
CoSell,vw_FactLead,LeadRevenue,decimal,No Change,,,
CoSell,vw_FactLead,ReportingGeographyKey,int,No Change,,,
CoSell,vw_FactLead,PartnerGeographyKey,int,No Change,,,
CoSell,vw_FactLead,PartnerOneKey,int,No Change,,,
CoSell,vw_FactLead,PartnerOneReportingkey,bigint,No Change,,,
CoSell,vw_FactLead,Value,int,No Change,,,
CoSell,vw_FactMarketPlaceBilledSales,InvoiceKey,bigint,No Change,,,
CoSell,vw_FactMarketPlaceBilledSales,PublisherKey,bigint,No Change,,,
CoSell,vw_FactMarketPlaceBilledSales,DocumentCreatedDateKey,bigint,No Change,,,
CoSell,vw_FactMarketPlaceBilledSales,TotalPriceCDAmount,decimal,No Change,,,
CoSell,vw_FactMarketPlaceBilledSales,TotalPriceUSDAmount,decimal,No Change,,,
CoSell,vw_FactMarketPlaceBilledSales,IsCoSellDeal,varchar,No Change,,,
CoSell,vw_FactMarketPlaceBilledSales,OpportunityKey,bigint,No Change,,,
CoSell,vw_FactMarketPlaceBilledSales,TotalPriceCDAmountAnnualized,decimal,No Change,,,
CoSell,vw_FactMarketPlaceBilledSales,TotalPriceCDAmountAnnualizedwithCap,float,No Change,,,
CoSell,vw_FactMarketPlaceBilledSales,TotalPriceCDAmountAnnualizedPurchaseBeforeTax,decimal,No Change,,,
CoSell,vw_FactMarketPlaceBilledSales,DataCenterTPAccountId,int,No Change,,,
CoSell,vw_FactMarketPlaceBilledSales,CloudSolutionProviderMicrosoftPartnerNetworkId,int,No Change,,,
CoSell,vw_FactMarketPlaceBilledSales,PartnerOneReportingKey,bigint,No Change,,,
CoSell,vw_FactMarketPlaceBilledSales,PartnerOneID,int,No Change,,,
CoSell,vw_FactMarketPlaceBilledSales,CustomerSubsidiary,int,No Change,,,
CoSell,vw_FactMarketPlaceBilledSales,PartnerGeographyKey,bigint,No Change,,,
CoSell,vw_FactMarketPlaceBilledSales,DocumentID,varchar,No Change,,,
CoSell,vw_FactMarketPlaceBilledSales,AccountTeamUnitKey,bigint,No Change,,,
CoSell,vw_FactMarketPlaceBilledSales,EngagementMilestoneKey,bigint,No Change,,,
CoSell,vw_FactMarketPlaceBilledSales,RelativeYear,varchar,No Change,,,
CoSell,vw_FactMarketPlaceBilledSales,TPAccountID,int,No Change,,,
CoSell,vw_FactMarketPlaceBilledSales,MarketplaceOfferKey,bigint,No Change,,,
CoSell,vw_FactMarketPlaceBilledSales,PartnerOneSubID_FI,varchar,No Change,,,
CoSell,vw_FactMarketPlaceBilledSales,TotalPriceCDAmountBeforeTax,decimal,No Change,,,
CoSell,vw_FactMarketPlaceBilledSales,CustomerSubsidiaryId,int,No Change,,,
CoSell,vw_FactMarketPlaceBilledSales,PartnerDealKey,bigint,No Change,,,
CoSell,vw_FactMarketPlaceBilledSales,AzureIPCoSellIncentivized,bit,No Change,,,
CoSell,vw_FactMarketPlaceBilledSales,TotalPriceCDAmountAnnualizedPurchase,decimal,No Change,,,
CoSell,vw_FactMarketPlaceBilledSales,TotalPriceCDAmountAnnualizedBeforeTax,decimal,No Change,,,
CoSell,vw_FactMarketPlaceBilledSales,TotalPriceCDAmountAnnualizedwithCapBeforeTax,float,No Change,,,
CoSell,vw_FactMarketPlaceBilledSales,TPAccountKey,bigint,No Change,,,
CoSell,vw_FactMarketPlaceBilledSales,PartnerOneReportingID,varchar,No Change,,,
CoSell,vw_FactMarketPlaceBilledSales,PartnerSubsidiaryId,int,No Change,,,
CoSell,vw_FactMarketPlaceBilledSales,CustomerGeographyKey,bigint,No Change,,,
CoSell,vw_FactMarketPlaceBilledSales,SolutionKey,bigint,No Change,,,
CoSell,vw_FactMarketPlaceBilledSales,CustomerSegmentKey,bigint,No Change,,,
CoSell,vw_FactMarketPlaceBilledSales,ProductID,varchar,No Change,,,
CoSell,vw_FactMarketPlaceBilledSales,ServicePeriodDuration,int,No Change,,,
CoSell,vw_FactMBSCommercialTargets,SubRegionID,int,No Change,,,
CoSell,vw_FactMBSCommercialTargets,DateKey,int,No Change,,,
CoSell,vw_FactMBSCommercialTargets,Targets,int,No Change,,,
CoSell,vw_FactMBSCommercialTargets,CustomerSegmentKey,int,No Change,,,
CoSell,vw_FactMBSCommercialTargets,AssignedSalesUnit,int,No Change,,,
CoSell,vw_FactMBSTargets,AreaID,int,No Change,,,
CoSell,vw_FactMBSTargets,Targets,int,No Change,,,
CoSell,vw_FactMBSTargets,CustomPartnerSegmentKey,int,No Change,,,
CoSell,vw_FactMBSTargets,DateKey,int,No Change,,,
CoSell,vw_FactMSXPartnerSharing,OpportunityKey,bigint,No Change,,,
CoSell,vw_FactMSXPartnerSharing,OpptyActualClosedOREstimatedMilestoneDateKey,int,No Change,,,
CoSell,vw_FactMSXPartnerSharing,PartnerDealKey,bigint,No Change,,,
CoSell,vw_FactMSXPartnerSharing,CustomerGeographyKey,bigint,No Change,,,
CoSell,vw_FactMSXPartnerSharing,CustomerSegmentKey,bigint,No Change,,,
CoSell,vw_FactMSXPartnerSharing,PartnerOneKey,int,No Change,,,
CoSell,vw_FactMSXPartnerSharing,ATUKey,int,No Change,,,
CoSell,vw_FactMSXPartnerSharing,OpportunitySolutionAreaKey,bigint,No Change,,,
CoSell,vw_FactMSXPartnerSharing,SharingTypeKey,int,No Change,,,
CoSell,vw_FactMSXPartnerSharing,BilledConsumptionOpptyStatus,varchar,No Change,,,
CoSell,vw_FactMSXPartnerSharing,IsCSEClosedCancelled,varchar,No Change,,,
CoSell,vw_FactMSXPartnerSharing,EngagementMilestoneKey,bigint,No Change,,,
CoSell,vw_FactMSXPartnerSharing,Opportunity_CalculationKey,int,No Change,,,
CoSell,vw_FactMSXPartnerSharing,PartnerSharing_PipelineDenominator,int,No Change,,,
CoSell,vw_FactMSXPartnerSharing,PartnerSharing_WinsDenominator,int,No Change,,,
CoSell,vw_FactMSXPartnerSharing,MSXRevSumDivisionKey,int,No Change,,,
CoSell,vw_FactMSXPartnerSharing,IsQualifiedPipe,bit,No Change,,,
CoSell,vw_FactMSXPartnerSharing,IsMetricEligible,varchar,No Change,,,
CoSell,vw_FactMSXPartnerSharing,OpportunityType,varchar,No Change,,,
CoSell,vw_FactMSXPartnerSharing,OpptyDueOREstimatedMilestoneDateKey,int,No Change,,,
CoSell,vw_FactMSXPartnerSharing,TPAccountKey,bigint,No Change,,,
CoSell,vw_FactMSXPartnerSharing,ReportingGeographyKey,int,No Change,,,
CoSell,vw_FactMSXPartnerSharing,PartnerGeographyKey,int,No Change,,,
CoSell,vw_FactMSXPartnerSharing,CRMPartnerAccountKey,varchar,No Change,,,
CoSell,vw_FactMSXPartnerSharing,PartnerOneReportingKey,bigint,No Change,,,
CoSell,vw_FactMSXPartnerSharing,RevSumDivisionKey,bigint,No Change,,,
CoSell,vw_FactMSXPartnerSharing,BilledOpptyRevenueORConsumptionOpptyEstimatedMonthlyUsage,decimal,No Change,,,
CoSell,vw_FactMSXPartnerSharing,IsMultiPartner,varchar,No Change,,,
CoSell,vw_FactMSXPartnerSharing,IsCSEClosedCompleted,varchar,No Change,,,
CoSell,vw_FactMSXPartnerSharing,EstNoOfActivations,int,No Change,,,
CoSell,vw_FactMSXPartnerSharing,Value,int,No Change,,,
CoSell,vw_FactMSXPartnerSharing,PartnerSharing_PipelineNumerator,int,No Change,,,
CoSell,vw_FactMSXPartnerSharing,PartnerSharing_WinsNumerator,int,No Change,,,
CoSell,vw_FactMSXPartnerSharing,PartnerSharingTypeKey,int,No Change,,,
CoSell,vw_FactMSXPartnerSharing,MSXWorkloadkey,int,No Change,,,
CoSell,vw_FactMSXPartnerSharing,IsAzureIPCosell,varchar,No Change,,,
CoSell,vw_FactOpportunity,ActualCloseDateKey,int,No Change,,,
CoSell,vw_FactOpportunity,CustomerGeographyKey,bigint,No Change,,,
CoSell,vw_FactOpportunity,EstimatedAnnualUsage,float,No Change,,,
CoSell,vw_FactOpportunity,EstimatedNumberOfActivations,int,No Change,,,
CoSell,vw_FactOpportunity,EstimatedStartDateKey,int,No Change,,,
CoSell,vw_FactOpportunity,EngagementMilestoneKey,bigint,No Change,,,
CoSell,vw_FactOpportunity,MSXRevSumDivisionKey,int,No Change,,,
CoSell,vw_FactOpportunity,OpportunityKey,bigint,No Change,,,
CoSell,vw_FactOpportunity,PartnerDealKey,bigint,No Change,,,
CoSell,vw_FactOpportunity,PartnerOneReportingKey,bigint,No Change,,,
CoSell,vw_FactOpportunity,DueDateKey,int,No Change,,,
CoSell,vw_FactOpportunity,RevSumDivisionKey,bigint,No Change,,,
CoSell,vw_FactOpportunity,CreatedDateKey,int,No Change,,,
CoSell,vw_FactOpportunity,DaysinInspireSalesCycleCount,int,No Change,,,
CoSell,vw_FactOpportunity,DaysinSolutionSalesCycleCount,int,No Change,,,
CoSell,vw_FactOpportunity,OpportunityRevenue,decimal,No Change,,,
CoSell,vw_FactOpportunity,DetailPricingLevelID,varchar,No Change,,,
CoSell,vw_FactOpportunity,DraftPartnerOneKey,int,No Change,,,
CoSell,vw_FactOpportunity,EstimatedValue,decimal,No Change,,,
CoSell,vw_FactOpportunity,SolutionKey,bigint,No Change,,,
CoSell,vw_FactOpportunity,IsMultiPartner,varchar,No Change,,,
CoSell,vw_FactOpportunity,OpptyDueOREstimatedMilestoneDateKey,int,No Change,,,
CoSell,vw_FactOpportunity,AccountTeamUnitKey,int,No Change,,,
CoSell,vw_FactOpportunity,CRMPartnerAccountKey,varchar,No Change,,,
CoSell,vw_FactOpportunity,CustomerSegmentKey,bigint,No Change,,,
CoSell,vw_FactOpportunity,EstimatedMonthlyUsage,float,No Change,,,
CoSell,vw_FactOpportunity,EstimatedNumberOfActivationsModernWork,int,No Change,,,
CoSell,vw_FactOpportunity,EstimatedCompletionDateKey,int,No Change,,,
CoSell,vw_FactOpportunity,LeadKey,bigint,No Change,,,
CoSell,vw_FactOpportunity,MSXWorkloadKey,int,No Change,,,
CoSell,vw_FactOpportunity,OpptySolutionAreaKey,bigint,No Change,,,
CoSell,vw_FactOpportunity,PartnerOneKey,int,No Change,,,
CoSell,vw_FactOpportunity,ReportingGeographyKey,int,No Change,,,
CoSell,vw_FactOpportunity,ProductKey,bigint,No Change,,,
CoSell,vw_FactOpportunity,TPAccountKey,bigint,No Change,,,
CoSell,vw_FactOpportunity,DaysInCloseSalesCycleCount,int,No Change,,,
CoSell,vw_FactOpportunity,DaysinEmpowerSalesCycleCount,int,No Change,,,
CoSell,vw_FactOpportunity,OpportunityProductRevenueCDAmount,decimal,No Change,,,
CoSell,vw_FactOpportunity,PartnerGeographyKey,int,No Change,,,
CoSell,vw_FactOpportunity,DraftCRMPartnerAccountKey,varchar,No Change,,,
CoSell,vw_FactOpportunity,DraftPartnerOneReportingKey,bigint,No Change,,,
CoSell,vw_FactOpportunity,DraftPartnerGeographyKey,int,No Change,,,
CoSell,vw_FactOpportunity,SharingTypeKey,int,No Change,,,
CoSell,vw_FactOpportunity,OpportunityReportingGeographyKey,int,No Change,,,
CoSell,vw_FactOpportunity,OpportunitySolutionAreaKey,bigint,No Change,,,
CoSell,vw_FactOpportunityProduct,OpportunityKey,bigint,No Change,,,
CoSell,vw_FactOpportunityProduct,OpportunityID,varchar,No Change,,,
CoSell,vw_FactOpportunityProduct,Quantity,int,No Change,,,
CoSell,vw_FactOpportunityProduct,ExtendedAmount,decimal,No Change,,,
CoSell,vw_FactOpportunityProduct,ProductID,varchar,No Change,,,
CoSell,vw_FactOpportunityProduct,ProductName,varchar,No Change,,,
CoSell,vw_FactPartnerDealDuration,DurationTypeKey,int,No Change,,,
CoSell,vw_FactPartnerDealDuration,PartnerDealKey,bigint,No Change,,,
CoSell,vw_FactPartnerDealDuration,Duration,decimal,No Change,,,
CoSell,vw_FactPartnerDealFY21,Approval_ReportedDateKey,varchar,No Change,,,
CoSell,vw_FactPartnerDealFY21,ApprovalDateKey,varchar,No Change,,,
CoSell,vw_FactPartnerDealFY21,CustomerGeographyKey,bigint,No Change,,,
CoSell,vw_FactPartnerDealFY21,CustomerSegmentKey,bigint,No Change,,,
CoSell,vw_FactPartnerDealFY21,IsPartnerReportedACR,varchar,No Change,,,
CoSell,vw_FactPartnerDealFY21,ServiceCompGroupingKey,int,No Change,,,
CoSell,vw_FactPartnerDealFY21,TPAccountKey,bigint,No Change,,,
CoSell,vw_FactPartnerDealFY21,IPCoSellDealReg_Azure,decimal,No Change,,,
CoSell,vw_FactPartnerDealFY21,EstimatedRevenueCD,decimal,No Change,,,
CoSell,vw_FactPartnerDealFY21,IsPartnerCoSellDeal_Azure_ACR,varchar,No Change,,,
CoSell,vw_FactPartnerDealFY21,IsPartnerCoSellDeal_ClosedMonth_Azure_ACR,varchar,No Change,,,
CoSell,vw_FactPartnerDealFY21,PartnerReportedACR_Azure,decimal,No Change,,,
CoSell,vw_FactPartnerDealFY21,TrueACRConsumption,decimal,No Change,,,
CoSell,vw_FactPartnerDealFY21,PartnerDealKey,bigint,No Change,,,
CoSell,vw_FactPartnerDealFY21,ATUKey,int,No Change,,,
CoSell,vw_FactPartnerDealFY21,ChannelPartnerOneKey,int,No Change,,,
CoSell,vw_FactPartnerDealFY21,CRMPartnerAccountKey,varchar,No Change,,,
CoSell,vw_FactPartnerDealFY21,IPCoSellPartnerOneKey,int,No Change,,,
CoSell,vw_FactPartnerDealFY21,LeadKey,bigint,No Change,,,
CoSell,vw_FactPartnerDealFY21,OpportunityKey,bigint,No Change,,,
CoSell,vw_FactPartnerDealFY21,PartnerGeographyKey,int,No Change,,,
CoSell,vw_FactPartnerDealFY21,CreatedDateKey,int,No Change,,,
CoSell,vw_FactPartnerDealFY21,IPPartnerOneKey,int,No Change,,,
CoSell,vw_FactPartnerDealFY21,ReportingGeographyKey,int,No Change,,,
CoSell,vw_FactPartnerDealFY21,PartnerOneReportingKey,bigint,No Change,,,
CoSell,vw_FactPartnerDealFY21,ScoreCardRecognitionKey,int,No Change,,,
CoSell,vw_FactPartnerDealFY21,PartnerOneKey,int,No Change,,,
CoSell,vw_FactPartnerDealFY21,PSXDealKey,varchar,No Change,,,
CoSell,vw_FactPartnerDealFY21,rank,bigint,No Change,,,
CoSell,vw_FactPartnerDealFY21,SolutionKey,bigint,No Change,,,
CoSell,vw_FactPartnerDealFY21,SolutionPartnerDealCompositeKey,int,No Change,,,
CoSell,vw_FactPartnerDealFY21,SellerCoSellIncentiveKey,int,No Change,,,
CoSell,vw_FactPartnerDealFY21,SharingTypeKey,int,No Change,,,
CoSell,vw_FactPartnerDealFY22,ApprovalReportedDateKey,varchar,No Change,,,
CoSell,vw_FactPartnerDealFY22,ApprovalDateKey,varchar,No Change,,,
CoSell,vw_FactPartnerDealFY22,CustomerGeographyKey,bigint,No Change,,,
CoSell,vw_FactPartnerDealFY22,CustomerSegmentKey,bigint,No Change,,,
CoSell,vw_FactPartnerDealFY22,IsPartnerReportedACR,varchar,No Change,,,
CoSell,vw_FactPartnerDealFY22,ServiceCompGroupingKey,int,No Change,,,
CoSell,vw_FactPartnerDealFY22,TPAccountKey,bigint,No Change,,,
CoSell,vw_FactPartnerDealFY22,IPCoSellDealRegAzure,decimal,No Change,,,
CoSell,vw_FactPartnerDealFY22,EstimatedRevenueCD,decimal,No Change,,,
CoSell,vw_FactPartnerDealFY22,IsPartnerCoSellDealAzure_AzureConsumptionRevenue,varchar,No Change,,,
CoSell,vw_FactPartnerDealFY22,IsPartnerCoSellDealClosedMonthAzure_AzureConsumptionRevenue,varchar,No Change,,,
CoSell,vw_FactPartnerDealFY22,PartnerReportedAzureConsumptionRevenueAzure,decimal,No Change,,,
CoSell,vw_FactPartnerDealFY22,TrueAzureConsumptionRevenueConsumption,decimal,No Change,,,
CoSell,vw_FactPartnerDealFY22,PartnerDealKey,bigint,No Change,,,
CoSell,vw_FactPartnerDealFY22,AccountTeamUnitKey,int,No Change,,,
CoSell,vw_FactPartnerDealFY22,ChannelPartnerOneKey,int,No Change,,,
CoSell,vw_FactPartnerDealFY22,CRMPartnerAccountKey,varchar,No Change,,,
CoSell,vw_FactPartnerDealFY22,IPCoSellPartnerOneKey,int,No Change,,,
CoSell,vw_FactPartnerDealFY22,LeadKey,bigint,No Change,,,
CoSell,vw_FactPartnerDealFY22,OpportunityKey,bigint,No Change,,,
CoSell,vw_FactPartnerDealFY22,PartnerGeographyKey,int,No Change,,,
CoSell,vw_FactPartnerDealFY22,PartnerOneKey,int,No Change,,,
CoSell,vw_FactPartnerDealFY22,PSXDealKey,varchar,No Change,,,
CoSell,vw_FactPartnerDealFY22,SolutionKey,bigint,No Change,,,
CoSell,vw_FactPartnerDealFY22,SolutionPartnerDealCompositeKey,int,No Change,,,
CoSell,vw_FactPartnerDealFY22,CreatedDateKey,int,No Change,,,
CoSell,vw_FactPartnerDealFY22,IPPartnerOneKey,int,No Change,,,
CoSell,vw_FactPartnerDealFY22,ReportingGeographyKey,int,No Change,,,
CoSell,vw_FactPartnerDealFY22,PartnerOneReportingKey,bigint,No Change,,,
CoSell,vw_FactPartnerDealFY22,ScoreCardRecognitionKey,int,No Change,,,
CoSell,vw_FactPartnerDealFY22,SharingTypeKey,int,No Change,,,
CoSell,vw_FactPartnerDealFY23,ApprovalReportedDateKey,varchar,No Change,,,
CoSell,vw_FactPartnerDealFY23,ApprovalDateKey,varchar,No Change,,,
CoSell,vw_FactPartnerDealFY23,CustomerGeographyKey,bigint,No Change,,,
CoSell,vw_FactPartnerDealFY23,CustomerSegmentKey,bigint,No Change,,,
CoSell,vw_FactPartnerDealFY23,IsPartnerReportedACR,varchar,No Change,,,
CoSell,vw_FactPartnerDealFY23,ServiceCompGroupingKey,int,No Change,,,
CoSell,vw_FactPartnerDealFY23,TPAccountKey,bigint,No Change,,,
CoSell,vw_FactPartnerDealFY23,IPCoSellDealRegAzure,decimal,No Change,,,
CoSell,vw_FactPartnerDealFY23,EstimatedRevenueCD,decimal,No Change,,,
CoSell,vw_FactPartnerDealFY23,IsPartnerCoSellDealAzure_AzureConsumptionRevenue,varchar,No Change,,,
CoSell,vw_FactPartnerDealFY23,IsPartnerCoSellDealClosedMonthAzure_AzureConsumptionRevenue,varchar,No Change,,,
CoSell,vw_FactPartnerDealFY23,PartnerReportedAzureConsumptionRevenueAzure,decimal,No Change,,,
CoSell,vw_FactPartnerDealFY23,TrueAzureConsumptionRevenueConsumption,decimal,No Change,,,
CoSell,vw_FactPartnerDealFY23,PartnerDealKey,bigint,No Change,,,
CoSell,vw_FactPartnerDealFY23,AccountTeamUnitKey,int,No Change,,,
CoSell,vw_FactPartnerDealFY23,ChannelPartnerOneKey,int,No Change,,,
CoSell,vw_FactPartnerDealFY23,CRMPartnerAccountKey,varchar,No Change,,,
CoSell,vw_FactPartnerDealFY23,IPCoSellPartnerOneKey,int,No Change,,,
CoSell,vw_FactPartnerDealFY23,LeadKey,bigint,No Change,,,
CoSell,vw_FactPartnerDealFY23,OpportunityKey,bigint,No Change,,,
CoSell,vw_FactPartnerDealFY23,PartnerGeographyKey,int,No Change,,,
CoSell,vw_FactPartnerDealFY23,PartnerOneKey,int,No Change,,,
CoSell,vw_FactPartnerDealFY23,PSXDealKey,varchar,No Change,,,
CoSell,vw_FactPartnerDealFY23,SolutionKey,bigint,No Change,,,
CoSell,vw_FactPartnerDealFY23,SolutionPartnerDealCompositeKey,int,No Change,,,
CoSell,vw_FactPartnerDealFY23,CreatedDateKey,int,No Change,,,
CoSell,vw_FactPartnerDealFY23,IPPartnerOneKey,int,No Change,,,
CoSell,vw_FactPartnerDealFY23,ReportingGeographyKey,int,No Change,,,
CoSell,vw_FactPartnerDealFY23,PartnerOneReportingKey,bigint,No Change,,,
CoSell,vw_FactPartnerDealFY23,ScoreCardRecognitionKey,int,No Change,,,
CoSell,vw_FactPartnerDealFY23,SharingTypeKey,int,No Change,,,
CoSell,vw_FactPartnerDealFY24,ApprovalReportedDateKey,varchar,No Change,,,
CoSell,vw_FactPartnerDealFY24,ApprovalDateKey,varchar,No Change,,,
CoSell,vw_FactPartnerDealFY24,CustomerGeographyKey,bigint,No Change,,,
CoSell,vw_FactPartnerDealFY24,CustomerSegmentKey,bigint,No Change,,,
CoSell,vw_FactPartnerDealFY24,IsPartnerReportedACR,varchar,No Change,,,
CoSell,vw_FactPartnerDealFY24,ServiceCompGroupingKey,int,No Change,,,
CoSell,vw_FactPartnerDealFY24,TPAccountKey,bigint,No Change,,,
CoSell,vw_FactPartnerDealFY24,IPCoSellDealRegAzure,decimal,No Change,,,
CoSell,vw_FactPartnerDealFY24,EstimatedRevenueCD,decimal,No Change,,,
CoSell,vw_FactPartnerDealFY24,IsPartnerCoSellDealAzure_AzureConsumptionRevenue,varchar,No Change,,,
CoSell,vw_FactPartnerDealFY24,IsPartnerCoSellDealClosedMonthAzure_AzureConsumptionRevenue,varchar,No Change,,,
CoSell,vw_FactPartnerDealFY24,PartnerReportedAzureConsumptionRevenueAzure,decimal,No Change,,,
CoSell,vw_FactPartnerDealFY24,TrueAzureConsumptionRevenueConsumption,decimal,No Change,,,
CoSell,vw_FactPartnerDealFY24,PartnerDealKey,bigint,No Change,,,
CoSell,vw_FactPartnerDealFY24,AccountTeamUnitKey,int,No Change,,,
CoSell,vw_FactPartnerDealFY24,ChannelPartnerOneKey,int,No Change,,,
CoSell,vw_FactPartnerDealFY24,CRMPartnerAccountKey,varchar,No Change,,,
CoSell,vw_FactPartnerDealFY24,IPCoSellPartnerOneKey,int,No Change,,,
CoSell,vw_FactPartnerDealFY24,LeadKey,bigint,No Change,,,
CoSell,vw_FactPartnerDealFY24,OpportunityKey,bigint,No Change,,,
CoSell,vw_FactPartnerDealFY24,PartnerGeographyKey,int,No Change,,,
CoSell,vw_FactPartnerDealFY24,PartnerOneKey,int,No Change,,,
CoSell,vw_FactPartnerDealFY24,PSXDealKey,varchar,No Change,,,
CoSell,vw_FactPartnerDealFY24,SolutionKey,bigint,No Change,,,
CoSell,vw_FactPartnerDealFY24,SolutionPartnerDealCompositeKey,int,No Change,,,
CoSell,vw_FactPartnerDealFY24,CreatedDateKey,int,No Change,,,
CoSell,vw_FactPartnerDealFY24,IPPartnerOneKey,int,No Change,,,
CoSell,vw_FactPartnerDealFY24,ReportingGeographyKey,int,No Change,,,
CoSell,vw_FactPartnerDealFY24,PartnerOneReportingKey,bigint,No Change,,,
CoSell,vw_FactPartnerDealFY24,ScoreCardRecognitionKey,int,No Change,,,
CoSell,vw_FactPartnerDealFY24,SharingTypeKey,int,No Change,,,
CoSell,vw_FactPartnerDealFY25,ApprovalReportedDateKey,varchar,No Change,,,
CoSell,vw_FactPartnerDealFY25,ApprovalDateKey,varchar,No Change,,,
CoSell,vw_FactPartnerDealFY25,CustomerGeographyKey,bigint,No Change,,,
CoSell,vw_FactPartnerDealFY25,CustomerSegmentKey,bigint,No Change,,,
CoSell,vw_FactPartnerDealFY25,IsPartnerReportedACR,varchar,No Change,,,
CoSell,vw_FactPartnerDealFY25,ServiceCompGroupingKey,int,No Change,,,
CoSell,vw_FactPartnerDealFY25,TPAccountKey,bigint,No Change,,,
CoSell,vw_FactPartnerDealFY25,IPCoSellDealRegAzure,decimal,No Change,,,
CoSell,vw_FactPartnerDealFY25,EstimatedRevenueCD,decimal,No Change,,,
CoSell,vw_FactPartnerDealFY25,IsPartnerCoSellDealAzure_AzureConsumptionRevenue,varchar,No Change,,,
CoSell,vw_FactPartnerDealFY25,IsPartnerCoSellDealClosedMonthAzure_AzureConsumptionRevenue,varchar,No Change,,,
CoSell,vw_FactPartnerDealFY25,PartnerReportedAzureConsumptionRevenueAzure,decimal,No Change,,,
CoSell,vw_FactPartnerDealFY25,TrueAzureConsumptionRevenueConsumption,decimal,No Change,,,
CoSell,vw_FactPartnerDealFY25,PartnerDealKey,bigint,No Change,,,
CoSell,vw_FactPartnerDealFY25,AccountTeamUnitKey,int,No Change,,,
CoSell,vw_FactPartnerDealFY25,ChannelPartnerOneKey,int,No Change,,,
CoSell,vw_FactPartnerDealFY25,CRMPartnerAccountKey,varchar,No Change,,,
CoSell,vw_FactPartnerDealFY25,IPCoSellPartnerOneKey,int,No Change,,,
CoSell,vw_FactPartnerDealFY25,LeadKey,bigint,No Change,,,
CoSell,vw_FactPartnerDealFY25,OpportunityKey,bigint,No Change,,,
CoSell,vw_FactPartnerDealFY25,PartnerGeographyKey,int,No Change,,,
CoSell,vw_FactPartnerDealFY25,PartnerOneKey,int,No Change,,,
CoSell,vw_FactPartnerDealFY25,PSXDealKey,varchar,No Change,,,
CoSell,vw_FactPartnerDealFY25,SolutionKey,bigint,No Change,,,
CoSell,vw_FactPartnerDealFY25,SolutionPartnerDealCompositeKey,int,No Change,,,
CoSell,vw_FactPartnerDealFY25,CreatedDateKey,int,No Change,,,
CoSell,vw_FactPartnerDealFY25,IPPartnerOneKey,int,No Change,,,
CoSell,vw_FactPartnerDealFY25,ReportingGeographyKey,int,No Change,,,
CoSell,vw_FactPartnerDealFY25,PartnerOneReportingKey,bigint,No Change,,,
CoSell,vw_FactPartnerDealFY25,ScoreCardRecognitionKey,int,No Change,,,
CoSell,vw_FactPartnerDealFY25,SharingTypeKey,int,No Change,,,
CoSell,vw_FactPartnerOne,HasCoSellReadySolutions,bigint,No Change,,,
CoSell,vw_FactPartnerOne,HasPartnerDealCoSellReadySolutions,bigint,No Change,,,
CoSell,vw_FactPartnerOne,PartnerOneID,int,No Change,,,
CoSell,vw_FactPartnerOne,PartnerOneKeyHavingAccountTag,int,No Change,,,
CoSell,vw_FactPartnerOne,SolutionKey,bigint,No Change,,,
CoSell,vw_FactPartnerReferral,ATUKey,int,No Change,,,
CoSell,vw_FactPartnerReferral,ApprovalAndReportedDate,varchar,No Change,,,
CoSell,vw_FactPartnerReferral,ApprovalAndReportedFiscalMonth,varchar,No Change,,,
CoSell,vw_FactPartnerReferral,ApprovalAndReportedFiscalMonthID,int,No Change,,,
CoSell,vw_FactPartnerReferral,ApprovalAndReportedFiscalQuarter,varchar,No Change,,,
CoSell,vw_FactPartnerReferral,ApprovalAndReportedFiscalYear,varchar,No Change,,,
CoSell,vw_FactPartnerReferral,AverageMonthsForApproval,decimal,No Change,,,
CoSell,vw_FactPartnerReferral,CRMPartnerAccountKey,varchar,No Change,,,
CoSell,vw_FactPartnerReferral,ChannelPartnerOneKey,int,No Change,,,
CoSell,vw_FactPartnerReferral,CustomerGeographyKey,bigint,No Change,,,
CoSell,vw_FactPartnerReferral,CustomerSegmentKey,bigint,No Change,,,
CoSell,vw_FactPartnerReferral,LeadKey,bigint,No Change,,,
CoSell,vw_FactPartnerReferral,OpportunityKey,bigint,No Change,,,
CoSell,vw_FactPartnerReferral,PartnerDealKey,bigint,No Change,,,
CoSell,vw_FactPartnerReferral,PartnerOneKey,int,No Change,,,
CoSell,vw_FactPartnerReferral,ScorecardRecognitionKey,int,No Change,,,
CoSell,vw_FactPartnerReferral,TPAccountKey,bigint,No Change,,,
CoSell,vw_FactPartnerReferral,ApprovalDateKey,varchar,No Change,,,
CoSell,vw_FactPartnerReferral,IPCoSellDealReg_Azure,float,No Change,,,
CoSell,vw_FactPartnerReferral,OpportunityWithPartnerCoSell_Azure,int,No Change,,,
CoSell,vw_FactPartnerReferral,PartnerReportedAzureConsumptionRevenue_Azure,decimal,No Change,,,
CoSell,vw_FactPartnerReferral,ClosedPartnerDeals,int,No Change,,,
CoSell,vw_FactPartnerReferral,CreatedDateKey,int,No Change,,,
CoSell,vw_FactPartnerReferral,DealValueCD,decimal,No Change,,,
CoSell,vw_FactPartnerReferral,EstimatedRevenueCD,decimal,No Change,,,
CoSell,vw_FactPartnerReferral,IsAverageApproval,varchar,No Change,,,
CoSell,vw_FactPartnerReferral,IsAverageClose,varchar,No Change,,,
CoSell,vw_FactPartnerReferral,IsChannelSameAsCoSell,varchar,No Change,,,
CoSell,vw_FactPartnerReferral,IPCoSellPartnerOneKey,int,No Change,,,
CoSell,vw_FactPartnerReferral,IsIPPartner,varchar,No Change,,,
CoSell,vw_FactPartnerReferral,IsIPSameAsCoSell,varchar,No Change,,,
CoSell,vw_FactPartnerReferral,IndependentSoftwareVendorDealsReporting,int,No Change,,,
CoSell,vw_FactPartnerReferral,IsYTDSubSourceDealCount,varchar,No Change,,,
CoSell,vw_FactPartnerReferral,IsMarketPlaceDealReg,varchar,No Change,,,
CoSell,vw_FactPartnerReferral,IsPartnerReportedAzureConsumptionRevenue,varchar,No Change,,,
CoSell,vw_FactPartnerReferral,IsPartnerCoSellDealClosedMonthAzure_AzureConsumptionRevenue,varchar,No Change,,,
CoSell,vw_FactPartnerReferral,IsPartnerCoSellDealAzure_AzureConsumptionRevenue,varchar,No Change,,,
CoSell,vw_FactPartnerReferral,IsPrioritizedPartner,int,No Change,,,
CoSell,vw_FactPartnerReferral,PartnerOneReportingkey,bigint,No Change,,,
CoSell,vw_FactPartnerReferral,IPPartnerOneReportingKey,bigint,No Change,,,
CoSell,vw_FactPartnerReferral,ProfileKey,bigint,No Change,,,
CoSell,vw_FactPartnerReferral,ReportingGeographyKey,int,No Change,,,
CoSell,vw_FactPartnerReferral,ResourceGUID,varchar,No Change,,,
CoSell,vw_FactPartnerReferral,DueDateKey,int,No Change,,,
CoSell,vw_FactPartnerReferral,LocalTPAccountKey,bigint,No Change,,,
CoSell,vw_FactPartnerReferral,RegistrationDateKey,int,No Change,,,
CoSell,vw_FactPartnerReferral,DealRejectedDateKey,int,No Change,,,
CoSell,vw_FactPartnerReferral,IPPartnerOneKey,int,No Change,,,
CoSell,vw_FactPartnerReferral,IndependentSoftwareVendorConnectAppKey,int,No Change,,,
CoSell,vw_FactPartnerReferral,PartnerKey,int,No Change,,,
CoSell,vw_FactPartnerReferral,PartnerDealApprovalVelocity,int,No Change,,,
CoSell,vw_FactPartnerReferral,PartnerDealCloseVelocity,int,No Change,,,
CoSell,vw_FactPartnerReferral,PartnerDealsAcceptance,int,No Change,,,
CoSell,vw_FactPartnerReferral,PartnerDealsWithoutOpportunity,int,No Change,,,
CoSell,vw_FactPartnerReferral,PartnerGeographykey,int,No Change,,,
CoSell,vw_FactPartnerReferral,PartnerRevenueCD,int,No Change,,,
CoSell,vw_FactPartnerReferral,ProductRevenueCD,decimal,No Change,,,
CoSell,vw_FactPartnerReferral,PSXDealKey,varchar,No Change,,,
CoSell,vw_FactPartnerReferral,PRCD,decimal,No Change,,,
CoSell,vw_FactPartnerReferral,Tranche,varchar,No Change,,,
CoSell,vw_FactPartnerReferral,TotalERP,decimal,No Change,,,
CoSell,vw_FactPartnerReferral,VelocityOfInboundDeals,int,No Change,,,
CoSell,vw_FactPartnerReferral,SellerCoSellIncentiveKey,int,No Change,,,
CoSell,vw_FactPartnerReferral,ServiceCompGroupingKey,int,No Change,,,
CoSell,vw_FactPartnerReferral,SolutionKey,bigint,No Change,,,
CoSell,vw_FactPartnerReferral,SolutionPartnerDealCompositeKey,int,No Change,,,
CoSell,vw_FactPartnerReferral,SolutionValueCD,decimal,No Change,,,
CoSell,vw_FactPartnerReferral,ContractValueCD,decimal,No Change,,,
CoSell,vw_FactPartnerReferral,D365MonthlyRevenueCD,decimal,No Change,,,
CoSell,vw_FactPartnerReferral,TrueAzureConsumptionRevenueConsumption,decimal,No Change,,,
CoSell,vw_FactPartnerReferral,TotalContractValueCD,decimal,No Change,,,
CoSell,vw_FactPartnerReferral,SharingTypeKey,int,No Change,,,
CoSell,vw_FactPRACRTargets,Targets,decimal,No Change,,,
CoSell,vw_FactPRACRTargets,DateKey,int,No Change,,,
CoSell,vw_FactPRACRTargets,SubSegmentID,int,No Change,,,
CoSell,vw_FactPRACRTargets,SubRegionID,int,No Change,,,
CoSell,vw_FactProject,EDLPExtractId,varchar,No Change,,,
CoSell,vw_FactProject,EstimatedMonthlyACR,varchar,No Change,,,
CoSell,vw_FactProject,EstimatedMonthlyACR_Base,varchar,No Change,,,
CoSell,vw_FactProject,FinancialYear,varchar,No Change,,,
CoSell,vw_FactProject,OpportunityId,varchar,No Change,,,
CoSell,vw_FactProject,OpportunityIdName,varchar,No Change,,,
CoSell,vw_FactProject,ProjectId,varchar,No Change,,,
CoSell,vw_FactProject,OwnerId,varchar,No Change,,,
CoSell,vw_FactProject,OwnerIdName,varchar,No Change,,,
CoSell,vw_FactProject,OwnerIdType,varchar,No Change,,,
CoSell,vw_FactProject,TransactionCurrencyId,varchar,No Change,,,
CoSell,vw_FactProject,TransactionCurrencyIdName,varchar,No Change,,,
CoSell,vw_FactProject,UTCConversionTimeZoneCode,decimal,No Change,,,
CoSell,vw_FactProject,VersionNumber,varchar,No Change,,,
CoSell,vw_FactProject,EDLPDeltaActionCode,varchar,No Change,,,
CoSell,vw_FactProject,OwnerIdYomiName,varchar,No Change,,,
CoSell,vw_FactProject,DeliverablesId,varchar,No Change,,,
CoSell,vw_FactProject,TaskId,varchar,No Change,,,
CoSell,vw_FactProject,PartnerAccount,varchar,No Change,,,
CoSell,vw_FactProject,SolutionArea,varchar,No Change,,,
CoSell,vw_FactRecruitISVTargets,Area,varchar,No Change,,,
CoSell,vw_FactRecruitISVTargets,Country,varchar,No Change,,,
CoSell,vw_FactRecruitISVTargets,Deliverables,varchar,No Change,,,
CoSell,vw_FactRecruitISVTargets,IndependentSoftwareVendorAzureConsumptionRevenueInsidePartnerDevelopmentManagerRole,varchar,No Change,,,
CoSell,vw_FactRecruitISVTargets,IndependentSoftwareVendorAzureConsumptionRevenuePartnerDevelopmentManagerRole,varchar,No Change,,,
CoSell,vw_FactRecruitISVTargets,IndependentSoftwareVendorAMPInsidePartnerDevelopmentManagerRole,varchar,No Change,,,
CoSell,vw_FactRecruitISVTargets,IndependentSoftwareVendorAMPPartnerDevelopmentManagerRole,varchar,No Change,,,
CoSell,vw_FactRecruitISVTargets,IndependentSoftwareVendorInsidePartnerDevelopmentManagerRole,varchar,No Change,,,
CoSell,vw_FactRecruitISVTargets,IndependentSoftwareVendorInsidePartnerDevelopmentManagerRoleRatio,varchar,No Change,,,
CoSell,vw_FactRecruitISVTargets,IndependentSoftwareVendorISR,varchar,No Change,,,
CoSell,vw_FactRecruitISVTargets,IndependentSoftwareVendorMicrosoftPartnerNetworkInsidePartnerDevelopmentManagerRole,varchar,No Change,,,
CoSell,vw_FactRecruitISVTargets,IndependentSoftwareVendorPartnerInsidePartnerDevelopmentManagerRole,varchar,No Change,,,
CoSell,vw_FactRecruitISVTargets,IndependentSoftwareVendorMicrosoftPartnerNetworkPartnerDevelopmentManagerRole,varchar,No Change,,,
CoSell,vw_FactRecruitISVTargets,IndependentSoftwareVendorPartnerPartnerDevelopmentManagerRole,varchar,No Change,,,
CoSell,vw_FactRecruitISVTargets,IndependentSoftwareVendorPartnerDevelopmentManagerRole,varchar,No Change,,,
CoSell,vw_FactRecruitISVTargets,IndependentSoftwareVendorPartnerDevelopmentManagerRoleRatio,varchar,No Change,,,
CoSell,vw_FactRecruitISVTargets,OpenQuestionComment,varchar,No Change,,,
CoSell,vw_FactSolution,,,New Column,vw_FactSolution,Conversation,
CoSell,vw_FactSolution,PartnerOneKey,int,No Change,,,
CoSell,vw_FactSolution,Solutionkey,bigint,No Change,,,
CoSell,vw_FactSolution,CoSellReadyDateKey,int,No Change,,,
CoSell,vw_FactSolution,CreatedDateKey,int,No Change,,,
CoSell,vw_FactSolution,IndustryKey,bigint,No Change,,,
CoSell,vw_FactSolution,IndependentSoftwareVendorConnectAppKey,int,No Change,,,
CoSell,vw_FactSolution,SolutionAreaKey,bigint,No Change,,,
CoSell,vw_FactSolution,CustomerAccountLifeCyclePartnerOneGPSCRMID,varchar,No Change,,,
CoSell,vw_FactSolution,PartnerOneKeyHavingAccountTag,int,No Change,,,
CoSell,vw_FactSolutionBilledOpportunity,AccountTeamUnitKey,int,No Change,,,
CoSell,vw_FactSolutionBilledOpportunity,CRMPartnerAccountKey,varchar,No Change,,,
CoSell,vw_FactSolutionBilledOpportunity,CustomerGeographyKey,bigint,No Change,,,
CoSell,vw_FactSolutionBilledOpportunity,CustomerSegmentKey,bigint,No Change,,,
CoSell,vw_FactSolutionBilledOpportunity,MSXRevSumDivisionKey,int,No Change,,,
CoSell,vw_FactSolutionBilledOpportunity,OpportunityKey,bigint,No Change,,,
CoSell,vw_FactSolutionBilledOpportunity,PartnerDealKey,bigint,No Change,,,
CoSell,vw_FactSolutionBilledOpportunity,PartnerOneKey,int,No Change,,,
CoSell,vw_FactSolutionBilledOpportunity,ProductKey,bigint,No Change,,,
CoSell,vw_FactSolutionBilledOpportunity,RevSumDivisionKey,bigint,No Change,,,
CoSell,vw_FactSolutionBilledOpportunity,SolutionKey,bigint,No Change,,,
CoSell,vw_FactSolutionBilledOpportunity,TPAccountKey,bigint,No Change,,,
CoSell,vw_FactSolutionBilledOpportunity,IndustryKey,bigint,No Change,,,
CoSell,vw_FactSolutionBilledOpportunity,IsCloudSolutionProviderSolutionAttached,varchar,No Change,,,
CoSell,vw_FactSolutionBilledOpportunity,GPSCRMSolutionID,varchar,No Change,,,
CoSell,vw_FactSolutionBilledOpportunity,OpportunityDueDateKey,int,No Change,,,
CoSell,vw_FactSolutionBilledOpportunity,OpportunityRevenue,decimal,No Change,,,
CoSell,vw_FactSolutionBilledOpportunity,SellerCoSellIncentiveKey,int,No Change,,,
CoSell,vw_FactSolutionBilledOpportunity,SolutionAreaKey,bigint,No Change,,,
CoSell,vw_FactSolutionBilledOpportunity,CustomerAccountLifeCyclePartnerOneGPSCRMID,varchar,No Change,,,
CoSell,vw_FactSolutionConsumptionOpportunity,AccountTeamUnitKey,int,No Change,,,
CoSell,vw_FactSolutionConsumptionOpportunity,CRMPartnerAccountKey,varchar,No Change,,,
CoSell,vw_FactSolutionConsumptionOpportunity,CustomerGeographyKey,bigint,No Change,,,
CoSell,vw_FactSolutionConsumptionOpportunity,CustomerSegmentKey,bigint,No Change,,,
CoSell,vw_FactSolutionConsumptionOpportunity,OpportunityKey,bigint,No Change,,,
CoSell,vw_FactSolutionConsumptionOpportunity,EngagementMilestoneKey,bigint,No Change,,,
CoSell,vw_FactSolutionConsumptionOpportunity,MSXWorkloadKey,int,No Change,,,
CoSell,vw_FactSolutionConsumptionOpportunity,PartnerDealKey,bigint,No Change,,,
CoSell,vw_FactSolutionConsumptionOpportunity,PartnerOneKey,int,No Change,,,
CoSell,vw_FactSolutionConsumptionOpportunity,SolutionKey,bigint,No Change,,,
CoSell,vw_FactSolutionConsumptionOpportunity,TPAccountKey,bigint,No Change,,,
CoSell,vw_FactSolutionConsumptionOpportunity,EstimatedCompletionDateKey,int,No Change,,,
CoSell,vw_FactSolutionConsumptionOpportunity,EstimatedMonthlyUsage,decimal,No Change,,,
CoSell,vw_FactSolutionConsumptionOpportunity,EstimatedAnnualUsageMilestone,float,No Change,,,
CoSell,vw_FactSolutionConsumptionOpportunity,IndustryKey,bigint,No Change,,,
CoSell,vw_FactSolutionConsumptionOpportunity,IsCloudSolutionProviderSolutionAttached,varchar,No Change,,,
CoSell,vw_FactSolutionConsumptionOpportunity,GPSCRMSolutionID,varchar,No Change,,,
CoSell,vw_FactSolutionConsumptionOpportunity,SellerCoSellIncentiveKey,int,No Change,,,
CoSell,vw_FactSolutionConsumptionOpportunity,SolutionAreaKey,bigint,No Change,,,
CoSell,vw_FactSolutionPartnerDeal,AccountTeamUnitKey,int,No Change,,,
CoSell,vw_FactSolutionPartnerDeal,CRMPartnerAccountKey,varchar,No Change,,,
CoSell,vw_FactSolutionPartnerDeal,CustomerGeographyKey,bigint,No Change,,,
CoSell,vw_FactSolutionPartnerDeal,CustomerSegmentKey,bigint,No Change,,,
CoSell,vw_FactSolutionPartnerDeal,OpportunityKey,bigint,No Change,,,
CoSell,vw_FactSolutionPartnerDeal,PartnerDealKey,bigint,No Change,,,
CoSell,vw_FactSolutionPartnerDeal,PartnerDealSolutionAttachedKey,varchar,No Change,,,
CoSell,vw_FactSolutionPartnerDeal,PartnerOneKey,int,No Change,,,
CoSell,vw_FactSolutionPartnerDeal,SolutionKey,bigint,No Change,,,
CoSell,vw_FactSolutionPartnerDeal,TPAccountKey,bigint,No Change,,,
CoSell,vw_FactSolutionPartnerDeal,ApprovalDateKey,int,No Change,,,
CoSell,vw_FactSolutionPartnerDeal,Approval_ReportedDateKey,int,No Change,,,
CoSell,vw_FactSolutionPartnerDeal,IPCoSellDealReg_Azure,float,No Change,,,
CoSell,vw_FactSolutionPartnerDeal,DealSourceType,varchar,No Change,,,
CoSell,vw_FactSolutionPartnerDeal,IndustryKey,bigint,No Change,,,
CoSell,vw_FactSolutionPartnerDeal,IsPartnerReportedAzureConsumptionRevenue,varchar,No Change,,,
CoSell,vw_FactSolutionPartnerDeal,IsSolutionAttached,varchar,No Change,,,
CoSell,vw_FactSolutionPartnerDeal,IsSolutionAttached_Deal,varchar,No Change,,,
CoSell,vw_FactSolutionPartnerDeal,IsSolutionAttached_Opportunity,varchar,No Change,,,
CoSell,vw_FactSolutionPartnerDeal,GPSCRMSolutionID,varchar,No Change,,,
CoSell,vw_FactSolutionPartnerDeal,PartnerRevenueCD,int,No Change,,,
CoSell,vw_FactSolutionPartnerDeal,PartnerReportedAzureConsumptionRevenue_Azure,decimal,No Change,,,
CoSell,vw_FactSolutionPartnerDeal,PSXDealID,varchar,No Change,,,
CoSell,vw_FactSolutionPartnerDeal,SolutionAreaKey,bigint,No Change,,,
CoSell,vw_FactSolutionPartnerDeal,SellerCoSellIncentiveKey,int,No Change,,,
CoSell,vw_FactSolutionPartnerDeal,ServiceCompGroupingKey,int,No Change,,,
CoSell,vw_FactSolutionPartnerDeal,CustomerAccountLifeCyclePartnerOneOCPCRMID,varchar,No Change,,,
CoSell,vw_FactSolutionPracticeIndustryCountry,CapacityGeographyKey,bigint,No Change,,,
CoSell,vw_FactSolutionPracticeIndustryCountry,IndustryKey,bigint,No Change,,,
CoSell,vw_FactSolutionPracticeIndustryCountry,PartnerOneKey,int,No Change,,,
CoSell,vw_FactSolutionPracticeIndustryCountry,SolutionKey,bigint,No Change,,,
CoSell,vw_FactSolutionPracticeIndustryCountry,SolutionAreaKey,bigint,No Change,,,
CoSell,vw_FactSolutionPracticeIndustryCountry,IsPrioritizedSolution,int,No Change,,,
CoSell,vw_FactSolutionPracticeIndustryCountry,Source,varchar,No Change,,,
CoSell,vw_FactSolutionPracticeIndustryCountry,CustomerAccountLifeCyclePartnerOneGPSCRMID,varchar,No Change,,,
CoSell,vw_HistoricalRecruitFlags,AccountKey,varchar,No Change,,,
CoSell,vw_HistoricalRecruitFlags,GPSCRMID,varchar,No Change,,,
CoSell,vw_HistoricalRecruitFlags,PartnerOneID,varchar,No Change,,,
CoSell,vw_HistoricalRecruitFlags,IsFY25RecruitPartner,varchar,No Change,,,
CoSell,vw_HistoricalRecruitFlags,IsFY26RecruitPartner,varchar,No Change,,,
CoSell,vw_HistoricalRecruitFlags,PartnerDevelopmentManagerRoleAssignedFrom,datetime2,No Change,,,
CoSell,vw_HistoricalRecruitFlags,PartnerDevelopmentManagerRoleAssignedTo,datetime2,No Change,,,
CoSell,vw_HistoryAccount,GPSCRMAccountKey,varchar,No Change,,,
CoSell,vw_HistoryAccount,AccountName,varchar,No Change,,,
CoSell,vw_HistoryAccount,AccountStatus,varchar,No Change,,,
CoSell,vw_HistoryAccount,AddressLine1,varchar,No Change,,,
CoSell,vw_HistoryAccount,AddressLine2,varchar,No Change,,,
CoSell,vw_HistoryAccount,AddressLine3,varchar,No Change,,,
CoSell,vw_HistoryAccount,BusinessUnit,varchar,No Change,,,
CoSell,vw_HistoryAccount,City,varchar,No Change,,,
CoSell,vw_HistoryAccount,CountryCode,varchar,No Change,,,
CoSell,vw_HistoryAccount,Created,datetime2,No Change,,,
CoSell,vw_HistoryAccount,CreatedByUserId,varchar,No Change,,,
CoSell,vw_HistoryAccount,PMXAccountURL,varchar,No Change,,,
CoSell,vw_HistoryAccount,ModifiedByUserId,varchar,No Change,,,
CoSell,vw_HistoryAccount,Custom1,varchar,No Change,,,
CoSell,vw_HistoryAccount,Custom2,varchar,No Change,,,
CoSell,vw_HistoryAccount,Custom3,varchar,No Change,,,
CoSell,vw_HistoryAccount,Custom4,varchar,No Change,,,
CoSell,vw_HistoryAccount,ManagementLevel,varchar,No Change,,,
CoSell,vw_HistoryAccount,GPSCRMID,varchar,No Change,,,
CoSell,vw_HistoryAccount,PartnerOneID,varchar,No Change,,,
CoSell,vw_HistoryAccount,PartnerOneName,varchar,No Change,,,
CoSell,vw_HistoryAccount,PartnerSegment,varchar,No Change,,,
CoSell,vw_HistoryAccount,PartnerSubSegment,varchar,No Change,,,
CoSell,vw_HistoryAccount,PostalCode,varchar,No Change,,,
CoSell,vw_HistoryAccount,RoleType,varchar,No Change,,,
CoSell,vw_HistoryAccount,RowInsertedDateTime,datetime2,No Change,,,
CoSell,vw_HistoryAccount,StateOrProvince,varchar,No Change,,,
CoSell,vw_HistoryAccount,Tags,varchar,No Change,,,
CoSell,vw_HistoryAccount,ValidFrom,datetime2,No Change,,,
CoSell,vw_HistoryAccount,ValidTo,datetime2,No Change,,,
CoSell,vw_HistoryAccount,Website,varchar,No Change,,,
CoSell,vw_HistoryAccount,CrmModifiedOn,datetime2,No Change,,,
CoSell,vw_HistoryAccountToPersonMappingHistory,GPSCRMAccountKey,varchar,No Change,,,
CoSell,vw_HistoryAccountToPersonMappingHistory,AccountPersonKey,varchar,No Change,,,
CoSell,vw_HistoryAccountToPersonMappingHistory,CrmModifiedOn,datetime2,No Change,,,
CoSell,vw_HistoryAccountToPersonMappingHistory,ValidDateFrom,datetime2,No Change,,,
CoSell,vw_HistoryAccountToPersonMappingHistory,ValidDateTo,datetime2,No Change,,,
CoSell,vw_Hub_vw_stringmap,EDLPExtractId,varchar,No Change,,,
CoSell,vw_Hub_vw_stringmap,AttributeName,varchar,No Change,,,
CoSell,vw_Hub_vw_stringmap,AttributeValue,int,No Change,,,
CoSell,vw_Hub_vw_stringmap,EntityId,int,No Change,,,
CoSell,vw_Hub_vw_stringmap,EntityName,varchar,No Change,,,
CoSell,vw_Hub_vw_stringmap,IsActive,bit,No Change,,,
CoSell,vw_Hub_vw_stringmap,OdsModifiedDate,datetime2,No Change,,,
CoSell,vw_Hub_vw_stringmap,PreviousAttributeValue,int,No Change,,,
CoSell,vw_Hub_vw_stringmap,PreviousValue,varchar,No Change,,,
CoSell,vw_Hub_vw_stringmap,StringMapId,varchar,No Change,,,
CoSell,vw_Hub_vw_stringmap,StringMapSeqNo,bigint,No Change,,,
CoSell,vw_Hub_vw_stringmap,TenantId,int,No Change,,,
CoSell,vw_Hub_vw_stringmap,Value,varchar,No Change,,,
CoSell,vw_Hub_vw_stringmap,ViewAttributeName,varchar,No Change,,,
CoSell,vw_Hub_vw_stringmap,ViewName,varchar,No Change,,,
CoSell,vw_Hub_vw_stringmap,EDLPExtractDateTime,datetime2,No Change,,,
CoSell,vw_Hub_vw_stringmap,EDLPLoadTS,varchar,No Change,,,
CoSell,vw_Hub_vw_stringmap,EDLPModifiedDateTime,datetime2,No Change,,,
CoSell,vw_Hub_vw_stringmap,EDLPDeltaActionCode,varchar,No Change,,,
CoSell,vw_MapAccountTag,AccountKey,int,No Change,,,
CoSell,vw_MapAccountTag,AccountTagKey,bigint,No Change,,,
CoSell,vw_MapIndustrySolution,SolutionKey,bigint,No Change,,,
CoSell,vw_MapIndustrySolution,IndustrySKID,bigint,No Change,,,
CoSell,vw_MapOfferPartnerDeal,PartnerDealKey,bigint,No Change,,,
CoSell,vw_MapOfferPartnerDeal,MarketplaceOfferKey,bigint,No Change,,,
CoSell,vw_MapOpportunityPartner,OpportunityKey,bigint,No Change,,,
CoSell,vw_MapOpportunityPartner,OpportunityNumber,varchar,No Change,,,
CoSell,vw_MapOpportunityPartner,PartnerDealKey,bigint,No Change,,,
CoSell,vw_MapOpportunityPartner,PSXDealID,varchar,No Change,,,
CoSell,vw_MapOpportunityPartner,CRMPartnerAccountKey,varchar,No Change,,,
CoSell,vw_MapOpportunityPartnerDeal,OpportunityKey,bigint,No Change,,,
CoSell,vw_MapOpportunityPartnerDeal,PartnerDealKey,bigint,No Change,,,
CoSell,vw_MapOpportunitySalesProgram,OpportunityKey,bigint,No Change,,,
CoSell,vw_MapOpportunitySalesProgram,SalesProgramKey,bigint,No Change,,,
CoSell,vw_MapOpportunitySolution,OpportunityKey,bigint,No Change,,,
CoSell,vw_MapOpportunitySolution,SolutionKey,bigint,No Change,,,
CoSell,vw_MapPartnerDeal,CRMPartnerAccountKey,varchar,No Change,,,
CoSell,vw_MapPartnerDeal,PartnerDealKey,bigint,No Change,,,
CoSell,vw_MapPartnerOneAccountTag,PartnerOneKey,int,No Change,,,
CoSell,vw_MapPartnerOneAccountTag,AccountTagKey,bigint,No Change,,,
CoSell,vw_MapPartnerOpportunity,CRMPartnerAccountKey,varchar,No Change,,,
CoSell,vw_MapPartnerOpportunity,OpportunityKey,bigint,No Change,,,
CoSell,vw_MapPrioritizedAndReadyPartnersConsumptionOpportunity,CapacityGeographyKey,bigint,No Change,,,
CoSell,vw_MapPrioritizedAndReadyPartnersConsumptionOpportunity,CustomerGeographyKey,bigint,No Change,,,
CoSell,vw_MapPrioritizedAndReadyPartnersConsumptionOpportunity,CustomerSegmentKey,bigint,No Change,,,
CoSell,vw_MapPrioritizedAndReadyPartnersConsumptionOpportunity,PartnerOneKey,int,No Change,,,
CoSell,vw_MapPrioritizedAndReadyPartnersConsumptionOpportunity,SolutionKey,bigint,No Change,,,
CoSell,vw_MapPrioritizedAndReadyPartnersConsumptionOpportunity,TPAccountKey,bigint,No Change,,,
CoSell,vw_MapPrioritizedAndReadyPartnersConsumptionOpportunity,CustomerSubsidiary,varchar,No Change,,,
CoSell,vw_MapPrioritizedAndReadyPartnersConsumptionOpportunity,OpportunityCreatedDateKey,int,No Change,,,
CoSell,vw_MapPrioritizedAndReadyPartnersConsumptionOpportunity,OpportunityKey,bigint,No Change,,,
CoSell,vw_MapPrioritizedAndReadyPartnersConsumptionOpportunity,OpportunityNumber,varchar,No Change,,,
CoSell,vw_MapPrioritizedAndReadyPartnersConsumptionOpportunity,EstimatedCompletionDateKey,int,No Change,,,
CoSell,vw_MapPrioritizedAndReadyPartnersConsumptionOpportunity,EstimatedStartDateKey,int,No Change,,,
CoSell,vw_MapPrioritizedAndReadyPartnersConsumptionOpportunity,IndustryKey,bigint,No Change,,,
CoSell,vw_MapPrioritizedAndReadyPartnersConsumptionOpportunity,IsOpportunitySharedWithPartner,varchar,No Change,,,
CoSell,vw_MapPrioritizedAndReadyPartnersConsumptionOpportunity,IsPrioritizedSolution,int,No Change,,,
CoSell,vw_MapPrioritizedAndReadyPartnersConsumptionOpportunity,Partnerkey,int,No Change,,,
CoSell,vw_MapPrioritizedAndReadyPartnersConsumptionOpportunity,PartnerGeographyKey,int,No Change,,,
CoSell,vw_MapPrioritizedAndReadyPartnersConsumptionOpportunity,SolutionAreaKey,bigint,No Change,,,
CoSell,vw_MapPrioritizedAndReadyPartnersConsumptionOpportunity,Subsidiary,varchar,No Change,,,
CoSell,vw_MapPrioritizedAndReadyPartnersConsumptionOpportunity,PartnerOneReportingKey,bigint,No Change,,,
CoSell,vw_MapPrioritizedAndReadyPartnersConsumptionOpportunity,ReportingGeographyKey,int,No Change,,,
CoSell,vw_MapPrioritizedAndReadyPartnersConsumptionOpportunity,SharingTypeKey,int,No Change,,,
CoSell,vw_MapPrioritizedAndReadyPartnersConsumptionOpportunity,IsMultiPartner,varchar,No Change,,,
CoSell,vw_MapPrioritizedAndReadyPartnersOppty,CapacityGeographyKey,bigint,No Change,,,
CoSell,vw_MapPrioritizedAndReadyPartnersOppty,CustomerGeographyKey,bigint,No Change,,,
CoSell,vw_MapPrioritizedAndReadyPartnersOppty,CustomerSegmentKey,bigint,No Change,,,
CoSell,vw_MapPrioritizedAndReadyPartnersOppty,MSXRevSumDivisionKey,int,No Change,,,
CoSell,vw_MapPrioritizedAndReadyPartnersOppty,OpportunityKey,bigint,No Change,,,
CoSell,vw_MapPrioritizedAndReadyPartnersOppty,PartnerOneKey,int,No Change,,,
CoSell,vw_MapPrioritizedAndReadyPartnersOppty,ProductKey,bigint,No Change,,,
CoSell,vw_MapPrioritizedAndReadyPartnersOppty,RevSumDivisionKey,bigint,No Change,,,
CoSell,vw_MapPrioritizedAndReadyPartnersOppty,SolutionKey,bigint,No Change,,,
CoSell,vw_MapPrioritizedAndReadyPartnersOppty,TPAccountKey,bigint,No Change,,,
CoSell,vw_MapPrioritizedAndReadyPartnersOppty,CustomerSubsidiary,varchar,No Change,,,
CoSell,vw_MapPrioritizedAndReadyPartnersOppty,Industrykey,bigint,No Change,,,
CoSell,vw_MapPrioritizedAndReadyPartnersOppty,IsPartnerDealPresent,varchar,No Change,,,
CoSell,vw_MapPrioritizedAndReadyPartnersOppty,IsPrioritizedSolution,int,No Change,,,
CoSell,vw_MapPrioritizedAndReadyPartnersOppty,OpportunityNumber,varchar,No Change,,,
CoSell,vw_MapPrioritizedAndReadyPartnersOppty,OpptyCreatedDateKey,int,No Change,,,
CoSell,vw_MapPrioritizedAndReadyPartnersOppty,OpptyDueDateKey,int,No Change,,,
CoSell,vw_MapPrioritizedAndReadyPartnersOppty,PartnerGeographyKey,int,No Change,,,
CoSell,vw_Associated_DimPartnerReferral,DimPartnerReferralKey,bigint,No Change,,,
CoSell,vw_Associated_DimPartnerReferral,PartnerCenterReferralId,varchar,No Change,,,
CoSell,vw_Associated_DimPartnerReferral,ReferralName,varchar,No Change,,,
CoSell,vw_Associated_DimPartnerReferral,PartnerCenterReferralStatus,varchar,No Change,,,
CoSell,vw_Associated_DimPartnerReferral,PartnerCenterReferralSubStatus,varchar,No Change,,,
CoSell,vw_Associated_DimPartnerReferral,PartnerCenterEngagementId,varchar,No Change,,,
CoSell,vw_Associated_DimPartnerReferral,RecordType,varchar,No Change,,,
CoSell,vw_Associated_DimPartnerReferral,ReferralProgram,varchar,No Change,,,
CoSell,vw_Associated_DimPartnerReferral,ReferralQualification,varchar,No Change,,,
CoSell,vw_Associated_DimPartnerReferral,ReferralType,varchar,No Change,,,
CoSell,vw_Associated_DimPartnerReferral,ReferralSubType,varchar,No Change,,,
CoSell,vw_Associated_DimPartnerReferral,SolutionId,varchar,No Change,,,
CoSell,vw_Associated_DimPartnerReferral,PartnerIntent,varchar,No Change,,,
CoSell,vw_Associated_DimPartnerReferral,PartnerAcceptanceStatus,varchar,No Change,,,
CoSell,vw_Associated_DimPartnerReferral,PartnerAccountId,varchar,No Change,,,
CoSell,vw_Associated_DimPartnerReferral,PartnerCenterAcceptedDate,datetime2,No Change,,,
CoSell,vw_Associated_DimPartnerReferral,PartnerCenterAccountId,varchar,No Change,,,
CoSell,vw_Associated_DimPartnerReferral,PartnerCenterAccountName,varchar,No Change,,,
CoSell,vw_Associated_DimPartnerReferral,PartnerCenterCampaignId,varchar,No Change,,,
CoSell,vw_Associated_DimPartnerReferral,PartnerCenterClosingDate,datetime2,No Change,,,
CoSell,vw_Associated_DimPartnerReferral,PartnerCenterConsentToContact,bit,No Change,,,
CoSell,vw_Dim_MSXWinsWithSolutionAttach,IsPrioritizedSolution,int,No Change,,,
CoSell,vw_Dim_MSXWinsWithSolutionAttach,OpportunityDealDueOREstimatedDateKey,int,No Change,,,
CoSell,vw_Dim_MSXWinsWithSolutionAttach,OpportunityDealKey,bigint,No Change,,,
CoSell,vw_Dim_MSXWinsWithSolutionAttach,SolutionAreaKey,bigint,No Change,,,
CoSell,vw_Dim_MSXWinsWithSolutionAttach,Type,varchar,No Change,,,
CoSell,vw_Dim_MSXWinsWithSolutionAttach,IsOpportunityDealDueOREstimatedInTrailing12Months,varchar,No Change,,,
CoSell,vw_Dim_MSXWinsWithSolutionAttach,AccountTeamUnitKey,int,No Change,,,
CoSell,vw_Dim_MSXWinsWithSolutionAttach,CRMPartnerAccountKey,varchar,No Change,,,
CoSell,vw_Dim_MSXWinsWithSolutionAttach,CustomerSegmentKey,bigint,No Change,,,
CoSell,vw_Dim_MSXWinsWithSolutionAttach,MSXRevSumDivisionKey,int,No Change,,,
CoSell,vw_Dim_MSXWinsWithSolutionAttach,PartnerOneKey,int,No Change,,,
CoSell,vw_Dim_MSXWinsWithSolutionAttach,TPAccountKey,int,No Change,,,
CoSell,vw_Dim_MSXWinsWithSolutionAttach,IndustryKey,bigint,No Change,,,
CoSell,vw_Dim_MSXWinsWithSolutionAttach,IsSolutionConsideredWithWin,varchar,No Change,,,
CoSell,vw_Dim_MSXWinsWithSolutionAttach,OpportunityDealIDNumber,varchar,No Change,,,
CoSell,vw_Dim_MSXWinsWithSolutionAttach,RevSumDivisionKey,bigint,No Change,,,
CoSell,vw_Dim_MSXWinsWithSolutionAttach,Subsidiary,varchar,No Change,,,
CoSell,vw_Dim_MSXWinsWithSolutionAttach,CustomerAccountLifeCyclePartnerOneGPSCRMID,varchar,No Change,,,
CoSell,vw_Dim_PartnerDeal_Duration,DurationType,varchar,No Change,,,
CoSell,vw_Dim_PartnerDeal_Duration,DurationTypeKey,int,No Change,,,
CoSell,vw_Dim_PartnerDealSolutionAttached,PartnerDealSolutionAttachedKey,varchar,No Change,,,
CoSell,vw_Dim_PartnerDealSolutionAttached,IsSolutionAttachedOpportunity,varchar,No Change,,,
CoSell,vw_Dim_PartnerDealSolutionAttached,IsSolutionAttachedDeal,varchar,No Change,,,
CoSell,vw_Dim_Solution,AccountName,varchar,No Change,,,
CoSell,vw_Dim_Solution,AzurePlatform,varchar,No Change,,,
CoSell,vw_Dim_Solution,GPSCRMAccountID,varchar,No Change,,,
CoSell,vw_Dim_Solution,CoSellReadyDateFiscalMonth,varchar,No Change,,,
CoSell,vw_Dim_Solution,CoSellReadyDateFiscalQuarter,varchar,No Change,,,
CoSell,vw_Dim_Solution,cppOfferId,varchar,No Change,,,
CoSell,vw_Dim_Solution,CreatedOn,date,No Change,,,
CoSell,vw_Dim_Solution,CreatedOnFiscalMonthName,varchar,No Change,,,
CoSell,vw_Dim_Solution,CreatedOnFiscalYear,varchar,No Change,,,
CoSell,vw_Dim_Solution,Description,varchar,No Change,,,
CoSell,vw_Dim_Solution,LastModifiedDateInCatRP,varchar,No Change,,,
CoSell,vw_Dim_Solution,IsAvailableInAppSource,varchar,No Change,,,
CoSell,vw_Dim_Solution,IsCoSell,varchar,No Change,,,
CoSell,vw_Dim_Solution,IsEnterpriseCustomerSegment,varchar,No Change,,,
CoSell,vw_Dim_Solution,IsPartnerCenterMastered,bit,No Change,,,
CoSell,vw_Dim_Solution,IsTransactableInMarketplace,varchar,No Change,,,
CoSell,vw_Dim_Solution,IsISVConnectSolutionOrder,int,No Change,,,
CoSell,vw_Dim_Solution,IsO365Platform,varchar,No Change,,,
CoSell,vw_Dim_Solution,IsSQLPlatform,varchar,No Change,,,
CoSell,vw_Dim_Solution,IsActiveInCatalogRP,bit,No Change,,,
CoSell,vw_Dim_Solution,MSXSolutionID,varchar,No Change,,,
CoSell,vw_Dim_Solution,GPSCRMSolutionID,varchar,No Change,,,
CoSell,vw_Dim_Solution,PartnerOneID,varchar,No Change,,,
CoSell,vw_Dim_Solution,Platforms,varchar,No Change,,,
CoSell,vw_Dim_Solution,SolutionName,varchar,No Change,,,
CoSell,vw_Dim_Solution,SolutionURL,varchar,No Change,,,
CoSell,vw_Dim_Solution,SolutionKey,bigint,No Change,,,
CoSell,vw_Dim_Solution,AccountKey,varchar,No Change,,,
CoSell,vw_Dim_Solution,CatalogURL,varchar,No Change,,,
CoSell,vw_Dim_Solution,CoSellReadyDate,datetime2,No Change,,,
CoSell,vw_Dim_Solution,CoSellReadyDateFiscalYear,varchar,No Change,,,
CoSell,vw_Dim_Solution,CoSellReadyDateFiscalMonth_Order,int,No Change,,,
CoSell,vw_Dim_Solution,cppPublisherId,varchar,No Change,,,
CoSell,vw_Dim_Solution,CreatedOnFiscalMonthID,int,No Change,,,
CoSell,vw_Dim_Solution,CreatedOnFiscalQuarter,varchar,No Change,,,
CoSell,vw_Dim_Solution,CRMSolutionURL,varchar,No Change,,,
CoSell,vw_Dim_Solution,GTMReadiness,varchar,No Change,,,
CoSell,vw_Dim_Solution,SellerCosellIncentives,varchar,No Change,,,
CoSell,vw_Dim_Solution,IsAvailableInMarketplace,varchar,No Change,,,
CoSell,vw_Dim_Solution,IsCorporateCustomerSegment,varchar,No Change,,,
CoSell,vw_Dim_Solution,IsGDPR,varchar,No Change,,,
CoSell,vw_Dim_Solution,IsPartnerCenterWhitelisted,bit,No Change,,,
CoSell,vw_Dim_Solution,IsISVConnectSolution,varchar,No Change,,,
CoSell,vw_Dim_Solution,IsSMBCustomerSegment,varchar,No Change,,,
CoSell,vw_Dim_Solution,IsDynamicsPlatform,varchar,No Change,,,
CoSell,vw_Dim_Solution,IsWindowsPlatform,varchar,No Change,,,
CoSell,vw_Dim_Solution,HasSellerCoSellIncentives,varchar,No Change,,,
CoSell,vw_Dim_Solution,PartnerID,varchar,No Change,,,
CoSell,vw_Dim_Solution,OfferType,varchar,No Change,,,
CoSell,vw_Dim_Solution,PartnerOneName,varchar,No Change,,,
CoSell,vw_Dim_Solution,SolutionID,varchar,No Change,,,
CoSell,vw_Dim_Solution,SolutionType,varchar,No Change,,,
CoSell,vw_Associated_DimPartnerReferral,PartnerCenterConsentToMicrosoftToContactSpecificPartners,bit,No Change,,,
CoSell,vw_Associated_DimPartnerReferral,PartnerCenterConsentToShareInfoWithOthers,bit,No Change,,,
CoSell,vw_Associated_DimPartnerReferral,PartnerCenterConsentToShareReferralWithMicrosoftSellers,bit,No Change,,,
CoSell,vw_Associated_DimPartnerReferral,PartnerCenterCreatedDate,datetime2,No Change,,,
CoSell,vw_Associated_DimPartnerReferral,PartnerCenterCurrency,varchar,No Change,,,
CoSell,vw_Associated_DimPartnerReferral,PartnerCenterDealValue,varchar,No Change,,,
CoSell,vw_Associated_DimPartnerReferral,PartnerCenterExpirationDate,datetime2,No Change,,,
CoSell,vw_Associated_DimPartnerReferral,PartnerCenterInviteContextNotes,varchar,No Change,,,
CoSell,vw_Associated_DimPartnerReferral,PartnerCenter_Notes,varchar,No Change,,,
CoSell,vw_Associated_DimPartnerReferral,PartnerCenterStatusComments,varchar,No Change,,,
CoSell,vw_Associated_DimPartnerReferral,PartnerCenterStatusReason,varchar,No Change,,,
CoSell,vw_Associated_DimPartnerReferral,PartnerOneId,varchar,No Change,,,
CoSell,vw_Associated_DimPartnerReferral,PartnerReferralURL,varchar,No Change,,,
CoSell,vw_Associated_DimPartnerReferral,PartnerRevenueCD,decimal,No Change,,,
CoSell,vw_Associated_DimPartnerReferral,LeadId,varchar,No Change,,,
CoSell,vw_Associated_DimPartnerReferral,LeadNumber,varchar,No Change,,,
CoSell,vw_Associated_DimPartnerReferral,MicrosoftAcceptedDate,datetime2,No Change,,,
CoSell,vw_Associated_DimPartnerReferral,MicrosoftCampaignId,varchar,No Change,,,
CoSell,vw_DimATU,AccountTeamUnitID,int,No Change,,,
CoSell,vw_DimATU,AccountTeamUnitGroupManager,varchar,No Change,,,
CoSell,vw_DimATU,AccountTeamUnitGroupName,varchar,No Change,,,
CoSell,vw_DimATU,AccountTeamUnitManager,varchar,No Change,,,
CoSell,vw_DimATU,AccountTeamUnitName,varchar,No Change,,,
CoSell,vw_DimCapacityGeography,CapacityGeographyKey,bigint,No Change,,,
CoSell,vw_DimCapacityGeography,Area,varchar,No Change,,,
CoSell,vw_DimCapacityGeography,Country,varchar,No Change,,,
CoSell,vw_DimCapacityGeography,Region,varchar,No Change,,,
CoSell,vw_DimCapacityGeography,SubRegion,varchar,No Change,,,
CoSell,vw_DimCapacityGeography,Subsidiary,varchar,No Change,,,
CoSell,vw_DimChannelPartner,PartnerDealKey,bigint,No Change,,,
CoSell,vw_DimChannelPartner,DealPartnerOneKey,int,No Change,,,
CoSell,vw_DimChannelPartner,SolutionPartnerOneKey,int,No Change,,,
CoSell,vw_DimChannelPartner,ChannelPartnerOneKey,int,No Change,,,
CoSell,vw_DimChannelPartner,IsIPSameAsCoSell,int,No Change,,,
CoSell,vw_Associated_DimPartnerReferral,MicrosoftClosingDate,datetime2,No Change,,,
CoSell,vw_Associated_DimPartnerReferral,MicrosoftCreatedDate,datetime2,No Change,,,
CoSell,vw_Associated_DimPartnerReferral,MicrosoftCurrency,varchar,No Change,,,
CoSell,vw_Associated_DimPartnerReferral,MicrosoftDealValue,varchar,No Change,,,
CoSell,vw_Associated_DimPartnerReferral,MicrosoftExpirationDate,datetime2,No Change,,,
CoSell,vw_Associated_DimPartnerReferral,MicrosoftFinalStatus,varchar,No Change,,,
CoSell,vw_Associated_DimPartnerReferral,MicrosoftFinalSubStatus,varchar,No Change,,,
CoSell,vw_Associated_DimPartnerReferral,MicrosoftInviteContextNotes,varchar,No Change,,,
CoSell,vw_Associated_DimPartnerReferral,MicrosoftNotes,varchar,No Change,,,
CoSell,vw_Associated_DimPartnerReferral,MicrosoftReferralId,varchar,No Change,,,
CoSell,vw_Associated_DimPartnerReferral,MicrosoftReferralStatus,varchar,No Change,,,
CoSell,vw_Associated_DimPartnerReferral,MicrosoftReferralSubStatus,varchar,No Change,,,
CoSell,vw_Associated_DimPartnerReferral,MicrosoftStatusComments,varchar,No Change,,,
CoSell,vw_Associated_DimPartnerReferral,MicrosoftStatusReason,varchar,No Change,,,
CoSell,vw_Associated_DimPartnerReferral,PartnerID,varchar,No Change,,,
CoSell,vw_Associated_DimPartnerReferral,MSXCRMAccountName,varchar,No Change,,,
CoSell,vw_Associated_DimPartnerReferral,MSXCRMAccountNumber,varchar,No Change,,,
CoSell,vw_Associated_DimPartnerReferral,OpportunityId,varchar,No Change,,,
CoSell,vw_Associated_DimPartnerReferral,OpportunityNumber,varchar,No Change,,,
CoSell,vw_Associated_DimPartnerReferral,OpportunityType,varchar,No Change,,,
CoSell,vw_Associated_DimPartnerReferral,OrganizationId,varchar,No Change,,,
CoSell,vw_Associated_DimPartnerReferral,OrganizationName,varchar,No Change,,,
CoSell,vw_Associated_DimPartnerReferral,CreatedBy,varchar,No Change,,,
CoSell,vw_Associated_DimPartnerReferral,CTA,varchar,No Change,,,
CoSell,vw_Associated_DimPartnerReferral,CustomerCity,varchar,No Change,,,
CoSell,vw_Associated_DimPartnerReferral,CustomerCountryCode,varchar,No Change,,,
CoSell,vw_Associated_DimPartnerReferral,CustomerDunsId,varchar,No Change,,,
CoSell,vw_Associated_DimPartnerReferral,CustomerName,varchar,No Change,,,
CoSell,vw_Associated_DimPartnerReferral,CustomerOrgSize,varchar,No Change,,,
CoSell,vw_Associated_DimPartnerReferral,CustomerPostalCode,varchar,No Change,,,
CoSell,vw_Associated_DimPartnerReferral,CustomerState,varchar,No Change,,,
CoSell,vw_Associated_DimPartnerReferral,DealDirection,varchar,No Change,,,
CoSell,vw_Associated_DimPartnerReferral,DimAccountGeographyHierarchyKey,bigint,No Change,,,
CoSell,vw_Associated_DimPartnerReferral,DimOpportunityKey,bigint,No Change,,,
CoSell,vw_Associated_DimPartnerReferral,DimPartnerAccountKey,bigint,No Change,,,
CoSell,vw_Associated_DimPartnerReferral,DimSegmentHierarchyKey,bigint,No Change,,,
CoSell,vw_Associated_DimPartnerReferral,AssociatedPartnerAccountId,varchar,No Change,,,
CoSell,vw_Associated_DimPartnerReferral,ExternalReferenceId,varchar,No Change,,,
CoSell,vw_Associated_DimPartnerReferral,IncentiveLevel,varchar,No Change,,,
CoSell,vw_Associated_DimPartnerReferral,IncentiveType,varchar,No Change,,,
CoSell,vw_Associated_DimPartnerReferral,Industries,varchar,No Change,,,
CoSell,vw_Associated_DimPartnerReferral,InitiatedBy,varchar,No Change,,,
CoSell,vw_Associated_DimPartnerReferral,IOTAttachServices,varchar,No Change,,,
CoSell,vw_Associated_DimPartnerReferral,IOTAzureCertifiedDevice,varchar,No Change,,,
CoSell,vw_Associated_DimPartnerReferral,IOTCustomerLicenseAgreementNumber,bigint,No Change,,,
CoSell,vw_Associated_DimPartnerReferral,IsTest,bit,No Change,,,
CoSell,vw_Associated_DimPartnerReferral,Products,varchar,No Change,,,
CoSell,vw_Associated_DimPartnerReferral,SalesStage,varchar,No Change,,,
CoSell,vw_Associated_DimPartnerReferral,SellerAcceptanceStatus,varchar,No Change,,,
CoSell,vw_Associated_DimPartnerReferral,ServiceDescription,varchar,No Change,,,
CoSell,vw_DimChannelPartner,IsChannelSameAsCoSell,int,No Change,,,
CoSell,vw_DimCRMAccounts,CRMAccountKey,bigint,No Change,,,
CoSell,vw_DimCRMAccounts,CRMAccountID,varchar,No Change,,,
CoSell,vw_DimCRMAccounts,AccountID,varchar,No Change,,,
CoSell,vw_DimCRMAccounts,TPAccountID,int,No Change,,,
CoSell,vw_DimCRMAccounts,AccountName,varchar,No Change,,,
CoSell,vw_DimCRMAccounts,AccountNumber,varchar,No Change,,,
CoSell,vw_DimCRMAccounts,BigAreaName,varchar,No Change,,,
CoSell,vw_DimCRMAccounts,AreaName,varchar,No Change,,,
CoSell,vw_DimCRMAccounts,RegionName,varchar,No Change,,,
CoSell,vw_DimCRMAccounts,SubRegionName,varchar,No Change,,,
CoSell,vw_DimCRMAccounts,SubsidiaryName,varchar,No Change,,,
CoSell,vw_DimCRMAccounts,SegmentName,varchar,No Change,,,
CoSell,vw_DimCRMAccounts,CurrentFYSubSegmentName,varchar,No Change,,,
CoSell,vw_DimCRMAccounts,AccountOwner,varchar,No Change,,,
CoSell,vw_DimCRMAccounts,ParentingLevel,varchar,No Change,,,
CoSell,vw_DimCRMAccounts,AM,varchar,No Change,,,
CoSell,vw_DimCRMPartnerAccount,CRMPartnerAccountKey,varchar,No Change,,,
CoSell,vw_DimCRMPartnerAccount,PartnerOneId,int,No Change,,,
CoSell,vw_DimCRMPartnerAccount,PartnerOneName,varchar,No Change,,,
CoSell,vw_DimCRMPartnerAccount,MojaEnabled,varchar,No Change,,,
CoSell,vw_DimCRMPartnerAccount,PartnerType,varchar,No Change,,,
CoSell,vw_Bridge_CoSellPrioritizedSolutionPracticeCountry,SubRegion,varchar,No Change,,,
CoSell,vw_Bridge_CoSellPrioritizedSolutionPracticeCountry,Subsidiary,varchar,No Change,,,
CoSell,vw_Bridge_PrioritizedDealSharingAndWins,ATUKey,int,No Change,,,
CoSell,vw_Bridge_PrioritizedDealSharingAndWins,CustomerSegmentKey,bigint,No Change,,,
CoSell,vw_Bridge_PrioritizedDealSharingAndWins,TPAccountKey,bigint,No Change,,,
CoSell,vw_AccountToPersonMappingHistory,AccountKey,varchar,No Change,,,
CoSell,vw_AccountToPersonMappingHistory,AccountPersonKey,varchar,No Change,,,
CoSell,vw_AccountToPersonMappingHistory,RoleType,varchar,No Change,,,
CoSell,vw_AccountToPersonMappingHistory,CrmModifiedOn,datetime2,No Change,,,
CoSell,vw_AccountToPersonMappingHistory,ValidDateFrom,datetime2,No Change,,,
CoSell,vw_AccountToPersonMappingHistory,ValidDateTo,datetime2,No Change,,,
CoSell,vw_MapPrioritizedAndReadyPartnersOppty,SolutionArea,varchar,No Change,,,
CoSell,vw_MapPrioritizedAndReadyPartnersOppty,SolutionAreaKey,bigint,No Change,,,
CoSell,vw_MapPrioritizedAndReadyPartnersOppty,SolutionID,int,No Change,,,
CoSell,vw_MapPrioritizedAndReadyPartnersOppty,SolutionOpportunityMapKey,int,No Change,,,
CoSell,vw_MapPrioritizedAndReadyPartnersOppty,Subsidiary,varchar,No Change,,,
CoSell,vw_MapPrioritizedAndReadyPartnersOppty,PartnerOneReportingKey,bigint,No Change,,,
CoSell,vw_MapPrioritizedAndReadyPartnersOppty,ReportingGeographyKey,int,No Change,,,
CoSell,vw_MapPrioritizedAndReadyPartnersOppty,SharingTypeKey,int,No Change,,,
CoSell,vw_MapPrioritizedAndReadyPartnersOppty,IsMultiPartner,varchar,No Change,,,
CoSell,vw_MapSolutionPartnerOneReportingPartnerOneSubAccountTab,MapPartnerOneAccountKey,varchar,No Change,,,
CoSell,vw_MapSolutionPartnerOneReportingPartnerOneSubAccountTab,GPSCRMAccountKey,int,No Change,,,
CoSell,vw_MapSolutionPartnerOneReportingPartnerOneSubAccountTab,PartnerOneReportingKey,bigint,No Change,,,
CoSell,vw_MapSolutionPartnerOneReportingPartnerOneSubAccountTab,PartnerOneKey,int,No Change,,,
CoSell,vw_MapSolutionPartnerOneReportingPartnerOneSubAccountTab,ReportingGeographyKey,int,No Change,,,
CoSell,vw_MapSolutionPartnerOneReportingPartnerOneSubAccountTab,PartnerGeographyKey,int,No Change,,,
CoSell,vw_MapSolutionPractice,SolutionAreaKey,bigint,No Change,,,
CoSell,vw_MapSolutionPractice,SolutionKey,bigint,No Change,,,
CoSell,vw_MapSolutionSellerCoSellIncentiveCapacity,SolutionKey,bigint,No Change,,,
CoSell,vw_MapSolutionSellerCoSellIncentiveCapacity,SellerCoSellIncentiveKey,int,No Change,,,
CoSell,vw_MapSolutionSellInCountry,SellInCountryKey,int,No Change,,,
CoSell,vw_MapSolutionSellInCountry,SolutionKey,bigint,No Change,,,
CoSell,vw_Opportunity_MilestoneEstCompletionDate,OpptyMilestoneEstCompletionDateKey,int,No Change,,,
CoSell,vw_Opportunity_MilestoneEstCompletionDate,EstimatedCompletionDate,date,No Change,,,
CoSell,vw_Opportunity_MilestoneEstCompletionDate,EstimatedCompletionMonth,varchar,No Change,,,
CoSell,vw_Opportunity_MilestoneEstCompletionDate,EstimatedCompletionMonthId,int,No Change,,,
CoSell,vw_Opportunity_MilestoneEstCompletionDate,EstimatedCompletionQuarter,varchar,No Change,,,
CoSell,vw_Opportunity_MilestoneEstCompletionDate,EstimatedCompletionQuarterId,int,No Change,,,
CoSell,vw_Opportunity_MilestoneEstCompletionDate,EstimatedCompletionYear,varchar,No Change,,,
CoSell,vw_Opportunity_MilestoneEstCompletionDate,EstimatedCompletionYearId,int,No Change,,,
CoSell,vw_Opportunity_MilestoneEstCompletionDate,IsEstimatedCompletionInNext12Months,varchar,No Change,,,
CoSell,vw_Opportunity_MilestoneEstCompletionDate,IsEstimatedCompletionInTrailing12Months,varchar,No Change,,,
CoSell,vw_Opportunity_MilestoneEstCompletionDate,IsEstimatedCompletionInNext6Months,varchar,No Change,,,
CoSell,vw_Opportunity_MilestoneEstCompletionDate,IsEstimatedCompletionInTrailing6Months,varchar,No Change,,,
CoSell,vw_PartnerDealSolution_Snapshot,SolutionID,varchar,No Change,,,
CoSell,vw_PartnerDealSolution_Snapshot,SolutionName,varchar,No Change,,,
CoSell,vw_PartnerDealSolution_Snapshot,PartnerOneID,varchar,No Change,,,
CoSell,vw_PartnerDealSolution_Snapshot,GPSCRMID,varchar,No Change,,,
CoSell,vw_PartnerDealSolution_Snapshot,RowInsertedDate,datetime2,No Change,,,
CoSell,vw_PartnerDealSolution_Snapshot,ReportedCustomSegment,varchar,No Change,,,
CoSell,vw_PartnerDealSolution_Snapshot,MALFlagName,varchar,No Change,,,
CoSell,vw_SnapshotDimOpportunityWeekly,OpportunityNumber,varchar,No Change,,,
CoSell,vw_SnapshotDimOpportunityWeekly,OpportunityName,varchar,No Change,,,
CoSell,vw_SnapshotDimOpportunityWeekly,OpportunityType,varchar,No Change,,,
CoSell,vw_SnapshotDimOpportunityWeekly,OpportunityCreatedDate,date,No Change,,,
CoSell,vw_SnapshotFactMSXCombined,OpportunityKey,bigint,No Change,,,
CoSell,vw_SnapshotFactMSXCombined,DimAccountGeographyHierarchyKey,bigint,No Change,,,
CoSell,vw_SnapshotFactMSXCombined,DimProductHierarchyKey,bigint,No Change,,,
CoSell,vw_SnapshotFactMSXCombined,DimProductKey,bigint,No Change,,,
CoSell,vw_SnapshotFactMSXCombined,DimRevSumHierarchyKey,bigint,No Change,,,
CoSell,vw_SnapshotFactMSXCombined,DimPricingLevelHierarchyKey,bigint,No Change,,,
CoSell,vw_SnapshotFactMSXCombined,DimBusinessHierarchyKey,bigint,No Change,,,
CoSell,vw_SnapshotFactMSXCombined,DimSegmentHierarchyKey,bigint,No Change,,,
CoSell,vw_SnapshotFactMSXCombined,DimSalesDateKey,bigint,No Change,,,
CoSell,vw_SnapshotFactMSXCombined,DimFiscalMonthKey,bigint,No Change,,,
CoSell,vw_SnapshotFactMSXCombined,DimPrimaryProductGroupingKey,bigint,No Change,,,
CoSell,vw_SnapshotFactMSXCombined,SecAccountProductKey,bigint,No Change,,,
CoSell,vw_SnapshotFactMSXCombined,HqGeographyKey,bigint,No Change,,,
CoSell,vw_SnapshotFactMSXCombined,DimCloudProductKey,bigint,No Change,,,
CoSell,vw_SnapshotFactMSXCombined,DimSolutionAreaKey,bigint,No Change,,,
CoSell,vw_SnapshotFactMSXCombined,DimSolutionAreaDetailKey,bigint,No Change,,,
CoSell,vw_SnapshotFactMSXCombined,DimSalesPlayKey,bigint,No Change,,,
CoSell,vw_SnapshotFactMSXCombined,TPAccountKey,bigint,No Change,,,
CoSell,vw_SnapshotFactMSXCombined,CustomerGeographyKey,bigint,No Change,,,
CoSell,vw_SnapshotFactMSXCombined,CustomerSegmentKey,bigint,No Change,,,
CoSell,vw_SnapshotFactMSXCombined,ATUKey,int,No Change,,,
CoSell,vw_SnapshotFactMSXCombined,PartnerOneKey,int,No Change,,,
CoSell,vw_SnapshotFactMSXCombined,SharingTypekey,int,No Change,,,
CoSell,vw_SnapshotFactMSXCombined,Opportunity_CalculationKey,int,No Change,,,
CoSell,vw_SnapshotFactMSXCombined,SolutionKey,bigint,No Change,,,
CoSell,vw_SnapshotFactMSXCombined,OpptyDueOREstimatedMilestoneDateKey,int,No Change,,,
CoSell,vw_SnapshotFactMSXCombined,CreatedDateKey,int,No Change,,,
CoSell,vw_SnapshotFactMSXCombined,DueDateKey,int,No Change,,,
CoSell,vw_SnapshotFactMSXCombined,PartnerOneReportingKey,bigint,No Change,,,
CoSell,vw_SnapshotFactMSXCombined,PartnerReferralKey,bigint,No Change,,,
CoSell,vw_SnapshotFactMSXCombined,DimPartnerAccountKey,bigint,No Change,,,
CoSell,vw_SnapshotFactMSXCombined,CustomDealDirectionKey,int,No Change,,,
CoSell,vw_SnapshotFactMSXCombined,EstNoOfActivations,int,No Change,,,
CoSell,vw_SnapshotFactMSXCombined,BilledRevenue,decimal,No Change,,,
CoSell,vw_SnapshotFactMSXCombined,SecurityBilledRevenue,float,No Change,,,
CoSell,vw_SnapshotFactMSXCombined,MWBilledRevenue,float,No Change,,,
CoSell,vw_SnapshotFactMSXCombined,EstMonthlyUsage,decimal,No Change,,,
CoSell,vw_SnapshotFactMSXCombined,TotalOpportunityRevenue,float,No Change,,,
CoSell,vw_SnapshotFactMSXCombined,IsMSFTOriginatedDealAccepted,varchar,No Change,,,
CoSell,vw_SnapshotFactMSXCombined,IsPrioritizedPartner,int,No Change,,,
CoSell,vw_SnapshotFactMSXCombined,TotalContractValueCD,decimal,No Change,,,
CoSell,vw_SnapshotFactMSXCombined,PartnerRevenueCD,int,No Change,,,
CoSell,vw_SnapshotFactMSXCombined,IsMultiPartner,varchar,No Change,,,
CoSell,vw_SnapshotFactMSXCombined,IsQualifiedPipe,int,No Change,,,
CoSell,vw_SnapshotFactMSXCombined,PipelineCategory,varchar,No Change,,,
CoSell,vw_SnapshotFactMSXCombined,IsProductBundleAllocated,int,No Change,,,
CoSell,vw_SnapshotFactMSXCombined,ProductAllocationView,varchar,No Change,,,
CoSell,vw_SnapshotFactMSXCombined,Workloads,varchar,No Change,,,
CoSell,vw_SnapshotFactMSXCombined,ChildPartNumber,varchar,No Change,,,
CoSell,vw_SnapshotFactMSXCombined,PriceListType,varchar,No Change,,,
CoSell,vw_SnapshotFactMSXCombined,PriceList,varchar,No Change,,,
CoSell,vw_SnapshotFactMSXCombined,ProductType,varchar,No Change,,,
CoSell,vw_SnapshotFactMSXCombined,SolutionArea,varchar,No Change,,,
CoSell,vw_SnapshotFactMSXCombined,SolutionAreaDetail,varchar,No Change,,,
CoSell,vw_SnapshotFactMSXCombined,ExtendedAmountUsd,decimal,No Change,,,
CoSell,vw_SnapshotFactMSXCombined,CurrentRevenueUsd,decimal,No Change,,,
CoSell,vw_SnapshotFactMSXCombined,EstimatedPipelineRevenueUsd,decimal,No Change,,,
CoSell,vw_SnapshotFactMSXCombined,PipelineWonLostRevenueUsd,decimal,No Change,,,
CoSell,vw_SnapshotFactMSXCombined,ExtendedAmountCd,decimal,No Change,,,
CoSell,vw_SnapshotFactMSXCombined,ProductQuantity,bigint,No Change,,,
CoSell,vw_SnapshotFactMSXCombined,CommittedRevenue,decimal,No Change,,,
CoSell,vw_SnapshotFactMSXCombined,CommittedAtRiskRevenue,decimal,No Change,,,
CoSell,vw_SnapshotFactMSXCombined,QualifiedPipeline,decimal,No Change,,,
CoSell,vw_SnapshotFactMSXCombined,CloudMixesRevenue,decimal,No Change,,,
CoSell,vw_SnapshotFactMSXCombined,EngagementMilestoneKey,bigint,No Change,,,
CoSell,vw_SnapshotFactMSXCombined,DimConsumptionFiscalMonthKey,int,No Change,,,
CoSell,vw_SnapshotFactMSXCombined,DimWorkLoadKey,bigint,No Change,,,
CoSell,vw_SnapshotFactMSXCombined,MilestoneReportingWorkload,varchar,No Change,,,
CoSell,vw_SnapshotFactMSXCombined,EstMonthlyUsageCD,decimal,No Change,,,
CoSell,vw_SnapshotFactMSXCombined,MilestoneUsageEstimatedMonthly,decimal,No Change,,,
CoSell,vw_SnapshotFactMSXCombined,EstimatedRev,decimal,No Change,,,
CoSell,vw_SnapshotFactMSXCombined,ActiveUsersEstimated,int,No Change,,,
CoSell,vw_SnapshotFactMSXCombined,MilestoneActiveUsersEstimated,int,No Change,,,
CoSell,vw_SnapshotFactMSXCombined,ReportingGeographyKey,int,No Change,,,
CoSell,vw_SnapshotFactMSXCombined,OpptySolutionAreaKey,bigint,No Change,,,
CoSell,vw_SnapshotFactMSXCombined,OpportunityID,varchar,No Change,,,
CoSell,vw_SnapshotFactMSXCombined,IsSMBOpportunity,varchar,No Change,,,
CoSell,vw_SnapshotFactMSXCombined,Type,varchar,No Change,,,
CoSell,vw_SnapshotFactMSXCombined,TypeID,int,No Change,,,
CoSell,vw_SnapshotFactMSXCombined,defaultflag,int,No Change,,,
CoSell,vw_SnapshotFactMSXCombined,POSOTDataProcessedDate,datetime2,No Change,,,
CoSell,vw_SnapshotFactMSXCombined,DataSolutionProcessedDate,datetime2,No Change,,,
CoSell,vw_SnapshotFactMSXCombined,SecurityQualifiedPipeline,float,No Change,,,
CoSell,vw_SnapshotFactMSXCombined,MWQualifiedPipeline,float,No Change,,,
CoSell,vw_SnapshotFactMSXCombined,ReferralCount,bigint,No Change,,,
CoSell,vw_SnapshotFactMSXCombined,AssociatedCount,bigint,No Change,,,
CoSell,vw_SnapshotFactMSXCombined,AzureIpCosellCount,bigint,No Change,,,
CoSell,vw_SnapshotFactMSXCombined,InboundCount,bigint,No Change,,,
CoSell,vw_SnapshotFactMSXCombined,OutboundCount,bigint,No Change,,,
CoSell,vw_SnapshotFactMSXCombined,BilledPipelineHardwareCneDevicesCount,bigint,No Change,,,
CoSell,vw_SnapshotFactMSXCombined,BilledPipelineConsultingSupportCount,bigint,No Change,,,
CoSell,vw_SnapshotFactMSXCombined,MetricSharingNumerator,int,No Change,,,
CoSell,vw_SnapshotFactMSXCombined,MetricSharingDenominator,int,No Change,,,
CoSell,vw_SnapshotFactMSXCombined,TotalPartnerSharingNumerator,int,No Change,,,
CoSell,vw_SnapshotFactMSXCombined,TotalPartnerSharingDenominator,int,No Change,,,
CoSell,vw_SnapshotFactMSXCombined,TotalPartnerNotSharingNumerator,int,No Change,,,
CoSell,vw_SnapshotFactMSXCombined,TotalPartnerNotSharingDenominator,int,No Change,,,
CoSell,vw_SnapshotFactMSXCombined,MetricEligiblePartnerSharingNumerator,int,No Change,,,
CoSell,vw_SnapshotFactMSXCombined,MetricEligiblePartnerSharingDenominator,int,No Change,,,
CoSell,vw_SnapshotFactMSXCombined,WinsPartnerSharingNumerator,int,No Change,,,
CoSell,vw_SnapshotFactMSXCombined,WinsPartnerSharingDenominator,int,No Change,,,
CoSell,vw_SnapshotFactMSXCombined,CoSellPrioritizedTotalPartnerSharingNumerator,int,No Change,,,
CoSell,vw_SnapshotFactMSXCombined,CoSellPrioritizedTotalPartnerSharingDenominator,int,No Change,,,
CoSell,vw_SnapshotFactMSXCombined,CoSellPrioritizedMetricEligiblePartnerSharingNumerator,int,No Change,,,
CoSell,vw_SnapshotFactMSXCombined,CoSellPrioritizedMetricEligiblePartnerSharingDenominator,int,No Change,,,
CoSell,vw_SnapshotFactMSXCombined,CoSellPrioritizedWinsPartnerSharingNumerator,int,No Change,,,
CoSell,vw_SnapshotFactMSXCombined,CoSellPrioritizedWinsPartnerSharingDenominator,int,No Change,,,
CoSell,vw_SnapshotFactMSXCombined,InboundTotalPartnerSharingNumerator,int,No Change,,,
CoSell,vw_SnapshotFactMSXCombined,InboundTotalPartnerSharingDenominator,int,No Change,,,
CoSell,vw_SnapshotFactMSXCombined,InboundMetricEligiblePartnerSharingNumerator,int,No Change,,,
CoSell,vw_SnapshotFactMSXCombined,InboundMetricEligiblePartnerSharingDenominator,int,No Change,,,
CoSell,vw_SnapshotFactMSXCombined,InboundWinsPartnerSharingNumerator,int,No Change,,,
CoSell,vw_SnapshotFactMSXCombined,InboundWinsPartnerSharingDenominator,int,No Change,,,
CoSell,vw_SnapshotFactMSXCombined,OutboundTotalPartnerSharingNumerator,int,No Change,,,
CoSell,vw_SnapshotFactMSXCombined,OutboundTotalPartnerSharingDenominator,int,No Change,,,
CoSell,vw_SnapshotFactMSXCombined,OutboundMetricEligiblePartnerSharingNumerator,int,No Change,,,
CoSell,vw_SnapshotFactMSXCombined,OutboundMetricEligiblePartnerSharingDenominator,int,No Change,,,
CoSell,vw_SnapshotFactMSXCombined,OutboundWinsPartnerSharingNumerator,int,No Change,,,
CoSell,vw_SnapshotFactMSXCombined,OutboundWinsPartnerSharingDenominator,int,No Change,,,
CoSell,vw_SnapshotFactMSXCombined,CoSellPrioritizedInboundTotalPartnerSharingNumerator,int,No Change,,,
CoSell,vw_SnapshotFactMSXCombined,CoSellPrioritizedInboundTotalPartnerSharingDenominator,int,No Change,,,
CoSell,vw_SnapshotFactMSXCombined,CoSellPrioritizedInboundMetricEligiblePartnerSharingNumerator,int,No Change,,,
CoSell,vw_SnapshotFactMSXCombined,CoSellPrioritizedInboundMetricEligiblePartnerSharingDenominator,int,No Change,,,
CoSell,vw_SnapshotFactMSXCombined,CoSellPrioritizedOutboundTotalPartnerSharingNumerator,int,No Change,,,
CoSell,vw_SnapshotFactMSXCombined,CoSellPrioritizedOutboundTotalPartnerSharingDenominator,int,No Change,,,
CoSell,vw_SnapshotFactMSXCombined,CoSellPrioritizedOutboundMetricEligiblePartnerSharingNumerator,int,No Change,,,
CoSell,vw_SnapshotFactMSXCombined,CoSellPrioritizedOutboundMetricEligiblePartnerSharingDenominator,int,No Change,,,
CoSell,vw_SnapshotFactMSXCombined,AzureIpCosellTotalPartnerSharingNumerator,int,No Change,,,
CoSell,vw_SnapshotFactMSXCombined,AzureIpCosellTotalPartnerSharingDenominator,int,No Change,,,
CoSell,vw_SnapshotFactMSXCombined,AzureIpCosellMetricEligiblePartnerSharingNumerator,int,No Change,,,
CoSell,vw_SnapshotFactMSXCombined,AzureIpCosellMetricEligiblePartnerSharingDenominator,int,No Change,,,
CoSell,vw_SnapshotFactMSXCombined,NoAssociatedPartnerSharingNumerator,int,No Change,,,
CoSell,vw_SnapshotFactMSXCombined,NoAssociatedPartnerSharingDenominator,int,No Change,,,
CoSell,vw_SnapshotFactMSXCombined,AssociatedPartnerSharingNumerator,int,No Change,,,
CoSell,vw_SnapshotFactMSXCombined,AssociatedPartnerSharingDenominator,int,No Change,,,
CoSell,vw_SnapshotFactMSXCombined,PartnerEngagedNumerator,int,No Change,,,
CoSell,vw_SnapshotFactMSXCombined,SolutionAreaSKID,int,No Change,,,
CoSell,vw_SnapshotFactMSXCombined,MSXSalesStage,varchar,No Change,,,
CoSell,vw_SnapshotFactMSXCombined,PartnerDealDirection,varchar,No Change,,,
CoSell,vw_SnapshotFactMSXCombined,PartnerReferralCreatedDate,varchar,No Change,,,
CoSell,vw_SnapshotFactMSXCombined,OpportunityType,varchar,No Change,,,
CoSell,vw_SnapshotFactMSXCombined,SnapShotDate,date,No Change,,,
CoSell,vw_SnapshotFactMSXCombined,BilledRevenueStatus,varchar,No Change,,,
CoSell,vw_SnapshotFactMSXCombined,ConsumptionStatus,varchar,No Change,,,
CoSell,vw_SnapshotFactMSXCombined,CustomerCommitment,varchar,No Change,,,
CoSell,vw_SnapshotFactMSXCombined,MilestoneDeliveredBy,varchar,No Change,,,
CoSell,vw_SnapshotFactMSXCombined,MilestoneStatus,varchar,No Change,,,
CoSell,vw_SnapshotFactMSXCombined,MilestoneCompletionDateEstimated,varchar,No Change,,,
CoSell,vw_SnapshotFactMSXCombined,PartnerSharingStatus,varchar,No Change,,,
CoSell,vw_SnapshotFactMSXCombined,ForecastRecommendation,varchar,No Change,,,
CoSell,vw_SnapshotFactMSXCombined,CustomDealDirection,varchar,No Change,,,
CoSell,vw_SolutionHistory,AccountKey,varchar,No Change,,,
CoSell,vw_SolutionHistory,SolutionKey,varchar,No Change,,,
CoSell,vw_SolutionHistory,AccountID,varchar,No Change,,,
CoSell,vw_SolutionHistory,CoSellReadyDate,date,No Change,,,
CoSell,vw_SolutionHistory,CustomerRelationshipManagementSolutionURL,varchar,No Change,,,
CoSell,vw_SolutionHistory,CustomerIsCorporate,int,No Change,,,
CoSell,vw_SolutionHistory,CustomerIsEnterprise,int,No Change,,,
CoSell,vw_SolutionHistory,CustomerIsSmallAndMediumBusiness,int,No Change,,,
CoSell,vw_SolutionHistory,Description,varchar,No Change,,,
CoSell,vw_SolutionHistory,GoToMarketQualifiedReadiness,varchar,No Change,,,
CoSell,vw_SolutionHistory,GoToMarketQualifiedReadinessType,int,No Change,,,
CoSell,vw_SolutionHistory,GoToMarketReadiness,varchar,No Change,,,
CoSell,vw_SolutionHistory,IsPartnerCenterWhitelisted,smallint,No Change,,,
CoSell,vw_SolutionHistory,RunsOnAzure,int,No Change,,,
CoSell,vw_SolutionHistory,RunsOnDynamics,int,No Change,,,
CoSell,vw_SolutionHistory,RunsOnSQL,int,No Change,,,
CoSell,vw_SolutionHistory,RunsOnSurface,int,No Change,,,
CoSell,vw_SolutionHistory,RunsOnWindows,int,No Change,,,
CoSell,vw_SolutionHistory,SolutionID,varchar,No Change,,,
CoSell,vw_SolutionHistory,SolutionName,varchar,No Change,,,
CoSell,vw_SolutionHistory,SolutionType,varchar,No Change,,,
CoSell,vw_SolutionHistory,PartnerOneID,varchar,No Change,,,
CoSell,vw_SolutionHistory,SellerCosellIncentives,varchar,No Change,,,
CoSell,vw_SolutionHistory,ValidFrom,datetime2,No Change,,,
CoSell,vw_SPM_ManagedTopParentAccounts_int,MSSalesAccountID,int,No Change,,,
CoSell,vw_SPM_ManagedTopParentAccounts_int,MSSalesAccountName,varchar,No Change,,,
CoSell,vw_SPM_ManagedTopParentAccounts_int,ManagementAccountID,varchar,No Change,,,
CoSell,vw_SPM_ManagedTopParentAccounts_int,ManagementAccountName,varchar,No Change,,,
CoSell,vw_SPM_ManagedTopParentAccounts_int,GPID,int,No Change,,,
CoSell,vw_SPM_ManagedTopParentAccounts_int,GPName,varchar,No Change,,,
CoSell,vw_SPM_ManagedTopParentAccounts_int,HQ/DS,varchar,No Change,,,
CoSell,vw_SPM_ManagedTopParentAccounts_int,SegmentGroup,varchar,No Change,,,
CoSell,vw_SPM_ManagedTopParentAccounts_int,Segment,varchar,No Change,,,
CoSell,vw_SPM_ManagedTopParentAccounts_int,SubSegment,varchar,No Change,,,
CoSell,vw_SPM_ManagedTopParentAccounts_int,Vertical,varchar,No Change,,,
CoSell,vw_SPM_ManagedTopParentAccounts_int,SubVertical,varchar,No Change,,,
CoSell,vw_SPM_ManagedTopParentAccounts_int,VerticalCategory,varchar,No Change,,,
CoSell,vw_SPM_ManagedTopParentAccounts_int,AreaID,varchar,No Change,,,
CoSell,vw_SPM_ManagedTopParentAccounts_int,AreaName,varchar,No Change,,,
CoSell,vw_SPM_ManagedTopParentAccounts_int,RegionID,varchar,No Change,,,
CoSell,vw_SPM_ManagedTopParentAccounts_int,RegionName,varchar,No Change,,,
CoSell,vw_SPM_ManagedTopParentAccounts_int,SubRegionID,varchar,No Change,,,
CoSell,vw_SPM_ManagedTopParentAccounts_int,SubRegionName,varchar,No Change,,,
CoSell,vw_SPM_ManagedTopParentAccounts_int,SubsidiaryGUID,varchar,No Change,,,
CoSell,vw_SPM_ManagedTopParentAccounts_int,SubsidiaryName,varchar,No Change,,,
CoSell,vw_SPM_ManagedTopParentAccounts_int,SalesGroupID,varchar,No Change,,,
CoSell,vw_SPM_ManagedTopParentAccounts_int,SalesGroup,varchar,No Change,,,
CoSell,vw_SPM_ManagedTopParentAccounts_int,SalesUnitID,varchar,No Change,,,
CoSell,vw_SPM_ManagedTopParentAccounts_int,SalesUnit,varchar,No Change,,,
CoSell,vw_SPM_ManagedTopParentAccounts_int,AccountTeamUnitGroupId,varchar,No Change,,,
CoSell,vw_SPM_ManagedTopParentAccounts_int,AccountTeamUnitGroup,varchar,No Change,,,
CoSell,vw_SPM_ManagedTopParentAccounts_int,AccountTeamUnitID,varchar,No Change,,,
CoSell,vw_SPM_ManagedTopParentAccounts_int,AccountTeamUnitName,varchar,No Change,,,
CoSell,vw_SPM_ManagedTopParentAccounts_int,SalesTerritoryGUID,varchar,No Change,,,
CoSell,vw_SPM_ManagedTopParentAccounts_int,SalesTerritoryName,varchar,No Change,,,
CoSell,vw_SPM_ManagedTopParentAccounts_int,AM,varchar,No Change,,,
CoSell,vw_SPM_ManagedTopParentAccounts_int,ATS,varchar,No Change,,,
CoSell,vw_SPM_ManagedTopParentAccounts_int,AccountTeamUnitManager,varchar,No Change,,,
CoSell,vw_SPM_ManagedTopParentAccounts_int,AccountTeamUnitGroupManager,varchar,No Change,,,
CoSell,vw_SPM_ManagedTopParentAccounts_int,AddressLine1,varchar,No Change,,,
CoSell,vw_SPM_ManagedTopParentAccounts_int,AddressLine2,varchar,No Change,,,
CoSell,vw_SPM_ManagedTopParentAccounts_int,AddressLine3,varchar,No Change,,,
CoSell,vw_SPM_ManagedTopParentAccounts_int,City,varchar,No Change,,,
CoSell,vw_SPM_ManagedTopParentAccounts_int,StateOrProvince,varchar,No Change,,,
CoSell,vw_SPM_ManagedTopParentAccounts_int,Country,varchar,No Change,,,
CoSell,vw_SPM_ManagedTopParentAccounts_int,PostalCode,varchar,No Change,,,
CoSell,vw_SPM_ManagedTopParentAccounts_int,MainPhone,varchar,No Change,,,
CoSell,vw_SPM_ManagedTopParentAccounts_int,WebsiteURL,varchar,No Change,,,
CoSell,vw_SPM_ManagedTopParentAccounts_int,GovernmentLevel,varchar,No Change,,,
CoSell,vw_SPM_ManagedTopParentAccounts_int,IsTopSMB,varchar,No Change,,,
CoSell,vw_SPM_ManagedTopParentAccounts_int,SmallAndMediumBusinessMALReason,varchar,No Change,,,
CoSell,vw_SPM_ManagedTopParentAccounts_int,ISDPresence,varchar,No Change,,,
CoSell,vw_SPM_ManagedTopParentAccounts_int,IsServiceEngagementAccount,varchar,No Change,,,
CoSell,vw_SPM_ManagedTopParentAccounts_int,ITGovernance,varchar,No Change,,,
CoSell,vw_SPM_ManagedTopParentAccounts_int,DunsNumber,varchar,No Change,,,
CoSell,vw_SPM_ManagedTopParentAccounts_int,EmployeeCount,decimal,No Change,,,
CoSell,vw_SPM_ManagedTopParentAccounts_int,Description,varchar,No Change,,,
CoSell,vw_SPM_ManagedTopParentAccounts_int,AccountGUID,varchar,No Change,,,
CoSell,vw_SPM_ManagedTopParentAccounts_int,ParentAccountGUID,varchar,No Change,,,
CoSell,vw_SPM_ManagedTopParentAccounts_int,IsRevenueAccount,varchar,No Change,,,
CoSell,vw_SPM_ManagedTopParentAccounts_int,OemOrganizationType,varchar,No Change,,,
CoSell,vw_SPM_ManagedTopParentAccounts_int,OemSummarySegment,varchar,No Change,,,
CoSell,vw_SPM_ManagedTopParentAccounts_int,MDMOrganizationID,bigint,No Change,,,
CoSell,vw_SPM_ManagedTopParentAccounts_int,AccountStatus,bit,No Change,,,
CoSell,vw_SPM_ManagedTopParentAccounts_int,AccountType,varchar,No Change,,,
CoSell,vw_SPM_ManagedTopParentAccounts_int,IsManagedAccount,varchar,No Change,,,
CoSell,vw_SPM_ManagedTopParentAccounts_int,CreatedOn,datetime2,No Change,,,
CoSell,vw_SPM_ManagedTopParentAccounts_int,CreatedBy,varchar,No Change,,,
CoSell,vw_SPM_ManagedTopParentAccounts_int,ModifiedOn,datetime2,No Change,,,
CoSell,vw_SPM_ManagedTopParentAccounts_int,ModifiedBy,varchar,No Change,,,
CoSell,vw_SPM_ManagedTopParentAccounts_int,Fax,varchar,Deprecate,,,
CoSell,vw_SPM_ManagedTopParentAccounts_int,PCCount,int,Deprecate,,,
CoSell,vw_SPM_ManagedTopParentAccounts_int,ServerCount,int,Deprecate,,,
CoSell,vw_SPM_ManagedTopParentAccounts_int,SmartPhoneCount,int,Deprecate,,,
CoSell,vw_SPM_ManagedTopParentAccounts_int,TabletCount,int,Deprecate,,,
CoSell,vw_SPM_ManagedTopParentAccounts_int,TaxID,varchar,Deprecate,,,
CoSell,vw_SPM_ManagedTopParentAccounts_int,CurrencyCode,varchar,Deprecate,,,
CoSell,vw_SPM_ManagedTopParentAccounts_int,IsOemManaged,varchar,Deprecate,,,
CoSell,vw_SPM_ManagedTopParentAccounts_int,CLAID,varchar,Deprecate,,,
CoSell,vw_SPMAllAssignmentDefinition,MSSalesAccountID,int,No Change,,,
CoSell,vw_SPMAllAssignmentDefinition,CRMAccountID,varchar,No Change,,,
CoSell,vw_SPMAllAssignmentDefinition,AssignmentStartDate,datetime2,No Change,,,
CoSell,vw_SPMAllAssignmentDefinition,AssignmentEndDate,datetime2,No Change,,,
CoSell,vw_SPMAllAssignmentDefinition,Alias,varchar,No Change,,,
CoSell,vw_SPMAllAssignmentDefinition,PositionNumber,int,No Change,,,
CoSell,vw_SPMAllAssignmentDefinition,PersonnelNumber,int,No Change,,,
CoSell,vw_SPMAllAssignmentDefinition,AssignmentStatus,varchar,No Change,,,
CoSell,vw_SPMAllAssignmentDefinition,RolePlayed,varchar,No Change,,,
CoSell,vw_SPMAllAssignmentDefinition,RoleType,varchar,No Change,,,
CoSell,vw_SPMAllAssignmentDefinition,Org,varchar,No Change,,,
CoSell,vw_SPMAllAssignmentDefinition,RoleSummary,varchar,No Change,,,
CoSell,vw_SPMAllAssignmentDefinition,Qualifier1,varchar,No Change,,,
CoSell,vw_SPMAllAssignmentDefinition,Qualifier2,varchar,No Change,,,
CoSell,vw_SPMAllAssignmentDefinition,AssignmentDefinitionGUID,varchar,No Change,,,
CoSell,vw_SPMAllAssignmentDefinition,AssignmentType,varchar,No Change,,,
CoSell,vw_SPMAllAssignmentDefinition,AssignmentValue,varchar,No Change,,,
CoSell,vw_SPMAllAssignmentDefinition,JustificationCategory,varchar,No Change,,,
CoSell,vw_SPMAllAssignmentDefinition,JustificationDescription,varchar,No Change,,,
CoSell,vw_SPMAllAssignmentDefinition,DoNotAssignToAccount,bit,No Change,,,
CoSell,vw_SPMAllAssignmentDefinition,CreatedBy,varchar,No Change,,,
CoSell,vw_SPMAllAssignmentDefinition,CreatedOn,datetime2,No Change,,,
CoSell,vw_SPMAllAssignmentDefinition,ModifiedBy,varchar,No Change,,,
CoSell,vw_SPMAllAssignmentDefinition,ModifiedOn,datetime2,No Change,,,
CoSell,vw_SPMAllAssignmentDefinition,SellerAssignmentGUID,varchar,No Change,,,
CoSell,vw_SPMAllAssignmentDefinition,RequesterAlias,varchar,No Change,,,
CoSell,vw_SPMAllAssignmentDefinition,ReviewerAlias,varchar,No Change,,,
CoSell,vw_SPMAllAssignmentDefinition,AccountOrgType,varchar,No Change,,,
CoSell,vw_SPMAllAssignmentDefinition,SellerCountryName,varchar,No Change,,,
CoSell,vw_SPMAllAssignmentDefinition,EDLPModifiedDateTime,datetime2,No Change,,,
CoSell,vw_SPMAllAssignmentDefinition,SellerSalesDistrictGUID,varchar,No Change,,,
CoSell,vw_SPMAllAssignmentDefinition,SellerSalesDistrictName,varchar,No Change,,,
CPECSAT,vw_GPSAverageSatScore,Wave,varchar,Deprecate,,,
CPECSAT,vw_GPSAverageSatScore,GPSCRMID,varchar,Deprecate,,,
CPECSAT,vw_GPSAverageSatScore,PartnerOneID,int,Deprecate,,,
CPECSAT,vw_GPSAverageSatScore,AccountName,varchar,Deprecate,,,
CPECSAT,vw_GPSAverageSatScore,AverageSatisfactionScore,float,Deprecate,,,
CPECSAT,vw_GPSAverageSatScore,SampleSize,int,Deprecate,,,
CSP,,,,New View,vw_Fact_Planning_Risk_Snapshot,CSPOnboardedDate,
CSP,,,,New View,vw_Fact_Planning_Risk_Snapshot,NCEFlag,
CSP,,,,New View,vw_Fact_Planning_Risk_Snapshot,SolutionArea,
CSP,,,,New View,vw_Fact_Planning_Risk_Snapshot,CSPStatus,
CSP,,,,New View,vw_Fact_Planning_Risk_Snapshot,CSPCurrentStatus,
CSP,,,,New View,vw_Fact_Planning_Risk_Snapshot,SubscriptionStatus,
CSP,,,,New View,vw_Fact_Planning_Risk_Snapshot,PartnerArea,
CSP,,,,New View,vw_Fact_Planning_Risk_Snapshot,AutoRenew,
CSP,,,,New View,vw_Fact_Planning_Risk_Snapshot,SubscriptionEndDate,
CSP,,,,New View,vw_Fact_Planning_Risk_Snapshot,EnterpriseAgreementFlag,
CSP,,,,New View,vw_Fact_Planning_Risk_Snapshot,HasMultipleCSPPartner,
CSP,,,,New View,vw_Fact_Planning_Risk_Snapshot,CustomerSubscriptionProductType,
CSP,,,,New View,vw_Fact_Planning_Risk_Snapshot,CustomerSummarySegment,
CSP,,,,New View,vw_Fact_Planning_Risk_Snapshot,CustomerCountry,
CSP,,,,New View,vw_Fact_Planning_Risk_Snapshot,IsTransacting,
CSP,,,,New View,vw_Fact_Planning_Risk_Snapshot,IsCustomerView,
CSP,,,,New View,vw_Fact_Planning_Risk_Snapshot,AccountSuspendedDate,
CSP,,,,New View,vw_Fact_Planning_Risk_Snapshot,AccountStatus,
CSP,,,,New View,vw_Fact_Planning_Risk_Snapshot,AccountEnrollmentSuspendedDate,
CSP,,,,New View,vw_Fact_Planning_Risk_Snapshot,EnrollmentStatus,
CSP,,,,New View,vw_Fact_Planning_Risk_Snapshot,SuspendedDate,
CSP,,,,New View,vw_Fact_Planning_Risk_Snapshot,IsPartnerSuspended,
CSP,,,,New View,vw_Fact_Planning_Risk_Snapshot,SuspensionType,
CSP,,,,New View,vw_Fact_Planning_Risk_Snapshot,IsAccountSuspended,
CSP,,,,New View,vw_Fact_Planning_Risk_Snapshot,IsEnrollmentSuspended,
CSP,,,,New View,vw_Fact_Planning_Risk_Snapshot,DimAssociatedCSPPartnerKey,
CSP,,,,New View,vw_Fact_Planning_Risk_Snapshot,DimCSPPartnerTypeIDKey,
CSP,,,,New View,vw_Fact_Planning_Risk_Snapshot,DimCSPPartnerTypeRegionIDKey,
CSP,,,,New View,vw_Fact_Planning_Risk_Snapshot,DimPartnerTenantTypeID,
CSP,,,,New View,vw_Fact_Planning_Risk_Snapshot,IsMultiTier,
CSP,,,,New View,vw_Fact_Planning_Risk_Snapshot,IsPartnerNotified,
CSP,,,,New View,vw_Fact_Planning_Risk_Snapshot,IsCustomerNotified,
CSP,,,,New View,vw_Fact_Planning_Risk_Snapshot,IsAssociatedPartnerNotified,
CSP,,,,New View,vw_Fact_Planning_Risk_Snapshot,CSPOnboardedMonth,
CSP,,,,New View,vw_Fact_Planning_Risk_Snapshot,IsCohortApplicable,
CSP,,,,New View,vw_Fact_Planning_Risk_Snapshot,CustomerViewBillingTPID,
CSP,,,,New View,vw_Fact_Planning_Risk_Snapshot,CustomerViewSubscriptionID,
CSP,,,,New View,vw_Fact_Planning_Risk_Snapshot,CustomerViewCustomerTenantId,
CSP,,,,New View,vw_Fact_Planning_Risk_Snapshot,DetailedBillingType,
CSP,,,,New View,vw_Fact_Planning_Risk_Snapshot,TTMRevenue,
CSP,,,,New View,vw_Fact_Planning_Risk_Snapshot,Customer_TTMRevenue,
CSP,,,,New View,vw_Fact_Planning_Risk_Snapshot,RevenueTranche,
CSP,,,,New View,vw_Fact_Planning_Risk_Snapshot,SoldSeats,
CSP,,,,New View,vw_Fact_Planning_Risk_Snapshot,LifeTimeRevenue,
CSP,,,,New View,vw_Fact_Planning_Risk_Snapshot,LostRevenue,
CSP,,,,New View,vw_Fact_Planning_Risk_Snapshot,OperationsPGARevenue,
CSP,,,,New View,vw_Fact_Planning_Risk_Snapshot,PartnerAtRiskID,
CSP,,,,New View,vw_Fact_Planning_Risk_Snapshot,SourcePublishSchema,
CSP,,,,New View,vw_Fact_Planning_Risk_Snapshot,SnapshotDate,
CSP,,,,New View,vw_Fact_Planning_Risk_Snapshot,SourceSchemaMonthName,
CSP,,,,New View,vw_Fact_Planning_Risk_Snapshot,CohortName,
CSP,,,,New View,vw_Fact_Planning_Risk_Snapshot,VettingCohort,
CSP,vw_Fact_Planning_Risk_Snapshot,IsRowNumberFlag,int,Deprecate,vw_Fact_Planning_Risk_Snapshot,IsRowNumberFlag,
CSP,,,,New View,vw_Fact_Planning_Risk_Snapshot,CSPProgramTier,
CSP,,,,New View,vw_Fact_Planning_Risk_Snapshot,HasCustomerTransitioned,
CSP,vw_Fact_AIP,BillableAccountId,bigint,No Change,vw_Fact_AIP,BillableAccountId,
CSP,vw_Fact_AIP,BillingSubsidiaryID,int,No Change,vw_Fact_AIP,BillingSubsidiaryID,
CSP,vw_Fact_AIP,BillingType,varchar,No Change,vw_Fact_AIP,BillingType,
CSP,vw_Fact_AIP,ChannelClassification,varchar,No Change,vw_Fact_AIP,ChannelClassification,
CSP,vw_Fact_AIP,converted_date,datetime2,No Change,vw_Fact_AIP,converted_date,
CSP,vw_Fact_AIP,CurrentSubscriptionStatus,varchar,No Change,vw_Fact_AIP,CurrentSubscriptionStatus,
CSP,vw_Fact_AIP,InvoiceDateKey,int,No Change,vw_Fact_AIP,InvoiceDateKey,
CSP,vw_Fact_AIP,IR_CSPPartnerID,varchar,No Change,vw_Fact_AIP,IR_CSPPartnerID,
CSP,vw_Fact_AIP,MarketingCategory,varchar,No Change,vw_Fact_AIP,MarketingCategory,
CSP,vw_Fact_AIP,OfferName,varchar,No Change,vw_Fact_AIP,OfferName,
CSP,vw_Fact_AIP,ResourceGUID,varchar,No Change,vw_Fact_AIP,ResourceGUID,
CSP,vw_Fact_AIP,sum_ChargesCD,decimal,No Change,vw_Fact_AIP,sum_ChargesCD,
CSP,vw_Fact_AIP,Tier1PartnerMPNId,varchar,No Change,vw_Fact_AIP,Tier1PartnerMPNId,
CSP,vw_Fact_AIP,BillingGroupId,varchar,No Change,vw_Fact_AIP,BillingGroupId,
CSP,vw_Fact_AIP,BillingTPID,int,No Change,vw_Fact_AIP,BillingTPID,
CSP,vw_Fact_AIP,BillingTypeName,varchar,No Change,vw_Fact_AIP,BillingTypeName,
CSP,vw_Fact_AIP,CloudCustomerGuid,varchar,No Change,vw_Fact_AIP,CloudCustomerGuid,
CSP,vw_Fact_AIP,CSPPartnerID,varchar,No Change,vw_Fact_AIP,CSPPartnerID,
CSP,vw_Fact_AIP,EndCustomerSubsegmentID,int,No Change,vw_Fact_AIP,EndCustomerSubsegmentID,
CSP,vw_Fact_AIP,InvoiceNumber,varchar,No Change,vw_Fact_AIP,InvoiceNumber,
CSP,vw_Fact_AIP,IsAutorenew,varchar,No Change,vw_Fact_AIP,IsAutorenew,
CSP,vw_Fact_AIP,MSCustomerGuid,varchar,No Change,vw_Fact_AIP,MSCustomerGuid,
CSP,vw_Fact_AIP,PaymentType,varchar,No Change,vw_Fact_AIP,PaymentType,
CSP,vw_Fact_AIP,SubscriptionGUID,varchar,No Change,vw_Fact_AIP,SubscriptionGUID,
CSP,vw_Fact_AIP,TenantCountryCode,varchar,No Change,vw_Fact_AIP,TenantCountryCode,
CSP,vw_Fact_AIP,Tier2PartnerMPNId,varchar,No Change,vw_Fact_AIP,Tier2PartnerMPNId,
CSP,vw_Fact_All_Up_AIP,ACR,decimal,No Change,vw_Fact_All_Up_AIP,ACR,
CSP,vw_Fact_All_Up_AIP,BillingTPID,int,No Change,vw_Fact_All_Up_AIP,BillingTPID,
CSP,vw_Fact_All_Up_AIP,Country,varchar,No Change,vw_Fact_All_Up_AIP,Country,
CSP,vw_Fact_All_Up_AIP,DateKey,int,No Change,vw_Fact_All_Up_AIP,DateKey,
CSP,vw_Fact_All_Up_AIP,IsNCE,varchar,No Change,vw_Fact_All_Up_AIP,IsNCE,
CSP,vw_Fact_All_Up_AIP,SubscriptionStatus,varchar,No Change,vw_Fact_All_Up_AIP,SubscriptionStatus,
CSP,vw_Fact_All_Up_AIP,AssociationKey,int,No Change,vw_Fact_All_Up_AIP,AssociationKey,
CSP,vw_Fact_All_Up_AIP,ChannelMotionKey,int,No Change,vw_Fact_All_Up_AIP,ChannelMotionKey,
CSP,vw_Fact_All_Up_AIP,CustomerTenantId,varchar,No Change,vw_Fact_All_Up_AIP,CustomerTenantId,
CSP,vw_Fact_All_Up_AIP,FiscalMonthID,int,No Change,vw_Fact_All_Up_AIP,FiscalMonthID,
CSP,vw_Fact_All_Up_AIP,SubscriptionID,varchar,No Change,vw_Fact_All_Up_AIP,SubscriptionID,
CSP,vw_Dim_IRMPA_Cohort,CSPPartnerID,varchar,No Change,vw_Dim_IRMPA_Cohort,CSPPartnerID,
CSP,vw_Dim_IRMPA_Cohort,Cust,bigint,No Change,vw_Dim_IRMPA_Cohort,Cust,
CSP,vw_Dim_IRMPA_Cohort,DistributorPartnerLocationID,int,No Change,vw_Dim_IRMPA_Cohort,DistributorPartnerLocationID,
CSP,vw_Dim_IRMPA_Cohort,DistributorPartnerOneID,int,No Change,vw_Dim_IRMPA_Cohort,DistributorPartnerOneID,
CSP,vw_Dim_IRMPA_Cohort,DistributorTenantName,varchar,No Change,vw_Dim_IRMPA_Cohort,DistributorTenantName ,
CSP,vw_Dim_IRMPA_Cohort,IndirectResellerStatus,varchar,No Change,vw_Dim_IRMPA_Cohort,IndirectResellerStatus,
CSP,vw_Dim_IRMPA_Cohort,PartnerLocationID,int,No Change,vw_Dim_IRMPA_Cohort,PartnerLocationID,
CSP,vw_Dim_IRMPA_Cohort,PartnerLocationTenantID,varchar,No Change,vw_Dim_IRMPA_Cohort,PartnerLocationTenantID,
CSP,vw_Dim_IRMPA_Cohort,PartnerOneName,varchar,No Change,vw_Dim_IRMPA_Cohort,PartnerOneName,
CSP,vw_Dim_IRMPA_Cohort,SubsidiaryID,int,No Change,vw_Dim_IRMPA_Cohort,SubsidiaryID,
CSP,vw_Dim_IRMPA_Cohort,TTM,decimal,No Change,vw_Dim_IRMPA_Cohort,TTM,
CSP,vw_Dim_MPN_Partner,DimPartnerLocationKey,int,No Change,vw_Dim_MPN_Partner,DimPartnerLocationKey,
CSP,vw_Dim_MPN_Partner,PartnerLocationName,varchar,No Change,vw_Dim_MPN_Partner,PartnerLocationName,
CSP,vw_Dim_MPN_Partner,PartnerOneName,varchar,No Change,vw_Dim_MPN_Partner,PartnerOneName,
CSP,vw_Dim_MPN_Partner,PartnerGlobalID,int,No Change,vw_Dim_MPN_Partner,PartnerGlobalID,
CSP,vw_Dim_MPN_Partner,PartnerLocationID,int,No Change,vw_Dim_MPN_Partner,PartnerLocationID,
CSP,vw_Dim_MPN_Partner,PartnerOneID,int,No Change,vw_Dim_MPN_Partner,PartnerOneID,
CSP,vw_Dim_MPNMarket_Region,Currency,varchar,No Change,vw_Dim_MPNMarket_Region,Currency,
CSP,vw_Dim_MPNMarket_Region,FormalMarketRegion,varchar,No Change,vw_Dim_MPNMarket_Region,FormalMarketRegion,
CSP,vw_Dim_MPNMarket_Region,CountryRegion,varchar,No Change,vw_Dim_MPNMarket_Region,CountryRegion,
CSP,vw_Dim_MPNMarket_Region,DataNameCountryRegion,varchar,No Change,vw_Dim_MPNMarket_Region,DataNameCountryRegion,
CSP,vw_Dim_MPNMarket_Region,MarketRegion,varchar,No Change,vw_Dim_MPNMarket_Region,MarketRegion,
CSP,vw_Dim_Non_Transacting_IR_Snapshot,DaysSinceOnboarding,int,No Change,vw_Dim_Non_Transacting_IR_Snapshot,DaysSinceOnboarding,
CSP,vw_Dim_Non_Transacting_IR_Snapshot,DistributorConnection,varchar,No Change,vw_Dim_Non_Transacting_IR_Snapshot,DistributorConnection,
CSP,vw_Dim_Non_Transacting_IR_Snapshot,DistributorCSPDecisionDate,varchar,No Change,vw_Dim_Non_Transacting_IR_Snapshot,DistributorCSPDecisionDate,
CSP,vw_Dim_Non_Transacting_IR_Snapshot,DistributorCSPEnvironment,varchar,No Change,vw_Dim_Non_Transacting_IR_Snapshot,DistributorCSPEnvironment,
CSP,vw_Dim_Non_Transacting_IR_Snapshot,DistributorCSPPartnerID,varchar,No Change,vw_Dim_Non_Transacting_IR_Snapshot,DistributorCSPPartnerID,
CSP,vw_Dim_Non_Transacting_IR_Snapshot,DistributorCSPStatus,varchar,No Change,vw_Dim_Non_Transacting_IR_Snapshot,DistributorCSPStatus,
CSP,vw_Dim_Non_Transacting_IR_Snapshot,DistributorPartnerCountry,varchar,No Change,vw_Dim_Non_Transacting_IR_Snapshot,DistributorPartnerCountry,
CSP,vw_Dim_Non_Transacting_IR_Snapshot,DistributorPartnerOrganizationName,varchar,No Change,vw_Dim_Non_Transacting_IR_Snapshot,DistributorPartnerOrganizationName,
CSP,vw_Dim_Non_Transacting_IR_Snapshot,FinalPartnerCategoryNew,varchar,No Change,vw_Dim_Non_Transacting_IR_Snapshot,FinalPartnerCategoryNew,
CSP,vw_Dim_Non_Transacting_IR_Snapshot,IPIRDistributorCSPPartnerID,varchar,No Change,vw_Dim_Non_Transacting_IR_Snapshot,IPIRDistributorCSPPartnerID,
CSP,vw_Dim_Non_Transacting_IR_Snapshot,IRCSPPartnerID,varchar,No Change,vw_Dim_Non_Transacting_IR_Snapshot,IRCSPPartnerID,
CSP,vw_Dim_Non_Transacting_IR_Snapshot,IRIndirectResellerAgreementSigningDate,varchar,No Change,vw_Dim_Non_Transacting_IR_Snapshot,IRIndirectResellerAgreementSigningDate,
CSP,vw_Dim_Non_Transacting_IR_Snapshot,IRIndirectResellerOnboardedDate,datetime2,No Change,vw_Dim_Non_Transacting_IR_Snapshot,IRIndirectResellerOnboardedDate,
CSP,vw_Dim_Non_Transacting_IR_Snapshot,IRIndirectResellerStatus,varchar,No Change,vw_Dim_Non_Transacting_IR_Snapshot,IRIndirectResellerStatus,
CSP,vw_Dim_Non_Transacting_IR_Snapshot,IRPartnerCountry,varchar,No Change,vw_Dim_Non_Transacting_IR_Snapshot,IRPartnerCountry,
CSP,vw_Dim_Non_Transacting_IR_Snapshot,PartnerLocationID,varchar,No Change,vw_Dim_Non_Transacting_IR_Snapshot,PartnerLocationID,
CSP,vw_Dim_Non_Transacting_IR_Snapshot,TransactingFlagNew,varchar,No Change,vw_Dim_Non_Transacting_IR_Snapshot,TransactingFlagNew,
CSP,vw_Dim_Non_Transacting_IR_Snapshot,WithinOnboardedGracePeriod,varchar,No Change,vw_Dim_Non_Transacting_IR_Snapshot,WithinOnboardedGracePeriod,
CSP,vw_Dim_Non_Transacting_IR_Snapshot,DimCSPPartnerKey,bigint,No Change,vw_Dim_Non_Transacting_IR_Snapshot,DimCSPPartnerKey,
CSP,vw_Dim_Non_Transacting_IR_Snapshot,DistributorCSPCurrentStatus,varchar,No Change,vw_Dim_Non_Transacting_IR_Snapshot,DistributorCSPCurrentStatus,
CSP,vw_Dim_Non_Transacting_IR_Snapshot,DistributorCSPEnrollmentDate,datetime2,No Change,vw_Dim_Non_Transacting_IR_Snapshot,DistributorCSPEnrollmentDate,
CSP,vw_Dim_Non_Transacting_IR_Snapshot,DistributorCSPOnboardedDate,datetime2,No Change,vw_Dim_Non_Transacting_IR_Snapshot,DistributorCSPOnboardedDate,
CSP,vw_Dim_Non_Transacting_IR_Snapshot,DistributorCSPProgramTier,varchar,No Change,vw_Dim_Non_Transacting_IR_Snapshot,DistributorCSPProgramTier,
CSP,vw_Dim_Non_Transacting_IR_Snapshot,DistributorPartnerArea,varchar,No Change,vw_Dim_Non_Transacting_IR_Snapshot,DistributorPartnerArea,
CSP,vw_Dim_Non_Transacting_IR_Snapshot,DistributorPartnerLocationID,varchar,No Change,vw_Dim_Non_Transacting_IR_Snapshot,DistributorPartnerLocationID,
CSP,vw_Dim_Non_Transacting_IR_Snapshot,DistributorPartnerROC,varchar,No Change,vw_Dim_Non_Transacting_IR_Snapshot,DistributorPartnerROC,
CSP,vw_Dim_Non_Transacting_IR_Snapshot,FinalPartnerCategoryPartnerID,varchar,No Change,vw_Dim_Non_Transacting_IR_Snapshot,FinalPartnerCategoryPartnerID,
CSP,vw_Dim_Non_Transacting_IR_Snapshot,IPIRResellerCSPPartnerID,varchar,No Change,vw_Dim_Non_Transacting_IR_Snapshot,IPIRResellerCSPPartnerID,
CSP,vw_Dim_Non_Transacting_IR_Snapshot,IRCSPProgramTier,varchar,No Change,vw_Dim_Non_Transacting_IR_Snapshot,IRCSPProgramTier,
CSP,vw_Dim_Non_Transacting_IR_Snapshot,IRIndirectResellerEnrollmentDate,datetime2,No Change,vw_Dim_Non_Transacting_IR_Snapshot,IRIndirectResellerEnrollmentDate,
CSP,vw_Dim_Non_Transacting_IR_Snapshot,IRIndirectResellerRejectedDate,varchar,No Change,vw_Dim_Non_Transacting_IR_Snapshot,IRIndirectResellerRejectedDate,
CSP,vw_Dim_Non_Transacting_IR_Snapshot,IRPartnerArea,varchar,No Change,vw_Dim_Non_Transacting_IR_Snapshot,IRPartnerArea,
CSP,vw_Dim_Non_Transacting_IR_Snapshot,IRPartnerLegalName,varchar,No Change,vw_Dim_Non_Transacting_IR_Snapshot,IRPartnerLegalName,
CSP,vw_Dim_Non_Transacting_IR_Snapshot,Snapshot,int,No Change,vw_Dim_Non_Transacting_IR_Snapshot,Snapshot,
CSP,vw_Dim_Non_Transacting_IR_Snapshot,TransactingFlagPartnerID,varchar,No Change,vw_Dim_Non_Transacting_IR_Snapshot,TransactingFlagPartnerID,
CSP,vw_Dim_Notifications,AccountStatus,varchar,No Change,vw_Dim_Notifications,AccountStatus,
CSP,vw_Dim_Notifications,BatchCreatedDate,datetime2,No Change,vw_Dim_Notifications,BatchCreatedDate,
CSP,vw_Dim_Notifications,BatchName,varchar,No Change,vw_Dim_Notifications,BatchName,
CSP,vw_Dim_Notifications,DimCSPPartnerTypeRegionIDKey,bigint,No Change,vw_Dim_Notifications,DimCSPPartnerTypeRegionIDKey,
CSP,vw_Dim_Notifications,IsMultitier,varchar,No Change,vw_Dim_Notifications,IsMultitier,
CSP,vw_Dim_Notifications,PartnerTenantName,varchar,No Change,vw_Dim_Notifications,PartnerTenantName,
CSP,vw_Dim_Notifications,SuspendedDate,date,No Change,vw_Dim_Notifications,SuspendedDate,
CSP,vw_Dim_Notifications,AccountEnrollmentSuspendedDate,date,No Change,vw_Dim_Notifications,AccountEnrollmentSuspendedDate,
CSP,vw_Dim_Notifications,AccountSuspendedDate,date,No Change,vw_Dim_Notifications,AccountSuspendedDate,
CSP,vw_Dim_Notifications,BatchId,bigint,No Change,vw_Dim_Notifications,BatchId,
CSP,vw_Dim_Notifications,CSPPartnerID,varchar,No Change,vw_Dim_Notifications,CSPPartnerID,
CSP,vw_Dim_Notifications,EnrollmentStatus,varchar,No Change,vw_Dim_Notifications,EnrollmentStatus,
CSP,vw_Dim_Notifications,IsPartnerSuspended,varchar,No Change,vw_Dim_Notifications,IsPartnerSuspended,
CSP,vw_Dim_Notifications,PartnerType,varchar,No Change,vw_Dim_Notifications,PartnerType,
CSP,vw_Dim_Notifications,SuspensionType,varchar,No Change,vw_Dim_Notifications,SuspensionType,
CSP,vw_Dim_Support_Data,CountAsfp ,bigint,No Change,vw_Dim_Support_Data,CountAsfp,
CSP,vw_Dim_Support_Data,CountPsfp,bigint,No Change,vw_Dim_Support_Data,CountPsfp,
CSP,vw_Dim_Support_Data,CountContractNumber,bigint,No Change,vw_Dim_Support_Data,CountContractNumber,
CSP,vw_Dim_Support_Data,PartnerAtRiskID,bigint,No Change,vw_Dim_Support_Data,PartnerAtRiskID,
CSP,vw_Dim_Time_Onboarded_Date,CalendarDate,date,No Change,vw_Dim_Time_Onboarded_Date,CalendarDate,
CSP,vw_Dim_Time_Onboarded_Date,Day,int,No Change,vw_Dim_Time_Onboarded_Date,Day,
CSP,vw_Dim_Time_Onboarded_Date,FiscalMonthName,varchar,No Change,vw_Dim_Time_Onboarded_Date,FiscalMonthName,
CSP,vw_Dim_Time_Onboarded_Date,FiscalSemesterName,varchar,No Change,vw_Dim_Time_Onboarded_Date,FiscalSemesterName,
CSP,vw_Dim_Time_Onboarded_Date,Month,int,No Change,vw_Dim_Time_Onboarded_Date,Month,
CSP,vw_Dim_Time_Onboarded_Date,DateKey,int,No Change,vw_Dim_Time_Onboarded_Date,DateKey,
CSP,vw_Dim_Time_Onboarded_Date,FiscalMonthID,int,No Change,vw_Dim_Time_Onboarded_Date,FiscalMonthID,
CSP,vw_Dim_Time_Onboarded_Date,FiscalQuarterName,varchar,No Change,vw_Dim_Time_Onboarded_Date,FiscalQuarterName,
CSP,vw_Dim_Time_Onboarded_Date,FiscalYearName,varchar,No Change,vw_Dim_Time_Onboarded_Date,FiscalYearName,
CSP,vw_Dim_Time_Onboarded_Date,Year,int,No Change,vw_Dim_Time_Onboarded_Date,Year,
CSP,,,,New View,vw_Fact_Planning_Risk_Snapshot,FormalMarketRegion,
CSP,vw_Fact_CSP_MSSales,BilledRevenue,decimal,No Change,vw_Fact_CSP_MSSales,BilledRevenue,
CSP,vw_Fact_CSP_MSSales,ChannelMotionKey,int,No Change,vw_Fact_CSP_MSSales,ChannelMotionKey,
CSP,vw_Fact_CSP_MSSales,CountryID,int,No Change,vw_Fact_CSP_MSSales,CountryID,
CSP,vw_Fact_CSP_MSSales,DeployedSeats,decimal,No Change,vw_Fact_CSP_MSSales,DeployedSeats,
CSP,vw_Fact_CSP_MSSales,DetailTransactionTypeId,int,No Change,vw_Fact_CSP_MSSales,DetailTransactionTypeId,
CSP,vw_Fact_CSP_MSSales,DimSubscriptionKey,bigint,No Change,vw_Fact_CSP_MSSales,DimSubscriptionKey,
CSP,vw_Fact_CSP_MSSales,IsDisti,varchar,No Change,vw_Fact_CSP_MSSales,IsDisti,
CSP,vw_Fact_CSP_MSSales,ProductKey,int,No Change,vw_Fact_CSP_MSSales,ProductKey,
CSP,vw_Fact_CSP_MSSales,SoldSeats,decimal,No Change,vw_Fact_CSP_MSSales,SoldSeats,
CSP,vw_Fact_CSP_MSSales,AssociationID,bigint,No Change,vw_Fact_CSP_MSSales,AssociationID,
CSP,vw_Fact_CSP_MSSales,BusinessID,int,No Change,vw_Fact_CSP_MSSales,BusinessID,
CSP,vw_Fact_CSP_MSSales,Country,varchar,No Change,vw_Fact_CSP_MSSales,Country,
CSP,vw_Fact_CSP_MSSales,CustomerTenantID,varchar,No Change,vw_Fact_CSP_MSSales,CustomerTenantID,
CSP,vw_Fact_CSP_MSSales,DetailPricinglevelID,int,No Change,vw_Fact_CSP_MSSales,DetailPricinglevelID,
CSP,vw_Fact_CSP_MSSales,DimCustomerTenantKey,bigint,No Change,vw_Fact_CSP_MSSales,DimCustomerTenantKey,
CSP,vw_Fact_CSP_MSSales,FiscalMonthID,int,No Change,vw_Fact_CSP_MSSales,FiscalMonthID,
CSP,vw_Fact_CSP_MSSales,MSSTPID,int,No Change,vw_Fact_CSP_MSSales,MSSTPID,
CSP,vw_Fact_CSP_MSSales,ReportingRevSumDivisionName,varchar,No Change,vw_Fact_CSP_MSSales,ReportingRevSumDivisionName,
CSP,vw_Fact_CSP_MSSales,SubscriptionID,varchar,No Change,vw_Fact_CSP_MSSales,SubscriptionID,
CSP, , , ,New View,vw_Dim_Support_Agreement_PGA,HasMetSupportPlanRequirements,
CSP, , , ,New View,vw_Dim_Support_Agreement_PGA,IsAsfp,
CSP, , , ,New View,vw_Dim_Support_Agreement_PGA,IsAsfpP1,
CSP, , , ,New View,vw_Dim_Support_Agreement_PGA,IsPsfp,
CSP, , , ,New View,vw_Dim_Support_Agreement_PGA,IsPsfpP1,
CSP, , , ,New View,vw_Dim_Support_Agreement_PGA,IsSupportPlan,
CSP, , , ,New View,vw_Dim_Support_Agreement_PGA,PartnerAtRiskID,
CSP, , , ,New View,vw_Dim_Support_Agreement_PGA,PartnerGlobalID,
CSP, , , ,New View,vw_Dim_Support_Agreements,PartnerOneID,
CSP, , , ,New View,vw_Dim_Support_Agreements,IsAsfpP1,
CSP, , , ,New View,vw_Dim_Support_Agreements,IsPsfpP1,
CSP, , , ,New View,vw_Dim_Support_Agreements,IsAsfp,
CSP, , , ,New View,vw_Dim_Support_Agreements,IsPsfp,
CSP, , , ,New View,vw_Dim_Support_Agreements,IsSupportPlan,
CSP, , , ,New View,vw_Dim_Support_Agreements,CountAsfp,
CSP, , , ,New View,vw_Dim_Support_Agreements,CountPsfp,
CSP, , , ,New View,vw_Dim_Support_Agreements,CountContractNumber,
CSP, , , ,New View,vw_Dim_Support_Agreements,ContractNumber,
CSP, , , ,New View,vw_Dim_Support_Agreements,ContractStartDate,
CSP, , , ,New View,vw_Dim_Support_Agreements,ContractEndDate,
CSP, , , ,New View,vw_Dim_Support_Agreements_PGA,PartnerGlobalID,
CSP, , , ,New View,vw_Dim_Support_Agreements_PGA,IsAsfpP1,
CSP, , , ,New View,vw_Dim_Support_Agreements_PGA,IsPsfpP1,
CSP, , , ,New View,vw_Dim_Support_Agreements_PGA,IsAsfp,
CSP, , , ,New View,vw_Dim_Support_Agreements_PGA,IsPsfp,
CSP, , , ,New View,vw_Dim_Support_Agreements_PGA,IsSupportPlan,
CSP, , , ,New View,vw_Dim_Support_Agreements_PGA,CountAsfp,
CSP, , , ,New View,vw_Dim_Support_Agreements_PGA,CountPsfp,
CSP, , , ,New View,vw_Dim_Support_Agreements_PGA,CountContractNumber,
CSP, , , ,New View,vw_Dim_Support_Agreements_PGA,ContractNumber,
CSP, , , ,New View,vw_Dim_Support_Agreements_PGA,ContractStartDate,
CSP, , , ,New View,vw_Dim_Support_Agreements_PGA,ContractEndDate,
CSP, , , ,New View,vw_Fact_AIP_n,BillableAccountId,
CSP, , , ,New View,vw_Fact_AIP_n,BillingGroupId,
CSP, , , ,New View,vw_Fact_AIP_n,BillingSubsidiaryID,
CSP, , , ,New View,vw_Fact_AIP_n,BillingTPID,
CSP,vw_Fact_Market_DB,,,New Column,vw_Fact_Market_DB,PartnerAtRiskID,
CSP,vw_Fact_Market_DB,,,New Column,vw_Fact_Market_DB,PartnerGlobalID,
CSP,vw_Fact_Market_DB,ACR,decimal,No Change,vw_Fact_Market_DB,ACR,
CSP,vw_Fact_Market_DB,AuthorizedInMarketFinal,varchar,No Change,vw_Fact_Market_DB,AuthorizedInMarketFinal,
CSP,vw_Fact_Market_DB,AuthorizedInMarketNew,varchar,No Change,vw_Fact_Market_DB,AuthorizedInMarketNew,
CSP,vw_Fact_Market_DB,BilledRevenue,decimal,No Change,vw_Fact_Market_DB,BilledRevenue,
CSP,vw_Fact_Market_DB,ChannelMotionKey,int,No Change,vw_Fact_Market_DB,ChannelMotionKey,
CSP,vw_Fact_Market_DB,CSPCurrentStatus,varchar,No Change,vw_Fact_Market_DB,CSPCurrentStatus,
CSP,vw_Fact_Market_DB,CSPPartnerID,varchar,No Change,vw_Fact_Market_DB,CSPPartnerID,
CSP,vw_Fact_Market_DB,CustomerTenantID,varchar,No Change,vw_Fact_Market_DB,CustomerTenantID,
CSP,vw_Fact_Market_DB,DeployedSeats,decimal,No Change,vw_Fact_Market_DB,DeployedSeats,
CSP,vw_Fact_Market_DB,FiscalMonthID,int,No Change,vw_Fact_Market_DB,FiscalMonthID,
CSP,vw_Fact_Market_DB,IsACR,varchar,No Change,vw_Fact_Market_DB,IsACR,
CSP,vw_Fact_Market_DB,IsExistInPCReport,varchar,No Change,vw_Fact_Market_DB,IsExistInPCReport,
CSP,vw_Fact_Market_DB,IsPerpetualSW,varchar,No Change,vw_Fact_Market_DB,IsPerpetualSW,
CSP,vw_Fact_Market_DB,PartnerArea,varchar,No Change,vw_Fact_Market_DB,PartnerArea,
CSP,vw_Fact_Market_DB,PartnerAttachType,varchar,No Change,vw_Fact_Market_DB,PartnerAttachType,
CSP,vw_Fact_Market_DB,PartnerCountry,varchar,No Change,vw_Fact_Market_DB,PartnerCountry,
CSP,vw_Fact_Market_DB,PartnerLocationID,int,No Change,vw_Fact_Market_DB,PartnerLocationID,
CSP,vw_Fact_Market_DB,PartnerOneID,int,No Change,vw_Fact_Market_DB,PartnerOneID,
CSP,vw_Fact_Market_DB,PercentTotalRevenue,decimal,No Change,vw_Fact_Market_DB,PercentTotalRevenue,
CSP,vw_Fact_Market_DB,PercentTotalRevenueLT,decimal,No Change,vw_Fact_Market_DB,PercentTotalRevenueLT,
CSP,vw_Fact_Market_DB,RevenueInAuthorizedMarket,varchar,No Change,vw_Fact_Market_DB,RevenueInAuthorizedMarket,
CSP,vw_Fact_Market_DB,RevenueInAuthorizedMarketLT,varchar,No Change,vw_Fact_Market_DB,RevenueInAuthorizedMarketLT,
CSP,vw_Fact_Market_DB,SoldSeats,decimal,No Change,vw_Fact_Market_DB,SoldSeats,
CSP,vw_Fact_Market_DB,SolutionArea,varchar,No Change,vw_Fact_Market_DB,SolutionArea,
CSP,vw_Fact_Market_DB,SubscriptionID,varchar,No Change,vw_Fact_Market_DB,SubscriptionID,
CSP,vw_Fact_Market_DB,SubscriptionStatus,varchar,No Change,vw_Fact_Market_DB,SubscriptionStatus,
CSP,vw_Fact_Market_DB,SubsidiaryID,int,No Change,vw_Fact_Market_DB,SubsidiaryID,
CSP,vw_Fact_Market_DB,TotalRevenue,decimal,No Change,vw_Fact_Market_DB,TotalRevenue,
CSP,vw_Fact_Market_DB,TTMACR,decimal,No Change,vw_Fact_Market_DB,TTMACR,
CSP,vw_Fact_Market_DB,TTMBilledRevenue,decimal,No Change,vw_Fact_Market_DB,TTMBilledRevenue,
CSP,vw_Fact_Market_DB,TTMFlag,varchar,No Change,vw_Fact_Market_DB,TTMFlag,
CSP,vw_Fact_Market_DB,TTMTotalRevenue,decimal,No Change,vw_Fact_Market_DB,TTMTotalRevenue,
CSP,vw_Fact_Market_DB,WithinOnboardedGracePeriod,varchar,No Change,vw_Fact_Market_DB,WithinOnboardedGracePeriod,
CSP,vw_Fact_Market_DB,AuthorizedInMarket,varchar,No Change,vw_Fact_Market_DB,AuthorizedInMarket,
CSP,vw_Fact_Market_DB,AuthorizedInMarketFinalLT,varchar,No Change,vw_Fact_Market_DB,AuthorizedInMarketFinalLT,
CSP,vw_Fact_Market_DB,AuthorizedInMarketNewLT,varchar,No Change,vw_Fact_Market_DB,AuthorizedInMarketNewLT,
CSP,vw_Fact_Market_DB,BillingTPID,int,No Change,vw_Fact_Market_DB,BillingTPID,
CSP,vw_Fact_Market_DB,Country,varchar,No Change,vw_Fact_Market_DB,Country,
CSP,vw_Fact_Market_DB,CSPOnboardedDate,datetime2,No Change,vw_Fact_Market_DB,CSPOnboardedDate,
CSP,vw_Fact_Market_DB,CSPStatus,varchar,No Change,vw_Fact_Market_DB,CSPStatus,
CSP,vw_Fact_Market_DB,CustomerTenantName,varchar,No Change,vw_Fact_Market_DB,CustomerTenantName,
CSP,vw_Fact_Market_DB,DetailPricingLevelID,int,No Change,vw_Fact_Market_DB,DetailPricingLevelID,
CSP,vw_Fact_Market_DB,FormalMarketRegion,varchar,No Change,vw_Fact_Market_DB,FormalMarketRegion,
CSP,vw_Fact_Market_DB,IsCustomerView,varchar,No Change,vw_Fact_Market_DB,IsCustomerView,
CSP,vw_Fact_Market_DB,IsOrphanedDB,varchar,No Change,vw_Fact_Market_DB,IsOrphanedDB,
CSP,vw_Fact_Market_DB,NCEFlag,varchar,No Change,vw_Fact_Market_DB,NCEFlag,
CSP,vw_Fact_Market_IP,,,New Column,vw_Fact_Market_IP,PartnerAtRiskID,
CSP,vw_Fact_Market_IP,ACR,decimal,No Change,vw_Fact_Market_IP,ACR,
CSP,vw_Fact_Market_IP,AuthorizedInMarket,varchar,No Change,vw_Fact_Market_IP,AuthorizedInMarket,
CSP,vw_Fact_Market_IP,AuthorizedInMarketFinal,varchar,No Change,vw_Fact_Market_IP,AuthorizedInMarketFinal,
CSP,vw_Fact_Market_IP,AuthorizedInMarketFinalLT,varchar,No Change,vw_Fact_Market_IP,AuthorizedInMarketFinalLT,
CSP,vw_Fact_Market_IP,AuthorizedInMarketNew,varchar,No Change,vw_Fact_Market_IP,AuthorizedInMarketNew,
CSP,vw_Fact_Market_IP,AuthorizedInMarketNewLT,varchar,No Change,vw_Fact_Market_IP,AuthorizedInMarketNewLT,
CSP,vw_Fact_Market_IP,BilledRevenue,decimal,No Change,vw_Fact_Market_IP,BilledRevenue,
CSP,vw_Fact_Market_IP,BillingTPID,int,No Change,vw_Fact_Market_IP,BillingTPID,
CSP,vw_Fact_Market_IP,ChannelMotionKey,int,No Change,vw_Fact_Market_IP,ChannelMotionKey,
CSP,vw_Fact_Market_IP,Country,varchar,No Change,vw_Fact_Market_IP,Country,
CSP,vw_Fact_Market_IP,CSPCurrentStatusIR,varchar,No Change,vw_Fact_Market_IP,CSPCurrentStatusIR,
CSP,vw_Fact_Market_IP,CSPOnboardedDateIR,datetime2,No Change,vw_Fact_Market_IP,CSPOnboardedDateIR,
CSP,vw_Fact_Market_IP,CSPStatusIR,varchar,No Change,vw_Fact_Market_IP,CSPStatusIR,
CSP,vw_Fact_Market_IP,CustomerTenantID,varchar,No Change,vw_Fact_Market_IP,CustomerTenantID,
CSP,vw_Fact_Market_IP,CustomerTenantName,varchar,No Change,vw_Fact_Market_IP,CustomerTenantName,
CSP,vw_Fact_Market_IP,DBStatus,varchar,No Change,vw_Fact_Market_IP,DBStatus,
CSP,vw_Fact_Market_IP,DeployedSeats,decimal,No Change,vw_Fact_Market_IP,DeployedSeats,
CSP,vw_Fact_Market_IP,DetailPricingLevelID,int,No Change,vw_Fact_Market_IP,DetailPricingLevelID,
CSP,vw_Fact_Market_IP,DistributorConnection,varchar,No Change,vw_Fact_Market_IP,DistributorConnection,
CSP,vw_Fact_Market_IP,DistributorCSPCurrentStatus,varchar,No Change,vw_Fact_Market_IP,DistributorCSPCurrentStatus,
CSP,vw_Fact_Market_IP,DistributorCSPOnboardedDate,datetime2,No Change,vw_Fact_Market_IP,DistributorCSPOnboardedDate,
CSP,vw_Fact_Market_IP,DistributorCSPPartnerID,varchar,No Change,vw_Fact_Market_IP,DistributorCSPPartnerID,
CSP,vw_Fact_Market_IP,DistributorCSPStatus,varchar,No Change,vw_Fact_Market_IP,DistributorCSPStatus,
CSP,vw_Fact_Market_IP,DistributorFormalMarketRegion,varchar,No Change,vw_Fact_Market_IP,DistributorFormalMarketRegion,
CSP,vw_Fact_Market_IP,DistributorPartnerCountry,varchar,No Change,vw_Fact_Market_IP,DistributorPartnerCountry,
CSP,vw_Fact_Market_IP,DistributorPartnerGlobalID,int,No Change,vw_Fact_Market_IP,DistributorPartnerGlobalID,
CSP,vw_Fact_Market_IP,DistributorPartnerLocationID,int,No Change,vw_Fact_Market_IP,DistributorPartnerLocationID,
CSP,vw_Fact_Market_IP,DistributorPartnerLocationName,varchar,No Change,vw_Fact_Market_IP,DistributorPartnerLocationName,
CSP,vw_Fact_Market_IP,DistributorPartnerOneID,int,No Change,vw_Fact_Market_IP,DistributorPartnerOneID,
CSP,vw_Fact_Market_IP,DistributorPartnerOneName,varchar,No Change,vw_Fact_Market_IP,DistributorPartnerOneName,
CSP,vw_Fact_Market_IP,FiscalMonthID,int,No Change,vw_Fact_Market_IP,FiscalMonthID,
CSP,vw_Fact_Market_IP,FormalMarketRegion,varchar,No Change,vw_Fact_Market_IP,FormalMarketRegion,
CSP,vw_Fact_Market_IP,IsACR,varchar,No Change,vw_Fact_Market_IP,IsACR,
CSP,vw_Fact_Market_IP,IsCustomerView,varchar,No Change,vw_Fact_Market_IP,IsCustomerView,
CSP,vw_Fact_Market_IP,IsExistInPCReport,varchar,No Change,vw_Fact_Market_IP,IsExistInPCReport,
CSP,vw_Fact_Market_IP,IsNCE,varchar,No Change,vw_Fact_Market_IP,IsNCE,
CSP,vw_Fact_Market_IP,IsOrphanedDistributor,varchar,No Change,vw_Fact_Market_IP,IsOrphanedDistributor,
CSP,vw_Fact_Market_IP,IsOrphanedIR,varchar,No Change,vw_Fact_Market_IP,IsOrphanedIR,
CSP,vw_Fact_Market_IP,IsPerpetual,varchar,No Change,vw_Fact_Market_IP,IsPerpetual,
CSP,vw_Fact_Market_IP,PartnerArea,varchar,No Change,vw_Fact_Market_IP,PartnerArea,
CSP,vw_Fact_Market_IP,PartnerAttachType,varchar,No Change,vw_Fact_Market_IP,PartnerAttachType,
CSP,vw_Fact_Market_IP,PartnerCountry,varchar,No Change,vw_Fact_Market_IP,PartnerCountry,
CSP,vw_Fact_Market_IP,PartnerLocationNameIR,varchar,No Change,vw_Fact_Market_IP,PartnerLocationNameIR,
CSP,vw_Fact_Market_IP,PartnerOneIDIR,int,No Change,vw_Fact_Market_IP,PartnerOneIDIR,
CSP,vw_Fact_Market_IP,PartnerOneNameIR,varchar,No Change,vw_Fact_Market_IP,PartnerOneNameIR,
CSP,vw_Fact_Market_IP,PercentTotalRevenue,decimal,No Change,vw_Fact_Market_IP,PercentTotalRevenue,
CSP,vw_Fact_Market_IP,PercentTotalRevenueLT,decimal,No Change,vw_Fact_Market_IP,PercentTotalRevenueLT,
CSP,vw_Fact_Market_IP,ResellerCSPPartnerID,varchar,No Change,vw_Fact_Market_IP,ResellerCSPPartnerID,
CSP,vw_Fact_Market_IP,ResellerPartnerLocationID,int,No Change,vw_Fact_Market_IP,ResellerPartnerLocationID,
CSP,vw_Fact_Market_IP,RevenueInAuthorizedMarket,varchar,No Change,vw_Fact_Market_IP,RevenueInAuthorizedMarket,
CSP,vw_Fact_Market_IP,RevenueInAuthorizedMarketLT,varchar,No Change,vw_Fact_Market_IP,RevenueInAuthorizedMarketLT,
CSP,vw_Fact_Market_IP,RevenueZero,varchar,No Change,vw_Fact_Market_IP,RevenueZero,
CSP,vw_Fact_Market_IP,SoldSeats,decimal,No Change,vw_Fact_Market_IP,SoldSeats,
CSP,vw_Fact_Market_IP,SolutionArea,varchar,No Change,vw_Fact_Market_IP,SolutionArea,
CSP,vw_Fact_Market_IP,SubscriptionID,varchar,No Change,vw_Fact_Market_IP,SubscriptionID,
CSP,vw_Fact_Market_IP,SubscriptionStatus,varchar,No Change,vw_Fact_Market_IP,SubscriptionStatus,
CSP,vw_Fact_Market_IP,SubsidiaryID,int,No Change,vw_Fact_Market_IP,SubsidiaryID,
CSP,vw_Fact_Market_IP,Threshold0,varchar,No Change,vw_Fact_Market_IP,Threshold0,
CSP,vw_Fact_Market_IP,Threshold1K,varchar,No Change,vw_Fact_Market_IP,Threshold1K,
CSP,vw_Fact_Market_IP,TotalRevenue,decimal,No Change,vw_Fact_Market_IP,TotalRevenue,
CSP,vw_Fact_Market_IP,TTM1Flag,varchar,No Change,vw_Fact_Market_IP,TTM1Flag,
CSP,vw_Fact_Market_IP,TTM2Flag,varchar,No Change,vw_Fact_Market_IP,TTM2Flag,
CSP,vw_Fact_Market_IP,TTMFlag,varchar,No Change,vw_Fact_Market_IP,TTMFlag,
CSP,vw_Fact_Market_IP,TTMTotalRevenue,decimal,No Change,vw_Fact_Market_IP,TTMTotalRevenue,
CSP,vw_Fact_Market_IP,WithinOnboardedGracePeriodIR,varchar,No Change,vw_Fact_Market_IP,WithinOnboardedGracePeriodIR,
CSP,vw_Fact_Market_IP,WithinOnboardedGracePeriodPre1MonthIR,varchar,No Change,vw_Fact_Market_IP,WithinOnboardedGracePeriodPre1MonthIR,
CSP,vw_Fact_Market_IP,WithinOnboardedGracePeriodPre2MonthIR,varchar,No Change,vw_Fact_Market_IP,WithinOnboardedGracePeriodPre2MonthIR,
CSP,vw_Fact_Market_IR,,,New Column,vw_Fact_Market_IR,PartnerAtRiskID,
CSP,vw_Fact_Market_IR,,,New Column,vw_Fact_Market_IR,PartnerGlobalID,
CSP,vw_Fact_Market_IR,ACR,decimal,No Change,vw_Fact_Market_IR,ACR,
CSP,vw_Fact_Market_IR,AuthorizedInMarket,varchar,No Change,vw_Fact_Market_IR,AuthorizedInMarket,
CSP,vw_Fact_Market_IR,AuthorizedInMarketFinal,varchar,No Change,vw_Fact_Market_IR,AuthorizedInMarketFinal,
CSP,vw_Fact_Market_IR,AuthorizedInMarketFinalLT,varchar,No Change,vw_Fact_Market_IR,AuthorizedInMarketFinalLT,
CSP,vw_Fact_Market_IR,AuthorizedInMarketNew,varchar,No Change,vw_Fact_Market_IR,AuthorizedInMarketNew,
CSP,vw_Fact_Market_IR,AuthorizedInMarketNewLT,varchar,No Change,vw_Fact_Market_IR,AuthorizedInMarketNewLT,
CSP,vw_Fact_Market_IR,BilledRevenue,decimal,No Change,vw_Fact_Market_IR,BilledRevenue,
CSP,vw_Fact_Market_IR,BillingTPID,int,No Change,vw_Fact_Market_IR,BillingTPID,
CSP,vw_Fact_Market_IR,ChannelMotionKey,int,No Change,vw_Fact_Market_IR,ChannelMotionKey,
CSP,vw_Fact_Market_IR,Country,varchar,No Change,vw_Fact_Market_IR,Country,
CSP,vw_Fact_Market_IR,CSPCurrentStatusIR,varchar,No Change,vw_Fact_Market_IR,CSPCurrentStatusIR,
CSP,vw_Fact_Market_IR,CSPOnboardedDateIR,datetime2,No Change,vw_Fact_Market_IR,CSPOnboardedDateIR,
CSP,vw_Fact_Market_IR,CSPStatusIR,varchar,No Change,vw_Fact_Market_IR,CSPStatusIR,
CSP,vw_Fact_Market_IR,CustomerTenantID,varchar,No Change,vw_Fact_Market_IR,CustomerTenantID,
CSP,vw_Fact_Market_IR,CustomerTenantName,varchar,No Change,vw_Fact_Market_IR,CustomerTenantName,
CSP,vw_Fact_Market_IR,DBStatus,varchar,No Change,vw_Fact_Market_IR,DBStatus,
CSP,vw_Fact_Market_IR,DeployedSeats,decimal,No Change,vw_Fact_Market_IR,DeployedSeats,
CSP,vw_Fact_Market_IR,DetailPricingLevelID,int,No Change,vw_Fact_Market_IR,DetailPricingLevelID,
CSP,vw_Fact_Market_IR,DistributorConnection,varchar,No Change,vw_Fact_Market_IR,DistributorConnection,
CSP,vw_Fact_Market_IR,DistributorCSPCurrentStatus,varchar,No Change,vw_Fact_Market_IR,DistributorCSPCurrentStatus,
CSP,vw_Fact_Market_IR,DistributorCSPOnboardedDate,datetime2,No Change,vw_Fact_Market_IR,DistributorCSPOnboardedDate,
CSP,vw_Fact_Market_IR,DistributorCSPPartnerID,varchar,No Change,vw_Fact_Market_IR,DistributorCSPPartnerID,
CSP,vw_Fact_Market_IR,DistributorCSPStatus,varchar,No Change,vw_Fact_Market_IR,DistributorCSPStatus,
CSP,vw_Fact_Market_IR,DistributorFormalMarketRegion,varchar,No Change,vw_Fact_Market_IR,DistributorFormalMarketRegion,
CSP,vw_Fact_Market_IR,DistributorPartnerCountry,varchar,No Change,vw_Fact_Market_IR,DistributorPartnerCountry,
CSP,vw_Fact_Market_IR,DistributorPartnerGlobalID,int,No Change,vw_Fact_Market_IR,DistributorPartnerGlobalID,
CSP,vw_Fact_Market_IR,DistributorPartnerLocationID,int,No Change,vw_Fact_Market_IR,DistributorPartnerLocationID,
CSP,vw_Fact_Market_IR,DistributorPartnerLocationName,varchar,No Change,vw_Fact_Market_IR,DistributorPartnerLocationName,
CSP,vw_Fact_Market_IR,DistributorPartnerOneID,int,No Change,vw_Fact_Market_IR,DistributorPartnerOneID,
CSP,vw_Fact_Market_IR,DistributorPartnerOneName,varchar,No Change,vw_Fact_Market_IR,DistributorPartnerOneName,
CSP,vw_Fact_Market_IR,FiscalMonthID,int,No Change,vw_Fact_Market_IR,FiscalMonthID,
CSP,vw_Fact_Market_IR,FormalMarketRegion,varchar,No Change,vw_Fact_Market_IR,FormalMarketRegion,
CSP,vw_Fact_Market_IR,IsACR,varchar,No Change,vw_Fact_Market_IR,IsACR,
CSP,vw_Fact_Market_IR,IsCustomerView,varchar,No Change,vw_Fact_Market_IR,IsCustomerView,
CSP,vw_Fact_Market_IR,IsExistInPCReport,varchar,No Change,vw_Fact_Market_IR,IsExistInPCReport,
CSP,vw_Fact_Market_IR,IsNCE,varchar,No Change,vw_Fact_Market_IR,IsNCE,
CSP,vw_Fact_Market_IR,IsOrphanedDistributor,varchar,No Change,vw_Fact_Market_IR,IsOrphanedDistributor,
CSP,vw_Fact_Market_IR,IsOrphanedIR,varchar,No Change,vw_Fact_Market_IR,IsOrphanedIR,
CSP,vw_Fact_Market_IR,IsPerpetual,varchar,No Change,vw_Fact_Market_IR,IsPerpetual,
CSP,vw_Fact_Market_IR,PartnerArea,varchar,No Change,vw_Fact_Market_IR,PartnerArea,
CSP,vw_Fact_Market_IR,PartnerAttachType,varchar,No Change,vw_Fact_Market_IR,PartnerAttachType,
CSP,vw_Fact_Market_IR,PartnerCountry,varchar,No Change,vw_Fact_Market_IR,PartnerCountry,
CSP,vw_Fact_Market_IR,PartnerLocationNameIR,varchar,No Change,vw_Fact_Market_IR,PartnerLocationNameIR,
CSP,vw_Fact_Market_IR,PartnerOneIDIR,int,No Change,vw_Fact_Market_IR,PartnerOneIDIR,
CSP,vw_Fact_Market_IR,PartnerOneNameIR,varchar,No Change,vw_Fact_Market_IR,PartnerOneNameIR,
CSP,vw_Fact_Market_IR,PercentTotalRevenue,decimal,No Change,vw_Fact_Market_IR,PercentTotalRevenue,
CSP,vw_Fact_Market_IR,PercentTotalRevenueLT,decimal,No Change,vw_Fact_Market_IR,PercentTotalRevenueLT,
CSP,vw_Fact_Market_IR,ResellerCSPPartnerID,varchar,No Change,vw_Fact_Market_IR,ResellerCSPPartnerID,
CSP,vw_Fact_Market_IR,ResellerPartnerLocationID,int,No Change,vw_Fact_Market_IR,ResellerPartnerLocationID,
CSP,vw_Fact_Market_IR,RevenueInAuthorizedMarket,varchar,No Change,vw_Fact_Market_IR,RevenueInAuthorizedMarket,
CSP,vw_Fact_Market_IR,RevenueInAuthorizedMarketLT,varchar,No Change,vw_Fact_Market_IR,RevenueInAuthorizedMarketLT,
CSP,vw_Fact_Market_IR,RevenueZero,varchar,No Change,vw_Fact_Market_IR,RevenueZero,
CSP,vw_Fact_Market_IR,SoldSeats,decimal,No Change,vw_Fact_Market_IR,SoldSeats,
CSP,vw_Fact_Market_IR,SolutionArea,varchar,No Change,vw_Fact_Market_IR,SolutionArea,
CSP,vw_Fact_Market_IR,SubscriptionID,varchar,No Change,vw_Fact_Market_IR,SubscriptionID,
CSP,vw_Fact_Market_IR,SubscriptionStatus,varchar,No Change,vw_Fact_Market_IR,SubscriptionStatus,
CSP,vw_Fact_Market_IR,SubsidiaryID,int,No Change,vw_Fact_Market_IR,SubsidiaryID,
CSP,vw_Fact_Market_IR,Threshold0,varchar,No Change,vw_Fact_Market_IR,Threshold0,
CSP,vw_Fact_Market_IR,Threshold1K,varchar,No Change,vw_Fact_Market_IR,Threshold1K,
CSP,vw_Fact_Market_IR,TotalRevenue,decimal,No Change,vw_Fact_Market_IR,TotalRevenue,
CSP,vw_Fact_Market_IR,TTM1Flag,varchar,No Change,vw_Fact_Market_IR,TTM1Flag,
CSP,vw_Fact_Market_IR,TTM2Flag,varchar,No Change,vw_Fact_Market_IR,TTM2Flag,
CSP,vw_Fact_Market_IR,TTMFlag,varchar,No Change,vw_Fact_Market_IR,TTMFlag,
CSP,vw_Fact_Market_IR,TTMTotalRevenue,decimal,No Change,vw_Fact_Market_IR,TTMTotalRevenue,
CSP,vw_Fact_Market_IR,WithinOnboardedGracePeriodIR,varchar,No Change,vw_Fact_Market_IR,WithinOnboardedGracePeriodIR,
CSP,vw_Fact_Market_IR,WithinOnboardedGracePeriodPre1MonthIR,varchar,No Change,vw_Fact_Market_IR,WithinOnboardedGracePeriodPre1MonthIR,
CSP,vw_Fact_Market_IR,WithinOnboardedGracePeriodPre2MonthIR,varchar,No Change,vw_Fact_Market_IR,WithinOnboardedGracePeriodPre2MonthIR,
CSP,vw_Fact_Notification_Details,AccountEnrollmentSuspendedDate,date,No Change,vw_Fact_Notification_Details,AccountEnrollmentSuspendedDate,
CSP,vw_Fact_Notification_Details,AccountStatus,varchar,No Change,vw_Fact_Notification_Details,AccountStatus,
CSP,vw_Fact_Notification_Details,AccountSuspendedDate,date,No Change,vw_Fact_Notification_Details,AccountSuspendedDate,
CSP,vw_Fact_Notification_Details,AssociatedCSPPartnerID,varchar,No Change,vw_Fact_Notification_Details,AssociatedCSPPartnerID,
CSP,vw_Fact_Notification_Details,AssociatedPartnerLocationID,int,No Change,vw_Fact_Notification_Details,AssociatedPartnerLocationID,
CSP,vw_Fact_Notification_Details,AssociatedPartnerLocationName,varchar,No Change,vw_Fact_Notification_Details,AssociatedPartnerLocationName,
CSP,vw_Fact_Notification_Details,AssociatedTenantName,varchar,No Change,vw_Fact_Notification_Details,AssociatedTenantName,
CSP,vw_Fact_Notification_Details,BatchCreatedDate,datetime2,No Change,vw_Fact_Notification_Details,BatchCreatedDate,
CSP,vw_Fact_Notification_Details,BatchID,bigint,No Change,vw_Fact_Notification_Details,BatchID,
CSP,vw_Fact_Notification_Details,BatchName,varchar,No Change,vw_Fact_Notification_Details,BatchName,
CSP,vw_Fact_Notification_Details,CaseCompletionDate,datetime2,No Change,vw_Fact_Notification_Details,CaseCompletionDate,
CSP,vw_Fact_Notification_Details,CaseID,varchar,No Change,vw_Fact_Notification_Details,CaseID,
CSP,vw_Fact_Notification_Details,CaseRequestDate,datetime2,No Change,vw_Fact_Notification_Details,CaseRequestDate,
CSP,vw_Fact_Notification_Details,CaseStatus,varchar,No Change,vw_Fact_Notification_Details,CaseStatus,
CSP,vw_Fact_Notification_Details,CaseSubStatus,varchar,No Change,vw_Fact_Notification_Details,CaseSubStatus,
CSP,vw_Fact_Notification_Details,CaseType,varchar,No Change,vw_Fact_Notification_Details,CaseType,
CSP,vw_Fact_Notification_Details,ClickCount,int,No Change,vw_Fact_Notification_Details,ClickCount,
CSP,vw_Fact_Notification_Details,CSPPartnerID,varchar,No Change,vw_Fact_Notification_Details,CSPPartnerID,
CSP,vw_Fact_Notification_Details,CustomerTenantID,varchar,No Change,vw_Fact_Notification_Details,CustomerTenantID,
CSP,vw_Fact_Notification_Details,CustomerTenantName,varchar,No Change,vw_Fact_Notification_Details,CustomerTenantName,
CSP,vw_Fact_Notification_Details,DimCSPPartnerTypeRegionIDKey,bigint,No Change,vw_Fact_Notification_Details,DimCSPPartnerTypeRegionIDKey,
CSP,vw_Fact_Notification_Details,EnrollmentStatus,varchar,No Change,vw_Fact_Notification_Details,EnrollmentStatus,
CSP,vw_Fact_Notification_Details,FormalMarketRegion,varchar,No Change,vw_Fact_Notification_Details,FormalMarketRegion,
CSP,vw_Fact_Notification_Details,IsAssociatedPartnerNotified,varchar,No Change,vw_Fact_Notification_Details,IsAssociatedPartnerNotified,
CSP,vw_Fact_Notification_Details,IsMultitier,varchar,No Change,vw_Fact_Notification_Details,IsMultitier,
CSP,vw_Fact_Notification_Details,IsNotificationCompleted,varchar,No Change,vw_Fact_Notification_Details,IsNotificationCompleted,
CSP,vw_Fact_Notification_Details,IsPartnerSuspended,varchar,No Change,vw_Fact_Notification_Details,IsPartnerSuspended,
CSP,vw_Fact_Notification_Details,MessageIdCount,int,No Change,vw_Fact_Notification_Details,MessageIdCount,
CSP,vw_Fact_Notification_Details,NotificationCompleteDate,datetime2,No Change,vw_Fact_Notification_Details,NotificationCompleteDate,
CSP,vw_Fact_Notification_Details,NotificationResponsesCreatedOn,datetime2,No Change,vw_Fact_Notification_Details,NotificationResponsesCreatedOn,
CSP,vw_Fact_Notification_Details,NotificationResponsesModifiedOn,datetime2,No Change,vw_Fact_Notification_Details,NotificationResponsesModifiedOn,
CSP,vw_Fact_Notification_Details,NotificationResponsesStatus,varchar,No Change,vw_Fact_Notification_Details,NotificationResponsesStatus,
CSP,vw_Fact_Notification_Details,NotificationTemplateName,varchar,No Change,vw_Fact_Notification_Details,NotificationTemplateName,
CSP,vw_Fact_Notification_Details,NotificationTriggerDate,datetime2,No Change,vw_Fact_Notification_Details,NotificationTriggerDate,
CSP,vw_Fact_Notification_Details,NotificationType,varchar,No Change,vw_Fact_Notification_Details,NotificationType,
CSP,vw_Fact_Notification_Details,OpenCount,int,No Change,vw_Fact_Notification_Details,OpenCount,
CSP,vw_Fact_Notification_Details,PartnerLocationID,int,No Change,vw_Fact_Notification_Details,PartnerLocationID,
CSP,vw_Fact_Notification_Details,PartnerTenantName,varchar,No Change,vw_Fact_Notification_Details,PartnerTenantName,
CSP,vw_Fact_Notification_Details,PartnerType,varchar,No Change,vw_Fact_Notification_Details,PartnerType,
CSP,vw_Fact_Notification_Details,ScheduleID,varchar,No Change,vw_Fact_Notification_Details,ScheduleID,
CSP,vw_Fact_Notification_Details,ScheduleName,varchar,No Change,vw_Fact_Notification_Details,ScheduleName,
CSP,vw_Fact_Notification_Details,SuspendedDate,date,No Change,vw_Fact_Notification_Details,SuspendedDate,
CSP,vw_Fact_Notification_Details,SuspensionType,varchar,No Change,vw_Fact_Notification_Details,SuspensionType,
CSP,vw_Fact_Notification_Details,Tags,varchar,No Change,vw_Fact_Notification_Details,Tags,
CSP,vw_Fact_Notification_Details,TTMFlag,varchar,No Change,vw_Fact_Notification_Details,TTMFlag,
CSP,vw_Fact_Operation_DB,CSPCurrentStatus,varchar,No Change,vw_Fact_Operation_DB,CSPCurrentStatus,
CSP,vw_Fact_Operation_DB,CSPOnboardedDate,datetime2,No Change,vw_Fact_Operation_DB,CSPOnboardedDate,
CSP,vw_Fact_Operation_DB,CSPPartnerID,varchar,No Change,vw_Fact_Operation_DB,CSPPartnerID,
CSP,vw_Fact_Operation_DB,CSPStatus,varchar,No Change,vw_Fact_Operation_DB,CSPStatus,
CSP,vw_Fact_Operation_DB,HasRevenueException,varchar,No Change,vw_Fact_Operation_DB,HasRevenueException,
CSP,vw_Fact_Operation_DB,HasSupportPlanException,varchar,No Change,vw_Fact_Operation_DB,HasSupportPlanException,
CSP,vw_Fact_Operation_DB,OperationDB,varchar,No Change,vw_Fact_Operation_DB,OperationDB,
CSP,vw_Fact_Operation_DB,PartnerGlobalID,int,No Change,vw_Fact_Operation_DB,PartnerGlobalID,
CSP,vw_Fact_Operation_DB,PartnerLocationID,varchar,No Change,vw_Fact_Operation_DB,PartnerLocationID,
CSP,vw_Fact_Operation_DB,PartnerOneID,int,No Change,vw_Fact_Operation_DB,PartnerOneID,
CSP,vw_Fact_Operation_DB,PartnerOneName,varchar,No Change,vw_Fact_Operation_DB,PartnerOneName,
CSP,vw_Fact_Operation_DB,Revenue,decimal,No Change,vw_Fact_Operation_DB,Revenue,
CSP,vw_Fact_Operation_DB,RevenueExceptionCategory,varchar,No Change,vw_Fact_Operation_DB,RevenueExceptionCategory,
CSP,vw_Fact_Operation_DB,SupportFlag,varchar,No Change,vw_Fact_Operation_DB,SupportFlag,
CSP,vw_Fact_Operation_DB,SupportPlanExceptionCategory,varchar,No Change,vw_Fact_Operation_DB,SupportPlanExceptionCategory,
CSP,vw_Fact_Operation_DB,Threshold300KRevenue,varchar,No Change,vw_Fact_Operation_DB,Threshold300KRevenue,
CSP,vw_Fact_Operation_DB,WithinOnboardedGracePeriod,varchar,No Change,vw_Fact_Operation_DB,WithinOnboardedGracePeriod,
CSP, , , ,New View,vw_Fact_AIP_n,BillingType,
CSP, , , ,New View,vw_Fact_AIP_n,BillingTypeName,
CSP, , , ,New View,vw_Fact_AIP_n,ChannelClassification,
CSP, , , ,New View,vw_Fact_AIP_n,CloudCustomerGuid,
CSP, , , ,New View,vw_Fact_AIP_n,CSPPartnerID,
CSP, , , ,New View,vw_Fact_AIP_n,converted_date,
CSP, , , ,New View,vw_Fact_AIP_n,CurrentSubscriptionStatus,
CSP, , , ,New View,vw_Fact_AIP_n,EndCustomerSubsegmentID,
CSP, , , ,New View,vw_Fact_AIP_n,InvoiceDateKey,
CSP, , , ,New View,vw_Fact_AIP_n,InvoiceNumber,
CSP, , , ,New View,vw_Fact_AIP_n,IR_CSPPartnerID,
CSP, , , ,New View,vw_Fact_AIP_n,IsAutorenew,
CSP, , , ,New View,vw_Fact_AIP_n,MarketingCategory,
CSP,vw_Fact_Planning_Risk_Assessment_Base,AccountEnrollmentSuspendedDate,date,No Change,vw_Fact_Planning_Risk_Assessment_Base,AccountEnrollmentSuspendedDate,
CSP,vw_Fact_Planning_Risk_Assessment_Base,AccountStatus,varchar,No Change,vw_Fact_Planning_Risk_Assessment_Base,AccountStatus,
CSP,vw_Fact_Planning_Risk_Assessment_Base,AccountSuspendedDate,date,No Change,vw_Fact_Planning_Risk_Assessment_Base,AccountSuspendedDate,
CSP,vw_Fact_Planning_Risk_Assessment_Base,AssociatedPartnerLocationID,int,No Change,vw_Fact_Planning_Risk_Assessment_Base,AssociatedPartnerLocationID,
CSP,vw_Fact_Planning_Risk_Assessment_Base,AssociatedPartnerLocationName,varchar,No Change,vw_Fact_Planning_Risk_Assessment_Base,AssociatedPartnerLocationName,
CSP,vw_Fact_Planning_Risk_Assessment_Base,AssociatedTenantID,varchar,No Change,vw_Fact_Planning_Risk_Assessment_Base,AssociatedTenantID,
CSP,vw_Fact_Planning_Risk_Assessment_Base,AutoRenew,varchar,No Change,vw_Fact_Planning_Risk_Assessment_Base,AutoRenew,
CSP,vw_Fact_Planning_Risk_Assessment_Base,BillingTPID,int,No Change,vw_Fact_Planning_Risk_Assessment_Base,BillingTPID,
CSP,vw_Fact_Planning_Risk_Assessment_Base,CSPCurrentStatus,varchar,No Change,vw_Fact_Planning_Risk_Assessment_Base,CSPCurrentStatus,
CSP,vw_Fact_Planning_Risk_Assessment_Base,CSPOnboardedDate,datetime2,No Change,vw_Fact_Planning_Risk_Assessment_Base,CSPOnboardedDate,
CSP,vw_Fact_Planning_Risk_Assessment_Base,CSPOnboardedMonth,varchar,No Change,vw_Fact_Planning_Risk_Assessment_Base,CSPOnboardedMonth,
CSP,vw_Fact_Planning_Risk_Assessment_Base,CSPPartnerID,varchar,No Change,vw_Fact_Planning_Risk_Assessment_Base,CSPPartnerID,
CSP,vw_Fact_Planning_Risk_Assessment_Base,CSPStatus,varchar,No Change,vw_Fact_Planning_Risk_Assessment_Base,CSPStatus,
CSP,vw_Fact_Planning_Risk_Assessment_Base,CustomerCountry,varchar,No Change,vw_Fact_Planning_Risk_Assessment_Base,CustomerCountry,
CSP,vw_Fact_Planning_Risk_Assessment_Base,CustomerSubscriptionProductType,varchar,No Change,vw_Fact_Planning_Risk_Assessment_Base,CustomerSubscriptionProductType,
CSP,vw_Fact_Planning_Risk_Assessment_Base,CustomerSummarySegment,varchar,No Change,vw_Fact_Planning_Risk_Assessment_Base,CustomerSummarySegment,
CSP,vw_Fact_Planning_Risk_Assessment_Base,CustomerTenantId,varchar,No Change,vw_Fact_Planning_Risk_Assessment_Base,CustomerTenantId,
CSP,vw_Fact_Planning_Risk_Assessment_Base,CustomerTenantName,varchar,No Change,vw_Fact_Planning_Risk_Assessment_Base,CustomerTenantName,
CSP,vw_Fact_Planning_Risk_Assessment_Base,CustomerViewBillingTPID,int,No Change,vw_Fact_Planning_Risk_Assessment_Base,CustomerViewBillingTPID,
CSP,vw_Fact_Planning_Risk_Assessment_Base,CustomerViewCustomerTenantId,varchar,No Change,vw_Fact_Planning_Risk_Assessment_Base,CustomerViewCustomerTenantId,
CSP,vw_Fact_Planning_Risk_Assessment_Base,CustomerViewSubscriptionID,varchar,No Change,vw_Fact_Planning_Risk_Assessment_Base,CustomerViewSubscriptionID,
CSP,vw_Fact_Planning_Risk_Assessment_Base,DetailedBillingType,varchar,No Change,vw_Fact_Planning_Risk_Assessment_Base,DetailedBillingType,
CSP,vw_Fact_Planning_Risk_Assessment_Base,DimAssociatedCSPPartnerKey,bigint,No Change,vw_Fact_Planning_Risk_Assessment_Base,DimAssociatedCSPPartnerKey,
CSP,vw_Fact_Planning_Risk_Assessment_Base,DimCSPPartnerKey,bigint,No Change,vw_Fact_Planning_Risk_Assessment_Base,DimCSPPartnerKey,
CSP,vw_Fact_Planning_Risk_Assessment_Base,DimCSPPartnerTypeIDKey,bigint,No Change,vw_Fact_Planning_Risk_Assessment_Base,DimCSPPartnerTypeIDKey,
CSP,vw_Fact_Planning_Risk_Assessment_Base,DimCSPPartnerTypeRegionIDKey,bigint,No Change,vw_Fact_Planning_Risk_Assessment_Base,DimCSPPartnerTypeRegionIDKey,
CSP,vw_Fact_Planning_Risk_Assessment_Base,DimCustomerTenantKey,bigint,No Change,vw_Fact_Planning_Risk_Assessment_Base,DimCustomerTenantKey,
CSP,vw_Fact_Planning_Risk_Assessment_Base,DimPartnerTenantTypeID,bigint,No Change,vw_Fact_Planning_Risk_Assessment_Base,DimPartnerTenantTypeID,
CSP,vw_Fact_Planning_Risk_Assessment_Base,EnrollmentStatus,varchar,No Change,vw_Fact_Planning_Risk_Assessment_Base,EnrollmentStatus,
CSP,vw_Fact_Planning_Risk_Assessment_Base,EnterpriseAgreementFlag,varchar,No Change,vw_Fact_Planning_Risk_Assessment_Base,EnterpriseAgreementFlag,
CSP,vw_Fact_Planning_Risk_Assessment_Base,FiscalMonthID,int,No Change,vw_Fact_Planning_Risk_Assessment_Base,FiscalMonthID,
CSP,vw_Fact_Planning_Risk_Assessment_Base,FormalMarketRegion,varchar,No Change,vw_Fact_Planning_Risk_Assessment_Base,FormalMarketRegion,
CSP,vw_Fact_Planning_Risk_Assessment_Base,HasMultipleCSPPartner,varchar,No Change,vw_Fact_Planning_Risk_Assessment_Base,HasMultipleCSPPartner,
CSP,vw_Fact_Planning_Risk_Assessment_Base,IsAccountSuspended,varchar,No Change,vw_Fact_Planning_Risk_Assessment_Base,IsAccountSuspended,
CSP,vw_Fact_Planning_Risk_Assessment_Base,IsAssociatedPartnerNotified,varchar,No Change,vw_Fact_Planning_Risk_Assessment_Base,IsAssociatedPartnerNotified,
CSP,vw_Fact_Planning_Risk_Assessment_Base,IsCohortApplicable,varchar,No Change,vw_Fact_Planning_Risk_Assessment_Base,IsCohortApplicable,
CSP,vw_Fact_Planning_Risk_Assessment_Base,IsCustomerNotified,varchar,No Change,vw_Fact_Planning_Risk_Assessment_Base,IsCustomerNotified,
CSP,vw_Fact_Planning_Risk_Assessment_Base,IsCustomerView,varchar,No Change,vw_Fact_Planning_Risk_Assessment_Base,IsCustomerView,
CSP,vw_Fact_Planning_Risk_Assessment_Base,IsEnrollmentSuspended,varchar,No Change,vw_Fact_Planning_Risk_Assessment_Base,IsEnrollmentSuspended,
CSP,vw_Fact_Planning_Risk_Assessment_Base,IsMultiTier,varchar,No Change,vw_Fact_Planning_Risk_Assessment_Base,IsMultiTier,
CSP,vw_Fact_Planning_Risk_Assessment_Base,IsPartnerNotified,varchar,No Change,vw_Fact_Planning_Risk_Assessment_Base,IsPartnerNotified,
CSP,vw_Fact_Planning_Risk_Assessment_Base,IsPartnerSuspended,varchar,No Change,vw_Fact_Planning_Risk_Assessment_Base,IsPartnerSuspended,
CSP,vw_Fact_Planning_Risk_Assessment_Base,IsTransacting,varchar,No Change,vw_Fact_Planning_Risk_Assessment_Base,IsTransacting,
CSP,vw_Fact_Planning_Risk_Assessment_Base,LifeTimeRevenue,decimal,No Change,vw_Fact_Planning_Risk_Assessment_Base,LifeTimeRevenue,
CSP,vw_Fact_Planning_Risk_Assessment_Base,LostRevenue,decimal,No Change,vw_Fact_Planning_Risk_Assessment_Base,LostRevenue,
CSP,vw_Fact_Planning_Risk_Assessment_Base,NCEFlag,varchar,No Change,vw_Fact_Planning_Risk_Assessment_Base,NCEFlag,
CSP,vw_Fact_Planning_Risk_Assessment_Base,OperationsPGARevenue,decimal,No Change,vw_Fact_Planning_Risk_Assessment_Base,OperationsPGARevenue,
CSP,vw_Fact_Planning_Risk_Assessment_Base,PartnerArea,varchar,No Change,vw_Fact_Planning_Risk_Assessment_Base,PartnerArea,
CSP,vw_Fact_Planning_Risk_Assessment_Base,PartnerCountry,varchar,No Change,vw_Fact_Planning_Risk_Assessment_Base,PartnerCountry,
CSP,vw_Fact_Planning_Risk_Assessment_Base,PartnerGlobalID,int,No Change,vw_Fact_Planning_Risk_Assessment_Base,PartnerGlobalID,
CSP,vw_Fact_Planning_Risk_Assessment_Base,PartnerLocationID,int,No Change,vw_Fact_Planning_Risk_Assessment_Base,PartnerLocationID,
CSP,vw_Fact_Planning_Risk_Assessment_Base,PartnerOneID,int,No Change,vw_Fact_Planning_Risk_Assessment_Base,PartnerOneID,
CSP,vw_Fact_Planning_Risk_Assessment_Base,PartnerType,varchar,No Change,vw_Fact_Planning_Risk_Assessment_Base,PartnerType,
CSP,vw_Fact_Planning_Risk_Assessment_Base,SolutionArea,varchar,No Change,vw_Fact_Planning_Risk_Assessment_Base,SolutionArea,
CSP,vw_Fact_Planning_Risk_Assessment_Base,SubscriptionID,varchar,No Change,vw_Fact_Planning_Risk_Assessment_Base,SubscriptionID,
CSP,vw_Fact_Planning_Risk_Assessment_Base,SubscriptionStatus,varchar,No Change,vw_Fact_Planning_Risk_Assessment_Base,SubscriptionStatus,
CSP,vw_Fact_Planning_Risk_Assessment_Base,SubsidiaryID,int,No Change,vw_Fact_Planning_Risk_Assessment_Base,SubsidiaryID,
CSP,vw_Fact_Planning_Risk_Assessment_Base,SuspendedDate,date,No Change,vw_Fact_Planning_Risk_Assessment_Base,SuspendedDate,
CSP,vw_Fact_Planning_Risk_Assessment_Base,TTMRevenue,decimal,No Change,vw_Fact_Planning_Risk_Assessment_Base,TTMRevenue,
CSP, , , ,New View,vw_Fact_AIP_n,MSCustomerGuid,
CSP, , , ,New View,vw_Fact_AIP_n,OfferName,
CSP, , , ,New View,vw_Fact_AIP_n,PaymentType,
CSP, , , ,New View,vw_Fact_AIP_n,ResourceGUID,
CSP, , , ,New View,vw_Fact_AIP_n,SubscriptionGUID,
CSP, , , ,New View,vw_Fact_AIP_n,sum_ChargesCD,
CSP, , , ,New View,vw_Fact_AIP_n,TenantCountryCode,
CSP, , , ,New View,vw_Fact_AIP_n,Tier1PartnerMPNId,
CSP, , , ,New View,vw_Fact_AIP_n,Tier2PartnerMPNId,
CSP, , , ,New View,vw_Fact_Customer_At_Risk_Snapshot,BillingTPID,
CSP, , , ,New View,vw_Fact_Customer_At_Risk_Snapshot,SourceSchemaMonthName,
CSP, , , ,New View,vw_Fact_Customer_At_Risk_Snapshot,SubsidiaryID,
CSP, , , ,New View,vw_Fact_Customer_At_Risk_Snapshot,SourcePublishSchema,
CSP, , , ,New View,vw_Fact_Customer_At_Risk_Snapshot,HasCustomerTransitioned,
CSP, , , ,New View,vw_Fact_Customer_At_Risk_Snapshot,RefreshDate,
CSP, ,DetailPricingLevelID,int,No Change,vw_Dim_Pricing_Level,DetailPricingLevelID,
CSP, ,IsCSP,varchar,No Change,vw_Dim_Pricing_Level,IsCSP,
CSP, ,PricingLevelID,int,No Change,vw_Dim_Pricing_Level,PricingLevelID,
CSP, ,PricingLevelName,varchar,No Change,vw_Dim_Pricing_Level,PricingLevelName,
CSP, ,ReportingSummaryPricingLevelName,varchar,No Change,vw_Dim_Pricing_Level,ReportingSummaryPricingLevelName,
CSP, ,DetailPricingLevelName,varchar,No Change,vw_Dim_Pricing_Level,DetailPricingLevelName,
CSP, ,IsModernCSP,varchar,No Change,vw_Dim_Pricing_Level,IsModernCSP,
CSP, ,PricingLevelKey,int,No Change,vw_Dim_Pricing_Level,PricingLevelKey,
CSP, ,ReportingPricingLevelName,varchar,No Change,vw_Dim_Pricing_Level,ReportingPricingLevelName,
CSP,vw_CSP_ALL_Channel_Motion_Enrollment,AccountSellerID,bigint,No Change,vw_CSP_ALL_Channel_Motion_Enrollment,AccountSellerID,
CSP,vw_CSP_ALL_Channel_Motion_Enrollment,CSPDecisionDate,varchar,No Change,vw_CSP_ALL_Channel_Motion_Enrollment,CSPDecisionDate,
CSP,vw_CSP_ALL_Channel_Motion_Enrollment,CSPEnvironment,varchar,No Change,vw_CSP_ALL_Channel_Motion_Enrollment,CSPEnvironment,
CSP,vw_CSP_ALL_Channel_Motion_Enrollment,CSPOnboardedDate,datetime2,No Change,vw_CSP_ALL_Channel_Motion_Enrollment,CSPOnboardedDate,
CSP,vw_CSP_ALL_Channel_Motion_Enrollment,CSPProgramTier,varchar,No Change,vw_CSP_ALL_Channel_Motion_Enrollment,CSPProgramTier,
CSP,vw_CSP_ALL_Channel_Motion_Enrollment,CSPStatus,varchar,No Change,vw_CSP_ALL_Channel_Motion_Enrollment,CSPStatus,
CSP,vw_CSP_ALL_Channel_Motion_Enrollment,CSPTransactedDate,datetime2,No Change,vw_CSP_ALL_Channel_Motion_Enrollment,CSPTransactedDate,
CSP,vw_CSP_ALL_Channel_Motion_Enrollment,IndirectResellerEnrollmentDate,datetime2,No Change,vw_CSP_ALL_Channel_Motion_Enrollment,IndirectResellerEnrollmentDate,
CSP,vw_CSP_ALL_Channel_Motion_Enrollment,IndirectResellerRejectedDate,varchar,No Change,vw_CSP_ALL_Channel_Motion_Enrollment,IndirectResellerRejectedDate,
CSP,vw_CSP_ALL_Channel_Motion_Enrollment,IndirectResellerSuspendedDate,datetime2,No Change,vw_CSP_ALL_Channel_Motion_Enrollment,IndirectResellerSuspendedDate,
CSP,vw_CSP_ALL_Channel_Motion_Enrollment,IRProgramName,varchar,No Change,vw_CSP_ALL_Channel_Motion_Enrollment,IRProgramName,
CSP,vw_CSP_ALL_Channel_Motion_Enrollment,PartnerAccountID,varchar,No Change,vw_CSP_ALL_Channel_Motion_Enrollment,PartnerAccountID,
CSP,vw_CSP_ALL_Channel_Motion_Enrollment,PartnerCountry,varchar,No Change,vw_CSP_ALL_Channel_Motion_Enrollment,PartnerCountry,
CSP,vw_CSP_ALL_Channel_Motion_Enrollment,PartnerLegalName,varchar,No Change,vw_CSP_ALL_Channel_Motion_Enrollment,PartnerLegalName,
CSP,vw_CSP_ALL_Channel_Motion_Enrollment,ProgramName,varchar,No Change,vw_CSP_ALL_Channel_Motion_Enrollment,ProgramName,
CSP,vw_CSP_ALL_Channel_Motion_Enrollment,AccountPurpose,varchar,No Change,vw_CSP_ALL_Channel_Motion_Enrollment,AccountPurpose,
CSP,vw_CSP_ALL_Channel_Motion_Enrollment,CSPCurrentStatus,varchar,No Change,vw_CSP_ALL_Channel_Motion_Enrollment,CSPCurrentStatus,
CSP,vw_CSP_ALL_Channel_Motion_Enrollment,CSPEnrollmentDate,datetime2,No Change,vw_CSP_ALL_Channel_Motion_Enrollment,CSPEnrollmentDate,
CSP,vw_CSP_ALL_Channel_Motion_Enrollment,CSPIsTest,int,No Change,vw_CSP_ALL_Channel_Motion_Enrollment,CSPIsTest,
CSP,vw_CSP_ALL_Channel_Motion_Enrollment,CSPPartnerID,varchar,No Change,vw_CSP_ALL_Channel_Motion_Enrollment,CSPPartnerID,
CSP,vw_CSP_ALL_Channel_Motion_Enrollment,CSPProgramTier_OLD,varchar,No Change,vw_CSP_ALL_Channel_Motion_Enrollment,CSPProgramTier_OLD,
CSP,vw_CSP_ALL_Channel_Motion_Enrollment,CSPSuspendedDate,datetime2,No Change,vw_CSP_ALL_Channel_Motion_Enrollment,CSPSuspendedDate,
CSP,vw_CSP_ALL_Channel_Motion_Enrollment,IndirectResellerAgreementSigningDate,varchar,No Change,vw_CSP_ALL_Channel_Motion_Enrollment,IndirectResellerAgreementSigningDate,
CSP,vw_CSP_ALL_Channel_Motion_Enrollment,IndirectResellerOnboardedDate,datetime2,No Change,vw_CSP_ALL_Channel_Motion_Enrollment,IndirectResellerOnboardedDate,
CSP,vw_CSP_ALL_Channel_Motion_Enrollment,IndirectResellerStatus,varchar,No Change,vw_CSP_ALL_Channel_Motion_Enrollment,IndirectResellerStatus,
CSP,vw_CSP_ALL_Channel_Motion_Enrollment,IRMPASignedStatus,int,No Change,vw_CSP_ALL_Channel_Motion_Enrollment,IRMPASignedStatus,
CSP,vw_CSP_ALL_Channel_Motion_Enrollment,MPNID,varchar,No Change,vw_CSP_ALL_Channel_Motion_Enrollment,MPNID,
CSP,vw_CSP_ALL_Channel_Motion_Enrollment,PartnerArea,varchar,No Change,vw_CSP_ALL_Channel_Motion_Enrollment,PartnerArea,
CSP,vw_CSP_ALL_Channel_Motion_Enrollment,PartnerIsTest,varchar,No Change,vw_CSP_ALL_Channel_Motion_Enrollment,PartnerIsTest,
CSP,vw_CSP_ALL_Channel_Motion_Enrollment,PartnerOrganizationName,varchar,No Change,vw_CSP_ALL_Channel_Motion_Enrollment,PartnerOrganizationName,
CSP,vw_DB_Without_IR,IRMPNPartnerName,varchar,No Change,vw_DB_Without_IR,IRMPNPartnerName,
CSP,vw_DB_Without_IR,CSPPartnerIDMPNTenantID,varchar,No Change,vw_DB_Without_IR,CSPPartnerIDMPNTenantID,
CSP,vw_DB_Without_IR,IRMPNID,varchar,No Change,vw_DB_Without_IR,IRMPNID,
CSP,vw_Dim_At_Risk, , ,New Column,vw_Dim_At_Risk,IsInside9MonthGracePeriod,
CSP,vw_Dim_At_Risk, , ,New Column,vw_Dim_At_Risk,HasMetSupportPlanRequirementsAfterExemption,
CSP,vw_Dim_At_Risk, , ,New Column,vw_Dim_At_Risk,IsSPDFlagAfterExemption,
CSP,vw_Dim_At_Risk, , ,New Column,vw_Dim_At_Risk,RevenueThresholdFlagAfterExemption,
CSP,vw_Dim_At_Risk, , ,New Column,vw_Dim_At_Risk,CSPOnboardedMonth,
CSP,vw_Dim_At_Risk, , ,New Column,vw_Dim_At_Risk,AtRiskFlag9Month,
CSP,vw_Dim_At_Risk, , ,New Column,vw_Dim_At_Risk,AtRiskFlagAfterExemption,
CSP,vw_Dim_At_Risk, , ,New Column,vw_Dim_At_Risk,AtRiskFlagAfterExemption9Month,
CSP,vw_Dim_At_Risk, , ,New Column,vw_Dim_At_Risk,CountAsfp,
CSP,vw_Dim_At_Risk, , ,New Column,vw_Dim_At_Risk,CountPsfp,
CSP,vw_Dim_At_Risk, , ,New Column,vw_Dim_At_Risk,CountContractNumber,
CSP,vw_Dim_At_Risk, , ,New Column,vw_Dim_At_Risk,RiskCategory,
CSP,vw_Dim_At_Risk, , ,New Column,vw_Dim_At_Risk,RiskCategorySortKey,
CSP,vw_Dim_At_Risk, , ,New Column,vw_Dim_At_Risk,CSPOnboardedMonthSortKey,
CSP,vw_Dim_At_Risk,CSPOnboardedDate,datetime2,No Change,vw_Dim_At_Risk,CSPOnboardedDate,
CSP,vw_Dim_At_Risk,HasMetSupportPlanRequirements,varchar,No Change,vw_Dim_At_Risk,HasMetSupportPlanRequirements,
CSP,vw_Dim_At_Risk,IsSPDFlag,varchar,No Change,vw_Dim_At_Risk,IsSPDFlag,
CSP,vw_Dim_At_Risk,PartnerType,varchar,No Change,vw_Dim_At_Risk,PartnerType,
CSP,vw_Dim_At_Risk,AtRiskFlag,varchar,No Change,vw_Dim_At_Risk,AtRiskFlag,
CSP,vw_Dim_At_Risk,HasMetSecurityScore,varchar,No Change,vw_Dim_At_Risk,HasMetSecurityScore,
CSP,vw_Dim_At_Risk,IsGracePeriod,varchar,No Change,vw_Dim_At_Risk,IsGracePeriod,
CSP,vw_Dim_At_Risk,PartnerAtRiskID,bigint,No Change,vw_Dim_At_Risk,PartnerAtRiskID,
CSP,vw_Dim_At_Risk,RevenueThresholdFlag,varchar,No Change,vw_Dim_At_Risk,RevenueThresholdFlag,
CSP,vw_Dim_Bridge_Partner_One_Reporting_Key,PartnerOneReportingKey,bigint,No Change,vw_Dim_Bridge_Partner_One_Reporting_Key,PartnerOneReportingKey,
CSP,vw_Dim_Cohorts_Combined,CSPPartnerID,varchar,No Change,vw_Dim_Cohorts_Combined,CSPPartnerID,
CSP,vw_Dim_Cohorts_Combined,Formalmarketregion,varchar,No Change,vw_Dim_Cohorts_Combined,Formalmarketregion,
CSP,vw_Dim_Cohorts_Combined,PartnerLocationID,varchar,No Change,vw_Dim_Cohorts_Combined,PartnerLocationID,
CSP,vw_Dim_Cohorts_Combined,VettingCohort,varchar,No Change,vw_Dim_Cohorts_Combined,VettingCohort,
CSP,vw_Dim_Cohorts_Combined,CohortName,varchar,No Change,vw_Dim_Cohorts_Combined,CohortName,
CSP,vw_Dim_Cohorts_Combined,DimCSPPartnerTypeRegionIDKey,bigint,No Change,vw_Dim_Cohorts_Combined,DimCSPPartnerTypeRegionIDKey,
CSP,vw_Dim_Cohorts_Combined,IsTransacting,varchar,No Change,vw_Dim_Cohorts_Combined,IsTransacting,
CSP,vw_Dim_Cohorts_Combined,PartnerType,varchar,No Change,vw_Dim_Cohorts_Combined,PartnerType,
CSP,vw_Dim_CSP_Partner_Tenant,,,New Column,vw_Dim_CSP_Partner_Tenant,CSPProgramTier,
CSP,vw_Dim_CSP_Partner_Tenant,,,New Column,vw_Dim_CSP_Partner_Tenant,IsMultitier,
CSP,vw_Dim_CSP_Partner_Tenant, , ,New Column,vw_Dim_CSP_Partner_Tenant,ProgramName,
CSP,vw_Dim_CSP_Partner_Tenant, , ,New Column,vw_Dim_CSP_Partner_Tenant,IRProgramName,
CSP,vw_Dim_CSP_Partner_Tenant,PartnerLegalName,varchar,No Change,vw_Dim_CSP_Partner_Tenant,PartnerLegalName,
CSP,vw_Dim_CSP_Partner_Tenant,CSPPartnerID,varchar,No Change,vw_Dim_CSP_Partner_Tenant,CSPPartnerID,
CSP,vw_Dim_CSP_Partner_Tenant,DimCSPPartnerTenantKey,bigint,No Change,vw_Dim_CSP_Partner_Tenant,DimCSPPartnerTenantKey,
CSP,vw_Dim_CSP_Partner_Tenant,FormalMarketRegion,varchar,No Change,vw_Dim_CSP_Partner_Tenant,FormalMarketRegion,
CSP,vw_Dim_CSP_Partner_Tenant,ExceptionType,varchar,Column Renamed,vw_Dim_CSP_Partner_Tenant,ExemptionType,
CSP,vw_Dim_CSP_Partner_Tenant,HasRevenueException,varchar,Column Renamed,vw_Dim_CSP_Partner_Tenant,HasRevenueExemption,
CSP,vw_Dim_CSP_Partner_Tenant,HasSupportPlanException,varchar,Column Renamed,vw_Dim_CSP_Partner_Tenant,HasSupportPlanExemption,
CSP,vw_Dim_CSP_Partner_Tenant,IsTestAccount,varchar,Deprecate,,,
CSP,vw_Dim_CSP_Partner_Tenant,RevenueExceptionCategory,varchar,Column Renamed,vw_Dim_CSP_Partner_Tenant,RevenueExemptionCategory,
CSP,vw_Dim_CSP_Partner_Tenant,SupportPlanExceptionCategory,varchar,Column Renamed,vw_Dim_CSP_Partner_Tenant,SupportPlanExemptionCategory,
CSP,vw_Dim_Customer,AzureConsumedRevenueThreshold,int,No Change,vw_Dim_Customer,AzureConsumedRevenueThreshold,
CSP,vw_Dim_Customer,EOU,varchar,No Change,vw_Dim_Customer,EOU,
CSP,vw_Dim_Customer,IndustryKey,int,No Change,vw_Dim_Customer,IndustryKey,
CSP,vw_Dim_Customer,IsACACustomer,varchar,No Change,vw_Dim_Customer,IsACACustomer,
CSP,vw_Dim_Customer,IsPresentInMPL,varchar,No Change,vw_Dim_Customer,IsPresentInMPL,
CSP,vw_Dim_Customer,SubSegmentKey,int,No Change,vw_Dim_Customer,SubSegmentKey,
CSP,vw_Dim_Customer,TPID,int,No Change,vw_Dim_Customer,TPID,
CSP,vw_Dim_Customer,VerticalName,varchar,No Change,vw_Dim_Customer,VerticalName,
CSP,vw_Dim_Customer,CustomerKey,int,No Change,vw_Dim_Customer,CustomerKey,
CSP,vw_Dim_Customer,HQDS,varchar,No Change,vw_Dim_Customer,HQDS,
CSP,vw_Dim_Customer,IndustryName,varchar,No Change,vw_Dim_Customer,IndustryName,
CSP,vw_Dim_Customer,IsGSI1800Customer,varchar,No Change,vw_Dim_Customer,IsGSI1800Customer,
CSP,vw_Dim_Customer,IsS500Customer,varchar,No Change,vw_Dim_Customer,IsS500Customer,
CSP,vw_Dim_Customer,SubsegmentName,varchar,No Change,vw_Dim_Customer,SubsegmentName,
CSP,vw_Dim_Customer,TPName,varchar,No Change,vw_Dim_Customer,TPName,
CSP,vw_IPIR_MultiplePLA,DistributorCSPPartnerID,varchar,No Change,vw_IPIR_MultiplePLA,DistributorCSPPartnerID,
CSP,vw_IPIR_MultiplePLA,DistributorMPNPartnerName,varchar,No Change,vw_IPIR_MultiplePLA,DistributorMPNPartnerName,
CSP,vw_IR_MultiplePLA,CSPPartnerIDMPNTenantID,varchar,No Change,vw_IR_MultiplePLA,CSPPartnerIDMPNTenantID,
CSP,vw_IR_MultiplePLA,IRMPNID,varchar,No Change,vw_IR_MultiplePLA,IRMPNID,
CSP,vw_IR_MultiplePLA,IRMPNPartnerName,varchar,No Change,vw_IR_MultiplePLA,IRMPNPartnerName,
CSP,vw_Map_Azure_AIP,AssociationKey,int,No Change,vw_Map_Azure_AIP,AssociationKey,
CSP,vw_Map_Azure_AIP,CSPPartnerID,varchar,No Change,vw_Map_Azure_AIP,CSPPartnerID,
CSP,vw_Map_Azure_AIP,PartnerAttachType,varchar,No Change,vw_Map_Azure_AIP,PartnerAttachType,
CSP,vw_Map_Azure_AIP,PartnerAttachTypeKey,int,No Change,vw_Map_Azure_AIP,PartnerAttachTypeKey,
CSP,vw_Map_Azure_AIP,PartnerLocationID,varchar,No Change,vw_Map_Azure_AIP,PartnerLocationID,
CSP,vw_Map_Partner_Association_Sales,AssociationID,bigint,No Change,vw_Map_Partner_Association_Sales,AssociationID,
CSP,vw_Map_Partner_Association_Sales,AssociationName,varchar,No Change,vw_Map_Partner_Association_Sales,AssociationName,
CSP,vw_Map_Partner_Association_Sales,AssociationTypeID,int,No Change,vw_Map_Partner_Association_Sales,AssociationTypeID,
CSP,vw_Map_Partner_Association_Sales,CSPPartnerID,varchar,No Change,vw_Map_Partner_Association_Sales,CSPPartnerID,
CSP,vw_Map_Partner_Association_Sales,DistributorCSPPartnerID,varchar,No Change,vw_Map_Partner_Association_Sales,DistributorCSPPartnerID,
CSP,vw_Map_Partner_Association_Sales,PartnerAttachType,varchar,No Change,vw_Map_Partner_Association_Sales,PartnerAttachType,
CSP,vw_Map_Partner_Association_Sales,PartnerGlobalID,int,No Change,vw_Map_Partner_Association_Sales,PartnerGlobalID,
CSP,vw_Map_Partner_Association_Sales,PartnerLocationID,int,No Change,vw_Map_Partner_Association_Sales,PartnerLocationID,
CSP,vw_Map_Partner_Association_Sales,PartnerOneID,int,No Change,vw_Map_Partner_Association_Sales,PartnerOneID,
CSP,vw_Map_Partner_Association_Sales,PartnerOneReportingKey,bigint,No Change,vw_Map_Partner_Association_Sales,PartnerOneReportingKey,
CSP,vw_Map_Partner_Association_Sales,PartnerTenantID,varchar,No Change,vw_Map_Partner_Association_Sales,PartnerTenantID,
CSP,vw_Map_Partner_Association_Sales,ResellerCSPPartnerID,varchar,No Change,vw_Map_Partner_Association_Sales,ResellerCSPPartnerID,
CSP,vw_Dim_IRMPA_Cohort,CSPPartnerIDPartnerLocationTenantID,varchar,No Change,vw_Dim_IRMPA_Cohort,CSPPartnerIDPartnerLocationTenantID,
CSP,vw_Dim_IRMPA_Cohort,DistributorCSPPartnerID,varchar,No Change,vw_Dim_IRMPA_Cohort,DistributorCSPPartnerID,
CSP,vw_Dim_IRMPA_Cohort,DistributorPartnerLocationName,varchar,No Change,vw_Dim_IRMPA_Cohort,DistributorPartnerLocationName,
CSP,vw_Dim_IRMPA_Cohort,DistributorPartnerOneName,varchar,No Change,vw_Dim_IRMPA_Cohort,DistributorPartnerOneName,
CSP,vw_Dim_IRMPA_Cohort,FormalMarketRegion,varchar,No Change,vw_Dim_IRMPA_Cohort,FormalMarketRegion,
CSP,vw_Dim_IRMPA_Cohort,IRMPA,varchar,No Change,vw_Dim_IRMPA_Cohort,IRMPA,
CSP,vw_Dim_IRMPA_Cohort,PartnerLocationName,varchar,No Change,vw_Dim_IRMPA_Cohort,PartnerLocationName,
CSP,vw_Dim_IRMPA_Cohort,PartnerOneID,int,No Change,vw_Dim_IRMPA_Cohort,PartnerOneID,
CSP,vw_Dim_IRMPA_Cohort,Sub,bigint,No Change,vw_Dim_IRMPA_Cohort,Sub,
CSP,vw_Dim_IRMPA_Cohort,Threshold1K,varchar,No Change,vw_Dim_IRMPA_Cohort,Threshold1K,
CSP,vw_Non_Transacting_DB_IP,,,New Column,vw_Non_Transacting_DB_IP,PartnerAtRiskID,
CSP,vw_Non_Transacting_DB_IP,,,New Column,vw_Non_Transacting_DB_IP,PartnerGlobalID,
CSP,vw_Non_Transacting_DB_IP,CSPCurrentStatus,varchar,No Change,vw_Non_Transacting_DB_IP,CSPCurrentStatus,
CSP,vw_Non_Transacting_DB_IP,CSPCurrentStatusFlag,varchar,No Change,vw_Non_Transacting_DB_IP,CSPCurrentStatusFlag,
CSP,vw_Non_Transacting_DB_IP,CSPDecisionDate,varchar,No Change,vw_Non_Transacting_DB_IP,CSPDecisionDate,
CSP,vw_Non_Transacting_DB_IP,CSPEnrollmentDate,datetime2,No Change,vw_Non_Transacting_DB_IP,CSPEnrollmentDate,
CSP,vw_Non_Transacting_DB_IP,CSPEnvironment,varchar,No Change,vw_Non_Transacting_DB_IP,CSPEnvironment,
CSP,vw_Non_Transacting_DB_IP,CSPOnboardedDate,datetime2,No Change,vw_Non_Transacting_DB_IP,CSPOnboardedDate,
CSP,vw_Non_Transacting_DB_IP,CSPPartnerID,varchar,No Change,vw_Non_Transacting_DB_IP,CSPPartnerID,
CSP,vw_Non_Transacting_DB_IP,CSPProgramTier,varchar,No Change,vw_Non_Transacting_DB_IP,CSPProgramTier,
CSP,vw_Non_Transacting_DB_IP,CSPStatus,varchar,No Change,vw_Non_Transacting_DB_IP,CSPStatus,
CSP,vw_Non_Transacting_DB_IP,CSPStatusFlag,varchar,No Change,vw_Non_Transacting_DB_IP,CSPStatusFlag,
CSP,vw_Non_Transacting_DB_IP,FinalPartnerCategoryNew,varchar,No Change,vw_Non_Transacting_DB_IP,FinalPartnerCategoryNew,
CSP,vw_Non_Transacting_DB_IP,FinalPartnerCategoryPartnerID,varchar,No Change,vw_Non_Transacting_DB_IP,FinalPartnerCategoryPartnerID,
CSP,vw_Non_Transacting_DB_IP,IsDirectBill,int,No Change,vw_Non_Transacting_DB_IP,IsDirectBill,
CSP,vw_Non_Transacting_DB_IP,IsDistributor,int,No Change,vw_Non_Transacting_DB_IP,IsDistributor,
CSP,vw_Non_Transacting_DB_IP,NumActiveContracts,bigint,No Change,vw_Non_Transacting_DB_IP,NumActiveContracts,
CSP,vw_Non_Transacting_DB_IP,NumAsfp,varchar,No Change,vw_Non_Transacting_DB_IP,NumAsfp,
CSP,vw_Non_Transacting_DB_IP,NumPsfp,varchar,No Change,vw_Non_Transacting_DB_IP,NumPsfp,
CSP,vw_Non_Transacting_DB_IP,PartnerArea,varchar,No Change,vw_Non_Transacting_DB_IP,PartnerArea,
CSP,vw_Non_Transacting_DB_IP,PartnerCountry,varchar,No Change,vw_Non_Transacting_DB_IP,PartnerCountry,
CSP,vw_Non_Transacting_DB_IP,PartnerLocationID,varchar,No Change,vw_Non_Transacting_DB_IP,PartnerLocationID,
CSP,vw_Non_Transacting_DB_IP,PartnerOneID,int,No Change,vw_Non_Transacting_DB_IP,PartnerOneID,
CSP,vw_Non_Transacting_DB_IP,PartnerOrganizationName,varchar,No Change,vw_Non_Transacting_DB_IP,PartnerOrganizationName,
CSP,vw_Non_Transacting_DB_IP,PartnerROC,varchar,No Change,vw_Non_Transacting_DB_IP,PartnerROC,
CSP,vw_Non_Transacting_DB_IP,SupportFlag,varchar,No Change,vw_Non_Transacting_DB_IP,SupportFlag,
CSP,vw_Non_Transacting_DB_IP,TransactingFlag,varchar,No Change,vw_Non_Transacting_DB_IP,TransactingFlag,
CSP,vw_Non_Transacting_DB_IP,TransactingFlagNew,varchar,No Change,vw_Non_Transacting_DB_IP,TransactingFlagNew,
CSP,vw_Non_Transacting_DB_IP,WithinOnboardedGracePeriod,varchar,No Change,vw_Non_Transacting_DB_IP,WithinOnboardedGracePeriod,
CSP,vw_Non_Transacting_IR,,,New Column,vw_Non_Transacting_IR,PartnerAtRiskID,
CSP,vw_Non_Transacting_IR,DaysSinceOnboarding,int,No Change,vw_Non_Transacting_IR,DaysSinceOnboarding,
CSP,vw_Non_Transacting_IR,DistributorConnection,varchar,No Change,vw_Non_Transacting_IR,DistributorConnection,
CSP,vw_Non_Transacting_IR,DistributorCSPCurrentStatus,varchar,No Change,vw_Non_Transacting_IR,DistributorCSPCurrentStatus,
CSP,vw_Non_Transacting_IR,DistributorCSPDecisionDate,varchar,No Change,vw_Non_Transacting_IR,DistributorCSPDecisionDate,
CSP,vw_Non_Transacting_IR,DistributorCSPEnrollmentDate,datetime2,No Change,vw_Non_Transacting_IR,DistributorCSPEnrollmentDate,
CSP,vw_Non_Transacting_IR,DistributorCSPEnvironment,varchar,No Change,vw_Non_Transacting_IR,DistributorCSPEnvironment,
CSP,vw_Non_Transacting_IR,DistributorCSPOnboardedDate,datetime2,No Change,vw_Non_Transacting_IR,DistributorCSPOnboardedDate,
CSP,vw_Non_Transacting_IR,DistributorCSPPartnerID,varchar,No Change,vw_Non_Transacting_IR,DistributorCSPPartnerID,
CSP,vw_Non_Transacting_IR,DistributorCSPProgramTier,varchar,No Change,vw_Non_Transacting_IR,DistributorCSPProgramTier,
CSP,vw_Non_Transacting_IR,DistributorCSPStatus,varchar,No Change,vw_Non_Transacting_IR,DistributorCSPStatus,
CSP,vw_Non_Transacting_IR,DistributorPartnerArea,varchar,No Change,vw_Non_Transacting_IR,DistributorPartnerArea,
CSP,vw_Non_Transacting_IR,DistributorPartnerCountry,varchar,No Change,vw_Non_Transacting_IR,DistributorPartnerCountry,
CSP,vw_Non_Transacting_IR,DistributorPartnerLocationID,varchar,No Change,vw_Non_Transacting_IR,DistributorPartnerLocationID,
CSP,vw_Non_Transacting_IR,DistributorPartnerOrganizationName,varchar,No Change,vw_Non_Transacting_IR,DistributorPartnerOrganizationName,
CSP,vw_Non_Transacting_IR,DistributorPartnerROC,varchar,No Change,vw_Non_Transacting_IR,DistributorPartnerROC,
CSP,vw_Non_Transacting_IR,FinalPartnerCategoryNew,varchar,No Change,vw_Non_Transacting_IR,FinalPartnerCategoryNew,
CSP,vw_Non_Transacting_IR,FinalPartnerCategoryPartnerID,varchar,No Change,vw_Non_Transacting_IR,FinalPartnerCategoryPartnerID,
CSP,vw_Non_Transacting_IR,IPIRDistributorCSPPartnerID,varchar,No Change,vw_Non_Transacting_IR,IPIRDistributorCSPPartnerID,
CSP,vw_Non_Transacting_IR,IPIRResellerCSPPartnerID,varchar,No Change,vw_Non_Transacting_IR,IPIRResellerCSPPartnerID,
CSP,vw_Non_Transacting_IR,IRCSPPartnerID,varchar,No Change,vw_Non_Transacting_IR,IRCSPPartnerID,
CSP,vw_Non_Transacting_IR,IRCSPProgramTier,varchar,No Change,vw_Non_Transacting_IR,IRCSPProgramTier,
CSP,vw_Non_Transacting_IR,IRIndirectResellerAgreementSigningDate,varchar,No Change,vw_Non_Transacting_IR,IRIndirectResellerAgreementSigningDate,
CSP,vw_Non_Transacting_IR,IRIndirectResellerEnrollmentDate,datetime2,No Change,vw_Non_Transacting_IR,IRIndirectResellerEnrollmentDate,
CSP,vw_Non_Transacting_IR,IRIndirectResellerOnboardedDate,datetime2,No Change,vw_Non_Transacting_IR,IRIndirectResellerOnboardedDate,
CSP,vw_Non_Transacting_IR,IRIndirectResellerRejectedDate,varchar,No Change,vw_Non_Transacting_IR,IRIndirectResellerRejectedDate,
CSP,vw_Non_Transacting_IR,IRIndirectResellerStatus,varchar,No Change,vw_Non_Transacting_IR,IRIndirectResellerStatus,
CSP,vw_Non_Transacting_IR,IRPartnerArea,varchar,No Change,vw_Non_Transacting_IR,IRPartnerArea,
CSP,vw_Non_Transacting_IR,IRPartnerCountry,varchar,No Change,vw_Non_Transacting_IR,IRPartnerCountry,
CSP,vw_Non_Transacting_IR,IRPartnerLegalName,varchar,No Change,vw_Non_Transacting_IR,IRPartnerLegalName,
CSP,vw_Non_Transacting_IR,PartnerLocationID,varchar,No Change,vw_Non_Transacting_IR,PartnerLocationID,
CSP,vw_Non_Transacting_IR,TransactingFlagNew,varchar,No Change,vw_Non_Transacting_IR,TransactingFlagNew,
CSP,vw_Non_Transacting_IR,TransactingFlagPartnerID,varchar,No Change,vw_Non_Transacting_IR,TransactingFlagPartnerID,
CSP,vw_Non_Transacting_IR,WithinOnboardedGracePeriod,varchar,No Change,vw_Non_Transacting_IR,WithinOnboardedGracePeriod,
CSP,vw_PGA,CSPPartnerIDMPNTenantID,varchar,No Change,vw_PGA,CSPPartnerIDMPNTenantID,
CSP,vw_PGA,IRMPNID,varchar,No Change,vw_PGA,IRMPNID,
CSP,vw_PGA,IRMPNPartnerName,varchar,No Change,vw_PGA,IRMPNPartnerName,
CSP,vw_Refresh_Logs,RefreshDate,varchar,No Change,vw_Refresh_Logs,RefreshDate,
CSP,vw_Refresh_Logs,RefreshName,varchar,No Change,vw_Refresh_Logs,RefreshName,
CSP, , , ,New View,vw_Dim_Support_Agreement_PGA,CountAsfp,
CSP, , , ,New View,vw_Dim_Support_Agreement_PGA,CountContractNumber,
CSP, , , ,New View,vw_Dim_Support_Agreement_PGA,CountPsfp,
CSP, , , ,New View,vw_Dim_IR_Tenant_PLA,DistributorConnection,
CSP, , , ,New View,vw_Dim_IR_Tenant_PLA,FormalMarketRegion,
CSP,vw_Dim_MPN_Partner, , ,New Column,vw_Dim_MPN_Partner,PartnerGlobalName,
CSP, , , ,New View,vw_Dim_PAGE_Data,HasMetRevenueThreshold,
CSP, , , ,New View,vw_Dim_PAGE_Data,HasMetSecurityScore,
CSP, , , ,New View,vw_Dim_PAGE_Data,PartnerLocationName,
CSP, , , ,New View,vw_Dim_Support_Agreement_PFM,ContractEndDate,
CSP, , , ,New View,vw_Dim_Support_Agreement_PFM,ContractNumber,
CSP, , , ,New View,vw_Dim_Support_Agreement_PFM,ContractStartDate,
CSP, , , ,New View,vw_Dim_Support_Agreement_PFM,CountAsfp,
CSP, , , ,New View,vw_Dim_Support_Agreement_PFM,IsPsfpP1,
CSP, , , ,New View,vw_Dim_Support_Agreement_PFM,IsSupportPlan,
CSP, , , ,New View,vw_Dim_PAGE_Data,HasMetSupportPlan,
CSP, , , ,New View,vw_Dim_PAGE_Data,HasSPD,
CSP, , , ,New View,vw_Dim_PAGE_Data,IsEligible,
CSP, , , ,New View,vw_Dim_PAGE_Data,IsTwelveMonthsAsIR,
CSP, , , ,New View,vw_Dim_PAGE_Data,PartnerGlobalID,
CSP, , , ,New View,vw_Dim_PAGE_Data,PartnerGlobalName,
CSP, , , ,New View,vw_Dim_PAGE_Data,PartnerLocationID,
CSP, , , ,New View,vw_Dim_Support_Agreement_PFM,CountContractNumber,
CSP, , , ,New View,vw_Dim_Support_Agreement_PFM,CountPsfp,
CSP, , , ,New View,vw_Dim_Support_Agreement_PFM,FormalMarketRegion,
CSP, , , ,New View,vw_Dim_Support_Agreement_PFM,HasMetSupportPlanRequirements,
CSP, , , ,New View,vw_Dim_Support_Agreement_PFM,IsAsfp,
CSP, , , ,New View,vw_Dim_Support_Agreement_PFM,IsAsfpP1,
CSP, , , ,New View,vw_Dim_Support_Agreement_PFM,IsPsfp,
CSP, , , ,New View,vw_Dim_Support_Agreement_PFM,PartnerAtRiskID,
CSP, , , ,New View,vw_Dim_Support_Agreement_PFM,PartnerOneID,
CSP, , , ,New View,vw_Dim_Support_Agreement_PGA,ContractEndDate,
CSP, , , ,New View,vw_Dim_Support_Agreement_PGA,ContractNumber,
CSP, , , ,New View,vw_Dim_Support_Agreement_PGA,ContractStartDate,
CSP, , , ,New View,vw_Dim_CSP_Partner_Tenant_IRPLA,ExemptionType,
CSP, , , ,New View,vw_Dim_CSP_Partner_Tenant_IRPLA,HasRevenueExemption,
CSP, , , ,New View,vw_Dim_CSP_Partner_Tenant_IRPLA,HasSupportPlanExemption,
CSP, , , ,New View,vw_Dim_CSP_Partner_Tenant_IRPLA,IsMultitier,
CSP, , , ,New View,vw_Dim_CSP_Partner_Tenant_IRPLA,CSPProgramTier,
CSP, , , ,New View,vw_Dim_CSP_Partner_Tenant_IRPLA,ProgramName,
CSP, , , ,New View,vw_Dim_CSP_Partner_Tenant_IRPLA,IRProgramName,
CSP, , , ,New View,vw_Dim_IR_Tenant_PLA,MPNID,
CSP, , , ,New View,vw_Dim_IR_Tenant_PLA,PartnerAccountID,
CSP, , , ,New View,vw_Dim_IR_Tenant_PLA,CSPPartnerID,
CSP, , , ,New View,vw_Dim_IR_Tenant_PLA,DimCSPIRPartnerKey,
CSP, , , ,New View,vw_Dim_IR_Tenant_PLA,PartnerLegalName,
CSP, , , ,New View,vw_Dim_IR_Tenant_PLA,PartnerOrganizationName,
CSP, , , ,New View,vw_Dim_IR_Tenant_PLA,CSPIsTest,
CSP, , , ,New View,vw_Dim_IR_Tenant_PLA,CSPProgramTier_OLD,
CSP, , , ,New View,vw_Dim_IR_Tenant_PLA,PartnerCountry,
CSP, , , ,New View,vw_Dim_IR_Tenant_PLA,PartnerArea,
CSP, , , ,New View,vw_Dim_IR_Tenant_PLA,PartnerIsTest,
CSP, , , ,New View,vw_Dim_IR_Tenant_PLA,CSPEnvironment,
CSP, , , ,New View,vw_Dim_IR_Tenant_PLA,CSPStatus,
CSP, , , ,New View,vw_Dim_IR_Tenant_PLA,CSPCurrentStatus,
CSP, , , ,New View,vw_Dim_IR_Tenant_PLA,CSPProgramTier,
CSP, , , ,New View,vw_Dim_IR_Tenant_PLA,CSPEnrollmentDate,
CSP, , , ,New View,vw_Dim_IR_Tenant_PLA,CSPOnboardedDate,
CSP, , , ,New View,vw_Dim_IR_Tenant_PLA,CSPDecisionDate,
CSP, , , ,New View,vw_Dim_IR_Tenant_PLA,CSPTransactedDate,
CSP, , , ,New View,vw_Dim_IR_Tenant_PLA,CSPSuspendedDate,
CSP, , , ,New View,vw_Dim_IR_Tenant_PLA,IndirectResellerStatus,
CSP, , , ,New View,vw_Dim_IR_Tenant_PLA,IndirectResellerEnrollmentDate,
CSP, , , ,New View,vw_Dim_IR_Tenant_PLA,IndirectResellerOnboardedDate,
CSP, , , ,New View,vw_Dim_IR_Tenant_PLA,IndirectResellerSuspendedDate,
CSP, , , ,New View,vw_Dim_IR_Tenant_PLA,IndirectResellerRejectedDate,
CSP, , , ,New View,vw_Dim_IR_Tenant_PLA,IndirectResellerAgreementSigningDate,
CSP, , , ,New View,vw_Dim_IR_Tenant_PLA,ProgramName,
CSP, , , ,New View,vw_Dim_IR_Tenant_PLA,IRProgramName,
CSP, , , ,New View,vw_Dim_IR_Tenant_PLA,AccountPurpose,
CSP, , , ,New View,vw_Dim_IR_Tenant_PLA,AccountSellerID,
CSP, , , ,New View,vw_Dim_IR_Tenant_PLA,IRMPASignedStatus,
CSP, , , ,New View,vw_Dim_IR_Tenant_PLA,IsTestAccount_Name,
CSP,,,,New View,vw_Fact_Market_Snapshot,PartnerAtRiskID,
CSP,,,,New View,vw_Fact_Market_Snapshot,SubsidiaryID,
CSP,,,,New View,vw_Fact_Market_Snapshot,BillingTPID,
CSP,,,,New View,vw_Fact_Market_Snapshot,IsTransacting,
CSP,,,,New View,vw_Fact_Market_Snapshot,CSPStatus,
CSP,,,,New View,vw_Fact_Market_Snapshot,TTMTotalRevenue,
CSP,,,,New View,vw_Fact_Market_Snapshot,SourcePublishSchema,
CSP,,,,New View,vw_Fact_Market_Snapshot,SnapshotDate,
CSP,,,,New View,vw_Fact_Market_Snapshot,SourceSchemaMonthName,
CSP,,,,New View,vw_Fact_Market_Snapshot,PartnerAtRiskIDSnapshotKey,
CSP,,,,New View,vw_Fact_Market_Snapshot,FiscalMonthID,
CSP,,,,New View,vw_Fact_Market_Snapshot,PartnerOneID,
CSP,,,,New View,vw_Fact_Market_Snapshot,CSPPartnerID,
CSP,,,,New View,vw_Fact_Market_Snapshot,PartnerLocationID,
CSP,,,,New View,vw_Fact_Market_Snapshot,PartnerGlobalID,
CSP,,,,New View,vw_Fact_Partner_Eligibility_Notifications,PartnerTenantId,
CSP,,,,New View,vw_Fact_Partner_Eligibility_Notifications,Cohort,
CSP,,,,New View,vw_Fact_Partner_Eligibility_Notifications,NotificationType,
CSP,,,,New View,vw_Fact_Partner_Eligibility_Notifications,ExecutionMonth,
CSP,,,,New View,vw_Fact_Partner_Eligibility_Notifications,AnniversaryMonth,
CSP,,,,New View,vw_Fact_Partner_Eligibility_Notifications,NotificationDate,
CSP,,,,New View,vw_Fact_Partner_Eligibility_Notifications,NotificationStatus,
CSP,,,,New View,vw_Fact_Partner_Eligibility_Notifications,MessageCount,
CSP,,,,New View,vw_Fact_Partner_Eligibility_Notifications,DimCSPPartnerTypeRegionIDKey,
CSP,,,,New View,vw_Fact_Planning_Risk_Snapshot,CSPPartnerID,
CSP,,,,New View,vw_Fact_Planning_Risk_Snapshot,DimSubscriptionKey,
CSP,,,,New View,vw_Fact_Planning_Risk_Snapshot,DimCustomerTenantKey,
CSP,,,,New View,vw_Fact_Planning_Risk_Snapshot,DimCSPPartnerKey,
CSP,,,,New View,vw_Fact_Planning_Risk_Snapshot,BillingTPID,
CSP,,,,New View,vw_Fact_Planning_Risk_Snapshot,ProductKey,
CSP,,,,New View,vw_Fact_Planning_Risk_Snapshot,SubscriptionID,
CSP,,,,New View,vw_Fact_Planning_Risk_Snapshot,AgreementType,
CSP,,,,New View,vw_Fact_Planning_Risk_Snapshot,CustomerTenantId,
CSP,,,,New View,vw_Fact_Planning_Risk_Snapshot,CustomerTenantName,
CSP,,,,New View,vw_Fact_Planning_Risk_Snapshot,PartnerType,
CSP,,,,New View,vw_Fact_Planning_Risk_Snapshot,AssociatedTenantID,
CSP,,,,New View,vw_Fact_Planning_Risk_Snapshot,PartnerLocationID,
CSP,,,,New View,vw_Fact_Planning_Risk_Snapshot,PartnerGlobalID,
CSP,,,,New View,vw_Fact_Planning_Risk_Snapshot,PartnerOneID,
CSP,,,,New View,vw_Fact_Planning_Risk_Snapshot,FiscalMonthID,
CSP,,,,New View,vw_Fact_Planning_Risk_Snapshot,PartnerCountry,
CSP,,,,New View,vw_Fact_Planning_Risk_Snapshot,SubsidiaryID,
CSP,,,,New View,vw_Fact_Planning_Risk_Snapshot,AssociatedPartnerLocationID,
CSP,,,,New View,vw_Fact_Planning_Risk_Snapshot,AssociatedPartnerLocationName,
CSP,vw_DB_Without_IR, , ,New Column,vw_DB_Without_IR,CSPProgramTier,
CSP,, , ,New View,vw_Dim_At_Risk_IRPLA,PartnerAtRiskID_IRPLA,
CSP, , , ,New View,vw_Dim_At_Risk_IRPLA,PartnerType,
CSP, , , ,New View,vw_Dim_At_Risk_IRPLA,HasMetSupportPlanRequirements,
CSP, , , ,New View,vw_Dim_At_Risk_IRPLA,HasMetSecurityScore,
CSP, , , ,New View,vw_Dim_At_Risk_IRPLA,IsSPDFlag,
CSP, , , ,New View,vw_Dim_At_Risk_IRPLA,RevenueThresholdFlag,
CSP, , , ,New View,vw_Dim_At_Risk_IRPLA,IsGracePeriod,
CSP, , , ,New View,vw_Dim_At_Risk_IRPLA,IsInside9MonthGracePeriod,
CSP, , , ,New View,vw_Dim_At_Risk_IRPLA,HasMetSupportPlanRequirementsAfterExemption,
CSP, , , ,New View,vw_Dim_At_Risk_IRPLA,IsSPDFlagAfterExemption,
CSP, , , ,New View,vw_Dim_At_Risk_IRPLA,RevenueThresholdFlagAfterExemption,
CSP, , , ,New View,vw_Dim_At_Risk_IRPLA,CSPOnboardedDate,
CSP, , , ,New View,vw_Dim_At_Risk_IRPLA,CSPOnboardedMonth,
CSP, , , ,New View,vw_Dim_At_Risk_IRPLA,AtRiskFlag,
CSP, , , ,New View,vw_Dim_At_Risk_IRPLA,AtRiskFlag9Month,
CSP, , , ,New View,vw_Dim_At_Risk_IRPLA,AtRiskFlagAfterExemption,
CSP, , , ,New View,vw_Dim_At_Risk_IRPLA,AtRiskFlagAfterExemption9Month,
CSP, , , ,New View,vw_Dim_At_Risk_IRPLA,CountAsfp,
CSP, , , ,New View,vw_Dim_At_Risk_IRPLA,CountPsfp,
CSP, , , ,New View,vw_Dim_At_Risk_IRPLA,CountContractNumber,
CSP, , , ,New View,vw_Dim_At_Risk_IRPLA,RiskCategory,
CSP, , , ,New View,vw_Dim_At_Risk_IRPLA,RiskCategorySortKey,
CSP, , , ,New View,vw_Dim_At_Risk_IRPLA,CSPOnboardedMonthSortKey,
CSP, , , ,New View,vw_Dim_At_Risk_Snapshot,PartnerAtRiskID,
CSP, , , ,New View,vw_Dim_At_Risk_Snapshot,PartnerType,
CSP, , , ,New View,vw_Dim_At_Risk_Snapshot,CSPOnboardedMonth,
CSP, , , ,New View,vw_Dim_At_Risk_Snapshot,AtRiskFlag,
CSP, , , ,New View,vw_Dim_At_Risk_Snapshot,AtRiskFlagAfterExemption,
CSP, , , ,New View,vw_Dim_At_Risk_Snapshot,RiskCategory,
CSP, , , ,New View,vw_Dim_At_Risk_Snapshot,CSPOnboardedMonthSortKey,
CSP, , , ,New View,vw_Dim_At_Risk_Snapshot,RiskCategorySortKey,
CSP, , , ,New View,vw_Dim_At_Risk_Snapshot,SourcePublishSchema,
CSP, , , ,New View,vw_Dim_At_Risk_Snapshot,SnapshotDate,
CSP, , , ,New View,vw_Dim_At_Risk_Snapshot,SourceSchemaMonthName,
CSP, , , ,New View,vw_Dim_At_Risk_Snapshot,PartnerAtRiskSnapshotKey,
CSP, , , ,New View,vw_Dim_At_Risk_Snapshot,IsTransacting,
CSP, , , ,New View,vw_Dim_At_Risk_Snapshot,FiscalMonthID,
CSP, , , ,New View,vw_Dim_At_Risk_Snapshot,HasMetSupportPlanRequirements,
CSP, , , ,New View,vw_Dim_At_Risk_Snapshot,HasMetSupportPlanRequirementsAfterExemption,
CSP, , , ,New View,vw_Dim_At_Risk_Snapshot,IsSPDFlag,
CSP, , , ,New View,vw_Dim_At_Risk_Snapshot,IsSPDFlagAfterExemption,
CSP, , , ,New View,vw_Dim_At_Risk_Snapshot,HasMetSecurityScore,
CSP, , , ,New View,vw_Dim_At_Risk_Snapshot,HasMetSecurityScoreAfterExemption,
CSP, , , ,New View,vw_Dim_At_Risk_Snapshot,HasMetRevenueThreshold,
CSP, , , ,New View,vw_Dim_At_Risk_Snapshot,HasMetRevenueThresholdAfterExemption,
CSP, , , ,New View,vw_Dim_At_Risk_Snapshot,PartnerAssessmentExemption,
CSP, , , ,New View,vw_Dim_At_Risk_Snapshot,HasGracePeriod,
CSP, , , ,New View,vw_Dim_At_Risk_Snapshot,Has12monthsasIRExemption,
CSP, , , ,New View,vw_Dim_CSP_Partner_Tenant_IRPLA,CSPPartnerID,
CSP, , , ,New View,vw_Dim_CSP_Partner_Tenant_IRPLA,DimCSPPartnerTenantKey,
CSP, , , ,New View,vw_Dim_CSP_Partner_Tenant_IRPLA,FormalMarketRegion,
CSP, , , ,New View,vw_Dim_CSP_Partner_Tenant_IRPLA,SupportPlanExemptionCategory,
CSP, , , ,New View,vw_Dim_CSP_Partner_Tenant_IRPLA,RevenueExemptionCategory,
CSP, , , ,New View,vw_Dim_CSP_Partner_Tenant_IRPLA,PartnerLegalName,
DualCredit,vw_PartnerDualCredit,PartnerTPID,varchar,No Change,vw_PartnerDualCredit,PartnerTPID,
DualCredit,vw_PartnerDualCredit,CustomerTPID,varchar,No Change,vw_PartnerDualCredit,CustomerTPID,
DualCredit,vw_PartnerDualCredit,SourceDate,varchar,No Change,vw_PartnerDualCredit,SourceDate,
DualCredit,vw_PartnerDualCredit,SubscriptionGUID,varchar,No Change,vw_PartnerDualCredit,SubscriptionGUID,
DualCredit,vw_PartnerDualCredit,DualCreditProgram,varchar,No Change,vw_PartnerDualCredit,DualCreditProgram,
E5Usage,vw_FactE5Usage,CreditedGeographyKey,int,No Change,vw_FactE5Usage,CreditedGeographyKey,
E5Usage,vw_FactE5Usage,CustomerGeographyKey,int,No Change,vw_FactE5Usage,CustomerGeographyKey,
E5Usage,vw_FactE5Usage,CustomerKey,int,No Change,vw_FactE5Usage,CustomerKey,
E5Usage,vw_FactE5Usage,E5ActiveUsageKey,varchar,No Change,vw_FactE5Usage,E5ActiveUsageKey,
E5Usage,vw_FactE5Usage,ReportingSnapShotDateKey,int,No Change,vw_FactE5Usage,ReportingSnapShotDateKey,
E5Usage,vw_FactE5Usage,SubSegmentKey,int,No Change,vw_FactE5Usage,SubSegmentKey,
E5Usage,vw_FactE5Usage,TenantKey,int,No Change,vw_FactE5Usage,TenantKey,
E5Usage,vw_FactE5Usage,ActiveUsage,bigint,No Change,vw_FactE5Usage,ActiveUsage,
E5Usage,vw_FactE5Usage,QualifiedUsage,bigint,No Change,vw_FactE5Usage,QualifiedUsage,
E5Usage,vw_FactE5Usage,IsFMClose,varchar,No Change,vw_FactE5Usage,IsFMClose,
E5Usage,vw_MapAssociationPartner,PartnerAttachTypeKey,int,No Change,vw_MapAssociationPartner,PartnerAttachTypeKey,
E5Usage,vw_MapAssociationPartner,PartnerKey,int,No Change,vw_MapAssociationPartner,PartnerKey,
E5Usage,vw_MapAssociationPartner,PartnerOneID,int,No Change,vw_MapAssociationPartner,PartnerOneID,
E5Usage,vw_MapAssociationPartner,E5ActiveUsageKey,varchar,No Change,vw_MapAssociationPartner,E5ActiveUsageKey,
E5Usage,vw_MapAssociationPartner,PartnerOneReportingKey,bigint,No Change,vw_MapAssociationPartner,PartnerOneReportingKey,
E5Usage,vw_MapAssociationPartner,ReportingSnapShotDateKey,int,No Change,vw_MapAssociationPartner,ReportingSnapShotDateKey,
E5Usage,vw_MapAssociationPartner,PartnerOneGeographyKey,int,No Change,vw_MapAssociationPartner,PartnerOneGeographyKey,
ems,vw_EMSPartnerTenantAssociation,Date,datetime2,Deprecate,vw_EMSPartnerTenantAssociation,Date,
ems,vw_EMSPartnerTenantAssociation,TenantId,varchar,Deprecate,,,
ems,vw_EMSPartnerTenantAssociation,Workload,varchar,Deprecate,,,
ems,vw_EMSPartnerTenantAssociation,PartnerOfRecordType,varchar,Deprecate,,,
ems,vw_EMSPartnerTenantAssociation,SpecialPartnerType,varchar,Deprecate,,,
ems,vw_EMSPartnerTenantAssociation,PartnerId,varchar,Deprecate,,,
ems,vw_EMSPartnerTenantAssociation,PartnerOfRecordAttachedDate,datetime2,Deprecate,,,
ems,vw_Fact_EMSActiveUsage,CustomerGeographyKey,int,Deprecate,,,
ems,vw_Fact_EMSActiveUsage,CustomerKey,bigint,Deprecate,,,
ems,vw_Fact_EMSActiveUsage,EMSActiveUsageKey,bigint,Deprecate,,,
ems,vw_Fact_EMSActiveUsage,ReportingSnapshotDateKey,int,Deprecate,,,
ems,vw_Fact_EMSActiveUsage,SalesModelKey,int,Deprecate,,,
ems,vw_Fact_EMSActiveUsage,SkuKey,varchar,Deprecate,,,
ems,vw_Fact_EMSActiveUsage,SubscriptionKey,bigint,Deprecate,,,
ems,vw_Fact_EMSActiveUsage,SubscriptionStatusKey,int,Deprecate,,,
ems,vw_Fact_EMSActiveUsage,TenantKey,bigint,Deprecate,,,
ems,vw_Fact_EMSActiveUsage,ActiveUsage,decimal,Deprecate,,,
ems,vw_Fact_EMSActiveUsage,QualifiedUsage,decimal,Deprecate,,,
ems,vw_Fact_EMSActiveUsage,IsCurrent,varchar,Deprecate,,,
ems,vw_Fact_EMSActiveUsage,IsFilteredInGPS,varchar,Deprecate,,,
ems,vw_Fact_EMSActiveUsage,UsageProduct,varchar,Deprecate,,,
ems,vw_Fact_EMSActiveUsage,CustomerID,bigint,Deprecate,,,
ems,vw_Fact_EMSActiveUsage,OriginalSnapshotDateID,int,Deprecate,,,
ems,vw_Fact_EMSActiveUsage,SubscriptionGUID,varchar,Deprecate,,,
ems,vw_Fact_EMSActiveUsage,TenantID,varchar,Deprecate,,,
ems,vw_Fact_EMSActiveUsage,UsageProductID,int,Deprecate,,,
ems,vw_Fact_EMSActiveUsage,ProductFamilyKey,int,Deprecate,,,
ems,vw_MapEMSActiveUsagePartner,EMSActiveUsageKey,bigint,Deprecate,,,
ems,vw_MapEMSActiveUsagePartner,PartnerAttachTypeKey,bigint,Deprecate,,,
ems,vw_MapEMSActiveUsagePartner,PartnerGeographyKey,int,Deprecate,,,
ems,vw_MapEMSActiveUsagePartner,PartnerKey,varchar,Deprecate,,,
ems,vw_MapEMSActiveUsagePartner,ReportingSnapshotDateKey,int,Deprecate,,,
ems,vw_MapEMSActiveUsagePartner,IsCurrent,varchar,Deprecate,,,
ems,vw_MapEMSActiveUsagePartner,IsFilteredInGPSOrder,varchar,Deprecate,,,
ems,vw_MapEMSActiveUsagePartner,OriginalSnapshotDateID,int,Deprecate,,,
ems,vw_MapEMSActiveUsagePartner,PartnerId,varchar,Deprecate,,,
ems,vw_MapEMSActiveUsagePartner,PartnerOfRecordAttachedDate,date,Deprecate,,,
ems,vw_MapEMSActiveUsagePartner,PartnerOneId,bigint,Deprecate,,,
ems,vw_MapEMSActiveUsagePartner,PartnerOneReportingKey,bigint,Deprecate,,,
Feed,vw_WWIC_AzureConsumedRevenue_Individual,IsGlobal,varchar,No Change,,,
Feed,vw_WWIC_AzureConsumedRevenue_Individual,IsManaged,varchar,No Change,,,
Feed,vw_WWIC_AzureConsumedRevenue_Team,CreditedSubsidiary,varchar,No Change,,,
Feed,vw_WWIC_AzureConsumedRevenue_Team,SubsidiaryID,int,No Change,,,
Feed,vw_WWIC_AzureConsumedRevenue_Team,FiscalMonthID,int,No Change,,,
Feed,vw_WWIC_AzureConsumedRevenue_Team,MetricName,varchar,No Change,,,
Feed,vw_WWIC_AzureConsumedRevenue_Team,FiscalMonthName,varchar,No Change,,,
Feed,vw_WWIC_AzureConsumedRevenue_Team,PreCreditedACR,decimal,No Change,,,
Feed,vw_WWIC_AzureConsumedRevenue_Team,ACR,decimal,No Change,,,
Feed,vw_WWIC_AzureConsumedRevenue_Team,PartnerSubSegment,varchar,No Change,,,
Feed,vw_WWIC_AzureConsumedRevenue_Team,IsManaged,varchar,No Change,,,
Feed,vw_WWIC_BilledRevenue_Individual,PartnerOneID,int,No Change,,,
Feed,vw_WWIC_BilledRevenue_Individual,PartnerOneName,varchar,No Change,,,
Feed,vw_WWIC_BilledRevenue_Individual,CreditedSubsidiary,varchar,No Change,,,
Feed,vw_WWIC_BilledRevenue_Individual,SubsidiaryID,int,No Change,,,
Feed,vw_WWIC_BilledRevenue_Individual,FiscalMonthID,int,No Change,,,
Feed,vw_WWIC_BilledRevenue_Individual,FiscalMonthName,varchar,No Change,,,
Feed,vw_WWIC_BilledRevenue_Individual,ProductFamilyID,int,No Change,,,
Feed,vw_WWIC_BilledRevenue_Individual,ProductFamily,varchar,No Change,,,
Feed,vw_WWIC_BilledRevenue_Individual,BilledRevenue,decimal,No Change,,,
Feed,vw_WWIC_BilledRevenue_Individual,IsGlobal,varchar,No Change,,,
Feed,vw_WWIC_BilledRevenue_Individual,IsManaged,varchar,No Change,,,
Feed,vw_WWIC_BilledRevenue_Team,CreditedSubsidiary,varchar,No Change,,,
Feed,vw_WWIC_BilledRevenue_Team,SubsidiaryID,int,No Change,,,
Feed,vw_WWIC_BilledRevenue_Team,FiscalMonthID,int,No Change,,,
Feed,vw_WWIC_BilledRevenue_Team,FiscalMonthName,varchar,No Change,,,
Feed,vw_WWIC_BilledRevenue_Team,ProductFamilyID,int,No Change,,,
Feed,vw_WWIC_BilledRevenue_Team,ProductFamily,varchar,No Change,,,
Feed,vw_WWIC_BilledRevenue_Team,PartnerSubSegment,varchar,No Change,,,
Feed,vw_WWIC_BilledRevenue_Team,BilledRevenue,decimal,No Change,,,
Feed,vw_WWIC_BilledRevenue_Team,IsManaged,varchar,No Change,,,
Feed,vw_WWIC_Partner_Segment_Hierarchy,PartnerSegment,varchar,No Change,,,
Feed,vw_WWIC_Partner_Segment_Hierarchy,PartnerSegmentID,int,No Change,,,
Feed,vw_WWIC_Partner_Segment_Hierarchy,PartnerSubSegment,varchar,No Change,,,
Feed,vw_WWIC_Partner_Segment_Hierarchy,PartnerSubSegmentID,int,No Change,,,
Feed,vw_WWIC_Partner_Segment_Hierarchy_Planning,PartnerSegment,varchar,No Change,,,
Feed,vw_WWIC_Partner_Segment_Hierarchy_Planning,PartnerSubSegment,varchar,No Change,,,
Feed,vw_WWIC_Partner_Segment_Hierarchy_Planning,PartnerSegmentID,int,No Change,,,
Feed,vw_WWIC_Partner_Segment_Hierarchy_Planning,PartnerSubSegmentID,int,No Change,,,
Feed,vw_C3Reporting_GPS,Area,varchar,Deprecate,,,
Feed,vw_C3Reporting_GPS,SubRegion,varchar,Deprecate,,,
Feed,vw_C3Reporting_GPS,Subsidiary,varchar,Deprecate,,,
Feed,vw_C3Reporting_GPS,PartnerName,varchar,Deprecate,,,
Feed,vw_C3Reporting_GPS,PartnerOneSubID,bigint,Deprecate,,,
Feed,vw_C3Reporting_GPS,SolutionArea,varchar,Deprecate,,,
Feed,vw_C3Reporting_GPS,MSSalesTopParentID,int,Deprecate,,,
Feed,vw_C3Reporting_GPS,Subsegment,varchar,Deprecate,,,
Feed,vw_C3Reporting_GPS,Spend,decimal,Deprecate,,,
Feed,vw_FactWinFormula,GPSCRMID,varchar,Deprecate,,,
Feed,vw_FactWinFormula,PartnerOneID,int,Deprecate,,,
Feed,vw_FactWinFormula,PartnerOneName,varchar,Deprecate,,,
Feed,vw_FactWinFormula,PartnerOneSubID,varchar,Deprecate,,,
Feed,vw_FactWinFormula,SolutionArea,varchar,Deprecate,,,
Feed,vw_FactWinFormula,MetricName,varchar,Deprecate,,,
Feed,vw_FactWinFormula,IPT,decimal,Deprecate,,,
Feed,vw_FactWinFormula,ActualsYTD,decimal,Deprecate,,,
Feed,vw_FactWinFormula,PrevFullYearActuals,decimal,Deprecate,,,
Feed,vw_FactWinFormula,OpportunityCountYTD,int,Deprecate,,,
Feed,vw_FactWinFormula,AvgDealSizeYTD,decimal,Deprecate,,,
Feed,vw_FactWinFormula,OpptyCountInStage1YTD,int,Deprecate,,,
Feed,vw_FactWinFormula,OpptyCountInStage2YTD,int,Deprecate,,,
Feed,vw_FactWinFormula,OpptyCountInStage3YTD,int,Deprecate,,,
Feed,vw_FactWinFormula,OpptyCountInStage4YTD,int,Deprecate,,,
Feed,vw_FactWinFormula,OpptyCountInStage5YTD,int,Deprecate,,,
Feed,vw_FactWinFormula,AvgOpptySizeInStage1YTD,decimal,Deprecate,,,
Feed,vw_FactWinFormula,AvgOpptySizeInStage2YTD,decimal,Deprecate,,,
Feed,vw_FactWinFormula,AvgOpptySizeInStage3YTD,decimal,Deprecate,,,
Feed,vw_FactWinFormula,AvgOpptySizeInStage4YTD,decimal,Deprecate,,,
Feed,vw_FactWinFormula,AvgOpptySizeInStage5YTD,decimal,Deprecate,,,
Feed,vw_FactWinFormula,Stage1to2ConversionRate,decimal,Deprecate,,,
Feed,vw_FactWinFormula,Stage2to3ConversionRate,decimal,Deprecate,,,
Feed,vw_FactWinFormula,Stage3to4ConversionRate,decimal,Deprecate,,,
Feed,vw_FactWinFormula,Stage4to5ConversionRate,decimal,Deprecate,,,
Feed,vw_FactWinFormula_Detailed,GPSCRMID,varchar,Deprecate,,,
Feed,vw_FactWinFormula_Detailed,PartnerOneID,bigint,Deprecate,,,
Feed,vw_FactWinFormula_Detailed,PartnerOneName,varchar,Deprecate,,,
Feed,vw_FactWinFormula_Detailed,PartnerOneSubID,varchar,Deprecate,,,
Feed,vw_FactWinFormula_Detailed,SolutionArea,varchar,Deprecate,,,
Feed,vw_FactWinFormula_Detailed,SolutionPlay,varchar,Deprecate,,,
Feed,vw_FactWinFormula_Detailed,OpportunityNumber,varchar,Deprecate,,,
Feed,vw_FactWinFormula_Detailed,OpportunityName,varchar,Deprecate,,,
Feed,vw_FactWinFormula_Detailed,MSXSalesStage,varchar,Deprecate,,,
Feed,vw_FactWinFormula_Detailed,CustomerSubsidiary,varchar,Deprecate,,,
Feed,vw_FactWinFormula_Detailed,TPAccountId,bigint,Deprecate,,,
Feed,vw_FactWinFormula_Detailed,TPAccountName,varchar,Deprecate,,,
Feed,vw_FactWinFormula_Detailed,MetricName,varchar,Deprecate,,,
Feed,vw_FactWinFormula_Detailed,Opportunity,float,Deprecate,,,
Feed,vw_FactWinFormula_Detailed,NoofOpportunities,bigint,Deprecate,,,
Feed,vw_FactWinFormula_Detailed,RefreshedDate,datetime2,Deprecate,,,
Feed,vw_WWIC_AzureConsumedRevenue_Individual,PartnerOneID,int,No Change,,,
Feed,vw_WWIC_AzureConsumedRevenue_Individual,PartnerOneName,varchar,No Change,,,
Feed,vw_WWIC_AzureConsumedRevenue_Individual,CreditedSubsidiary,varchar,No Change,,,
Feed,vw_WWIC_AzureConsumedRevenue_Individual,SubsidiaryID,int,No Change,,,
Feed,vw_WWIC_AzureConsumedRevenue_Individual,FiscalMonthID,int,No Change,,,
Feed,vw_WWIC_AzureConsumedRevenue_Individual,MetricName,varchar,No Change,,,
Feed,vw_WWIC_AzureConsumedRevenue_Individual,FiscalMonthName,varchar,No Change,,,
Feed,vw_WWIC_AzureConsumedRevenue_Individual,PreCreditedACR,int,No Change,,,
Feed,vw_WWIC_AzureConsumedRevenue_Individual,ACR,decimal,No Change,,,
Feed,vw_WWIC_AzureConsumedRevenue_Individual,PartnerSubSegment,varchar,No Change,,,
Feed_PMX,vw_FactWinFormula,GPSCRMID,varchar,No Change,,,
Feed_PMX,vw_FactWinFormula,PartnerOneID,int,No Change,,,
Feed_PMX,vw_FactWinFormula,PartnerOneName,varchar,No Change,,,
Feed_PMX,vw_FactWinFormula,PartnerOneSubID,varchar,No Change,,,
Feed_PMX,vw_FactWinFormula,SolutionArea,varchar,No Change,,,
Feed_PMX,vw_FactWinFormula,MetricName,varchar,No Change,,,
Feed_PMX,vw_FactWinFormula,IPT,decimal,No Change,,,
Feed_PMX,vw_FactWinFormula,ActualsYTD,decimal,No Change,,,
Feed_PMX,vw_FactWinFormula,PrevFullYearActuals,decimal,No Change,,,
Feed_PMX,vw_FactWinFormula,OpportunityCountYTD,int,No Change,,,
Feed_PMX,vw_FactWinFormula,AvgDealSizeYTD,decimal,No Change,,,
Feed_PMX,vw_FactWinFormula,OpptyCountInStage1YTD,int,No Change,,,
Feed_PMX,vw_FactWinFormula,OpptyCountInStage2YTD,int,No Change,,,
Feed_PMX,vw_FactWinFormula,OpptyCountInStage3YTD,int,No Change,,,
Feed_PMX,vw_FactWinFormula,OpptyCountInStage4YTD,int,No Change,,,
Feed_PMX,vw_FactWinFormula,OpptyCountInStage5YTD,int,No Change,,,
Feed_PMX,vw_FactWinFormula,AvgOpptySizeInStage1YTD,decimal,No Change,,,
Feed_PMX,vw_FactWinFormula,AvgOpptySizeInStage2YTD,decimal,No Change,,,
Feed_PMX,vw_FactWinFormula,AvgOpptySizeInStage3YTD,decimal,No Change,,,
Feed_PMX,vw_FactWinFormula,AvgOpptySizeInStage4YTD,decimal,No Change,,,
Feed_PMX,vw_FactWinFormula,AvgOpptySizeInStage5YTD,decimal,No Change,,,
Feed_PMX,vw_FactWinFormula,Stage1to2ConversionRate,decimal,No Change,,,
Feed_PMX,vw_FactWinFormula,Stage2to3ConversionRate,decimal,No Change,,,
Feed_PMX,vw_FactWinFormula,Stage3to4ConversionRate,decimal,No Change,,,
Feed_PMX,vw_FactWinFormula,Stage4to5ConversionRate,decimal,No Change,,,
Feed_PMX,vw_FactWinFormula_Detailed,GPSCRMID,varchar,No Change,,,
Feed_PMX,vw_FactWinFormula_Detailed,PartnerOneID,bigint,No Change,,,
Feed_PMX,vw_FactWinFormula_Detailed,PartnerOneName,varchar,No Change,,,
Feed_PMX,vw_FactWinFormula_Detailed,PartnerOneSubID,varchar,No Change,,,
Feed_PMX,vw_FactWinFormula_Detailed,SolutionArea,varchar,No Change,,,
Feed_PMX,vw_FactWinFormula_Detailed,SolutionPlay,varchar,No Change,,,
Feed_PMX,vw_FactWinFormula_Detailed,OpportunityNumber,varchar,No Change,,,
Feed_PMX,vw_FactWinFormula_Detailed,OpportunityName,varchar,No Change,,,
Feed_PMX,vw_FactWinFormula_Detailed,MSXSalesStage,varchar,No Change,,,
Feed_PMX,vw_FactWinFormula_Detailed,CustomerSubsidiary,varchar,No Change,,,
Feed_PMX,vw_FactWinFormula_Detailed,TPAccountId,bigint,No Change,,,
Feed_PMX,vw_FactWinFormula_Detailed,TPAccountName,varchar,No Change,,,
Feed_PMX,vw_FactWinFormula_Detailed,MetricName,varchar,No Change,,,
Feed_PMX,vw_FactWinFormula_Detailed,Opportunity,float,No Change,,,
Feed_PMX,vw_FactWinFormula_Detailed,NoofOpportunities,bigint,No Change,,,
Feed_PMX,vw_FactWinFormula_Detailed,RefreshedDate,datetime2,No Change,,,
inv,vw_DimIncentivePaymentStatus,IncentivePaymentStatusKey,int,Deprecate,,,
inv,vw_DimIncentivePaymentStatus,IncentivePaymentStatus,varchar,Deprecate,,,
inv,vw_DimIncentiveProgram,IncentiveProgramKey,int,Deprecate,,,
inv,vw_DimIncentiveProgram,IncentiveProgramGroupKey,int,Deprecate,,,
inv,vw_DimIncentiveProgram,IncentiveProgram,varchar,Deprecate,,,
inv,vw_DimIncentiveProgram,IncentiveProgramGroup,varchar,Deprecate,,,
inv,vw_Dim_POBIPartnerOne,POBIPartnerOneKey,int,Deprecate,,,
inv,vw_Dim_POBIPartnerOne,IsPartnerMastered,varchar,Deprecate,,,
inv,vw_Dim_POBIPartnerOne,POBIPartnerOneId,int,Deprecate,,,
inv,vw_Dim_POBIPartnerOne,POBIPartnerOneName,varchar,Deprecate,,,
inv,vw_Dim_ProfitCenter,ProfitCenterKey,varchar,Deprecate,,,
inv,vw_Dim_ProfitCenter,ProfitCenter,varchar,Deprecate,,,
inv,vw_Dim_ProfitCenter,ProfitCenterDescription,varchar,Deprecate,,,
inv,vw_Dim_ProfitCenterArea,WWAreaKey,int,Deprecate,,,
inv,vw_Dim_ProfitCenterArea,ProfitCenterWWArea,varchar,Deprecate,,,
inv,vw_Fact_Claims,ClaimsKey,int,Deprecate,,,
inv,vw_Fact_Claims,DateKey,int,Deprecate,,,
inv,vw_Fact_Claims,IncentiveProgramGroupKey,int,Deprecate,,,
inv,vw_Fact_Claims,IncentiveProgramKey,int,Deprecate,,,
inv,vw_Fact_Claims,PartnerGeographyKey,int,Deprecate,,,
inv,vw_Fact_Claims,PartnerOneKey,int,Deprecate,,,
inv,vw_Fact_Claims,ClaimsAmountCD,real,Deprecate,,,
inv,vw_Fact_Claims,ClaimsPaidAmountCD,real,Deprecate,,,
inv,vw_Fact_ECIFActuals,CaseKey,int,Deprecate,,,
inv,vw_Fact_ECIFActuals,CustomerGeographyKey,int,Deprecate,,,
inv,vw_Fact_ECIFActuals,CustomerSegmentKey,bigint,Deprecate,,,
inv,vw_Fact_ECIFActuals,DateKey,int,Deprecate,,,
inv,vw_Fact_ECIFActuals,ECIFActual,float,Deprecate,,,
inv,vw_Fact_ECIFActuals,PartnerOneReportingKey,bigint,Deprecate,,,
inv,vw_Fact_ECIFActuals,ProgramKey,int,Deprecate,,,
inv,vw_Fact_ECIFActuals,SolutionAreaSkid,int,Deprecate,,,
inv,vw_Fact_ECIFActuals,SupplierKey,int,Deprecate,,,
inv,vw_Fact_ECIFActuals,TpAccountKey,bigint,Deprecate,,,
inv,vw_Fact_Incentive,DateKey,bigint,Deprecate,,,
inv,vw_Fact_Incentive,CustomerSegmentKey,bigint,Deprecate,,,
inv,vw_Fact_Incentive,EarningTypeKey,int,Deprecate,,,
inv,vw_Fact_Incentive,LeverKey,int,Deprecate,,,
inv,vw_Fact_Incentive,IncentiveProgramGroupKey,int,Deprecate,,,
inv,vw_Fact_Incentive,IncentiveProgramKey,int,Deprecate,,,
inv,vw_Fact_Incentive,InvestmentTypeKey,int,Deprecate,,,
inv,vw_Fact_Incentive,ProductKey,bigint,Deprecate,,,
inv,vw_Fact_Incentive,PartnerOneKey,int,Deprecate,,,
inv,vw_Fact_Incentive,PartnerSubsidiaryKey,int,Deprecate,,,
inv,vw_Fact_Incentive,POBIPartnerOneKey,int,Deprecate,,,
inv,vw_Fact_Incentive,SolutionAreaKey,int,Deprecate,,,
inv,vw_Fact_Incentive,TierKey,int,Deprecate,,,
inv,vw_Fact_Incentive,TPAccountKey,bigint,Deprecate,,,
inv,vw_Fact_Incentive,TransactionGeographyKey,int,Deprecate,,,
inv,vw_Fact_Incentive,IncentiveEarnedAmount,float,Deprecate,,,
inv,vw_Fact_Incentive,IncentiveTransactionAmount,float,Deprecate,,,
inv,vw_Fact_IncentivePaid,DateKey,bigint,Deprecate,,,
inv,vw_Fact_IncentivePaid,PartnerOneKey,int,Deprecate,,,
inv,vw_Fact_IncentivePaid,POBIPartnerOneKey,int,Deprecate,,,
inv,vw_Fact_IncentivePaid,PartnerSubsidiaryKey,int,Deprecate,,,
inv,vw_Fact_IncentivePaid,IncentiveProgramGroupKey,int,Deprecate,,,
inv,vw_Fact_IncentivePaid,IncentiveProgramKey,int,Deprecate,,,
inv,vw_Fact_IncentivePaid,IncentivePaymentStatusKey,int,Deprecate,,,
inv,vw_Fact_IncentivePaid,InvestmentTypeKey,int,Deprecate,,,
inv,vw_Fact_IncentivePaid,IsBacklogAmount,int,Deprecate,,,
inv,vw_Fact_IncentivePaid,PayoutAmountCD,decimal,Deprecate,,,
inv,vw_Fact_InvestmentAmount,ChannelGroupKey,int,Deprecate,,,
inv,vw_Fact_InvestmentAmount,DateKey,int,Deprecate,,,
inv,vw_Fact_InvestmentAmount,ExecOrgDetailKey,int,Deprecate,,,
inv,vw_Fact_InvestmentAmount,FinancialAccountKey,int,Deprecate,,,
inv,vw_Fact_InvestmentAmount,FundingSourceKey,int,Deprecate,,,
inv,vw_Fact_InvestmentAmount,GLDocKey,int,Deprecate,,,
inv,vw_Fact_InvestmentAmount,IOPOKey,int,Deprecate,,,
inv,vw_Fact_InvestmentAmount,PartnerOneKey,int,Deprecate,,,
inv,vw_Fact_InvestmentAmount,PartnerSubsidiaryKey,int,Deprecate,,,
inv,vw_Fact_InvestmentAmount,ProfitCenterKey,varchar,Deprecate,,,
inv,vw_Fact_InvestmentAmount,SolutionAreaKey,int,Deprecate,,,
inv,vw_Fact_InvestmentAmount,WWAreaKey,int,Deprecate,,,
inv,vw_Fact_InvestmentAmount,ActualAmount,float,Deprecate,,,
inv,vw_Fact_InvestmentAsk,InvestmentAskKey,int,Deprecate,,,
inv,vw_Fact_InvestmentAsk,InvestmentCreatedDateKey,int,Deprecate,,,
inv,vw_Fact_InvestmentAsk,PartnerOneKey,int,Deprecate,,,
inv,vw_Fact_InvestmentAsk,ApprovedAmount,decimal,Deprecate,,,
inv,vw_Fact_InvestmentAsk,RequestedAmount,decimal,Deprecate,,,
inv,vw_Dim_AccountHierarchy,ChannelGroupKey,int,Deprecate,,,
inv,vw_Dim_AccountHierarchy,ActivityGroup,varchar,Deprecate,,,
inv,vw_Dim_AccountHierarchy,ExpenseSubClass,varchar,Deprecate,,,
inv,vw_Dim_CaseDetails,CaseKey,int,Deprecate,,,
inv,vw_Dim_CaseDetails,CaseApprovedDate,varchar,Deprecate,,,
inv,vw_Dim_CaseDetails,CaseApprovedFiscalMonth,varchar,Deprecate,,,
inv,vw_Dim_CaseDetails,CaseApprovedFiscalQuarter,varchar,Deprecate,,,
inv,vw_Dim_CaseDetails,CaseApprovedFiscalYear,varchar,Deprecate,,,
inv,vw_Dim_CaseDetails,CaseCloseReason,varchar,Deprecate,,,
inv,vw_Dim_CaseDetails,CaseId,varchar,Deprecate,,,
inv,vw_Dim_CaseDetails,CaseStatus,varchar,Deprecate,,,
inv,vw_Dim_Claims,ClaimsKey,int,Deprecate,,,
inv,vw_Dim_Claims,ActivityType,varchar,Deprecate,,,
inv,vw_Dim_Claims,ClaimsCurrencyCode,varchar,Deprecate,,,
inv,vw_Dim_Claims,ClaimsId,int,Deprecate,,,
inv,vw_Dim_Claims,ClaimsName,varchar,Deprecate,,,
inv,vw_Dim_Claims,ClaimsStatus,varchar,Deprecate,,,
inv,vw_Dim_Claims,ClaimsSubmittedMonth,varchar,Deprecate,,,
inv,vw_Dim_Claims,ClaimsUsagePeriod,varchar,Deprecate,,,
inv,vw_Dim_Claims,ClaimsApprovedDate,datetime2,Deprecate,,,
inv,vw_Dim_Claims,ClaimsCreatedDate,datetime2,Deprecate,,,
inv,vw_Dim_Claims,ClaimsSubmittedDate,datetime2,Deprecate,,,
inv,vw_Dim_Claims,EarningPeriodCode,varchar,Deprecate,,,
inv,vw_Dim_Claims,EarningPeriodEndDate,date,Deprecate,,,
inv,vw_Dim_Claims,EarningPeriodFiscalSemester,varchar,Deprecate,,,
inv,vw_Dim_Claims,EarningPeriodFiscalYear,varchar,Deprecate,,,
inv,vw_Dim_Claims,EarningPeriodStartDate,date,Deprecate,,,
inv,vw_Dim_Claims,NumberofPOEs,int,Deprecate,,,
inv,vw_Dim_Claims,OfferingGUId,varchar,Deprecate,,,
inv,vw_Dim_Claims,OutOfSLA,varchar,Deprecate,,,
inv,vw_Dim_Claims,PartnerActionReason,varchar,Deprecate,,,
inv,vw_Dim_Claims,RejectionReason,varchar,Deprecate,,,
inv,vw_Dim_Claims,UsagePeriodCode,varchar,Deprecate,,,
inv,vw_Dim_Claims,UsagePeriodEndDate,date,Deprecate,,,
inv,vw_Dim_Claims,UsagePeriodFiscalSemester,varchar,Deprecate,,,
inv,vw_Dim_Claims,UsagePeriodFiscalYear,varchar,Deprecate,,,
inv,vw_Dim_Claims,UsagePeriodStartDate,date,Deprecate,,,
inv,vw_Dim_ECIFPrograms,ProgramKey,int,Deprecate,,,
inv,vw_Dim_ECIFPrograms,Program,varchar,Deprecate,,,
inv,vw_Dim_ECIFSupplier,SupplierKey,int,Deprecate,,,
inv,vw_Dim_ECIFSupplier,SupplierName,varchar,Deprecate,,,
inv,vw_Dim_ExecutiveHierarchy,ExecutiveOrgDetailKey,int,Deprecate,,,
inv,vw_Dim_ExecutiveHierarchy,ExecutiveOrg,varchar,Deprecate,,,
inv,vw_Dim_ExecutiveHierarchy,ExecutiveOrgDetail,varchar,Deprecate,,,
inv,vw_Dim_ExecutiveHierarchy,ExecutiveOrgSummary,varchar,Deprecate,,,
inv,vw_Dim_FinancialAccount,FinancialAccountKey,int,Deprecate,,,
inv,vw_Dim_FinancialAccount,ExpenseAccountDescription,varchar,Deprecate,,,
inv,vw_Dim_FinancialAccount,ExpenseAccountId,varchar,Deprecate,,,
inv,vw_Dim_FundingSource,FundingSourceKey,int,Deprecate,,,
inv,vw_Dim_FundingSource,FundingSource,varchar,Deprecate,,,
inv,vw_Dim_GLDoc,GLDocKey,int,Deprecate,,,
inv,vw_Dim_GLDoc,GLDocLineDescription,varchar,Deprecate,,,
inv,vw_Dim_GLDoc,GLDocLineNumber,varchar,Deprecate,,,
inv,vw_Dim_GLDoc,GLDocNumber,varchar,Deprecate,,,
inv,vw_Dim_IncentiveCampaign,CampaignKey,bigint,Deprecate,,,
inv,vw_Dim_IncentiveCampaign,CampaignId,varchar,Deprecate,,,
inv,vw_Dim_IncentiveCampaign,Origin,varchar,Deprecate,,,
inv,vw_Dim_IncentiveCampaign,Status,varchar,Deprecate,,,
inv,vw_Dim_IncentiveEarningType,EarningTypeKey,int,Deprecate,,,
inv,vw_Dim_IncentiveEarningType,EarningType,varchar,Deprecate,,,
inv,vw_Map_CRMSolutionPractice,SolutionAreaCRMKey,int,Deprecate,,,
inv,vw_Map_CRMSolutionPractice,SolutionKey,int,Deprecate,,,
inv,vw_Map_IndustrySolution,IndustrySkid,int,Deprecate,,,
inv,vw_Map_IndustrySolution,SolutionKey,int,Deprecate,,,
inv,vw_Map_SolutionPractice,SolutionAreaKey,int,Deprecate,,,
inv,vw_Dim_IncentiveLever,LeverKey,int,Deprecate,,,
inv,vw_Dim_IncentiveLever,GlobalOrLocal,varchar,Deprecate,,,
inv,vw_Map_SolutionPractice,SolutionKey,int,Deprecate,,,
inv,vw_Dim_IncentiveLever,Description,varchar,Deprecate,,,
inv,vw_Dim_IncentiveLever,LeverCategory,varchar,Deprecate,,,
inv,vw_Dim_IncentiveLever,LeverName,varchar,Deprecate,,,
inv,vw_Dim_IncentiveLever,LeverType,varchar,Deprecate,,,
inv,vw_Dim_IncentivePaymentStatus,IncentivePaymentStatusKey,int,Deprecate,,,
inv,vw_Dim_IncentivePaymentStatus,IncentivePaymentStatus,varchar,Deprecate,,,
inv,vw_Dim_IncentiveProduct,ProductKey,bigint,Deprecate,,,
inv,vw_Dim_IncentiveProduct,IsCloud,varchar,Deprecate,,,
inv,vw_Dim_IncentiveProduct,ProductFamilyName,varchar,Deprecate,,,
inv,vw_Dim_IncentiveProduct,RevSumCategoryName,varchar,Deprecate,,,
inv,vw_Dim_IncentiveProduct,RevSumDivisionName,varchar,Deprecate,,,
inv,vw_Dim_IncentiveProduct,SuperRevSumDivisionName,varchar,Deprecate,,,
inv,vw_Dim_IncentiveProgram,IncentiveProgramKey,int,Deprecate,,,
inv,vw_Dim_IncentiveProgram,IncentiveProgramGroupKey,int,Deprecate,,,
inv,vw_Dim_IncentiveProgram,IncentiveProgram,varchar,Deprecate,,,
inv,vw_Dim_IncentiveProgram,IncentiveProgramGroup,varchar,Deprecate,,,
inv,vw_Dim_IncentiveTier,TierKey,int,Deprecate,,,
inv,vw_Dim_IncentiveTier,Tier,int,Deprecate,,,
inv,vw_Dim_IncentiveTier,TierName,varchar,Deprecate,,,
inv,vw_Dim_InvestmentAsk,InvestmentAskKey,int,Deprecate,,,
inv,vw_Dim_InvestmentAsk,FundingSource,varchar,Deprecate,,,
inv,vw_Dim_InvestmentAsk,InvestmentAskCreatedDate,varchar,Deprecate,,,
inv,vw_Dim_InvestmentAsk,InvestmentAskCreatedDateFiscalMonth,varchar,Deprecate,,,
inv,vw_Dim_InvestmentAsk,InvestmentAskCreatedDateFiscalQuarter,varchar,Deprecate,,,
inv,vw_Dim_InvestmentAsk,InvestmentAskCreatedDateFiscalYear,varchar,Deprecate,,,
inv,vw_Dim_InvestmentAsk,InvestmentAskId,varchar,Deprecate,,,
inv,vw_Dim_InvestmentAsk,InvestmentAskURL,varchar,Deprecate,,,
inv,vw_Dim_InvestmentAsk,InvestmentStatus,varchar,Deprecate,,,
inv,vw_Dim_InvestmentAsk,OwnerName,varchar,Deprecate,,,
inv,vw_Dim_InvestmentRoleContact,AccountKey,int,Deprecate,,,
inv,vw_Dim_InvestmentRoleContact,ContactKey,varchar,Deprecate,,,
inv,vw_Dim_InvestmentRoleContact,RoleContactKey,int,Deprecate,,,
inv,vw_Dim_InvestmentRoleContact,Alias,varchar,Deprecate,,,
inv,vw_Dim_InvestmentRoleContact,FullName,varchar,Deprecate,,,
inv,vw_Dim_InvestmentRoleContact,GPSCRMId,varchar,Deprecate,,,
inv,vw_Dim_InvestmentRoleContact,PartnerOneId,int,Deprecate,,,
inv,vw_Dim_InvestmentRoleContact,PartnerOneNameId,varchar,Deprecate,,,
inv,vw_Dim_InvestmentRoleContact,Role,varchar,Deprecate,,,
inv,vw_Dim_IOPO,IOPOKey,int,Deprecate,,,
inv,vw_Dim_IOPO,LocalIONumber,varchar,Deprecate,,,
inv,vw_Dim_IOPO,PONumber,varchar,Deprecate,,,
inv,vw_Dim_IOPO,POValidationStatus,varchar,Deprecate,,,
ISV,vw_Dim_ISVPartnerAttributes,PartnerKey,int,No Change,vw_Dim_ISVPartnerAttributes,PartnerKey,
ISV,vw_Dim_ISVPartnerAttributes,PartnerOneKey,int,No Change,vw_Dim_ISVPartnerAttributes,PartnerOneKey,
ISV,vw_Dim_ISVPartnerAttributes,AppFirstCertifiedDate,date,No Change,vw_Dim_ISVPartnerAttributes,AppFirstCertifiedDate,
ISV,vw_Dim_ISVPartnerAttributes,AppFirstCertifiedFiscalYear,varchar,No Change,vw_Dim_ISVPartnerAttributes,AppFirstCertifiedFiscalYear,
ISV,vw_Dim_ISVPartnerAttributes,AppFirstCertifiedFiscalQuarter,varchar,No Change,vw_Dim_ISVPartnerAttributes,AppFirstCertifiedFiscalQuarter,
ISV,vw_Dim_ISVPartnerAttributes,AppFirstCertifiedFiscalMonth,varchar,No Change,vw_Dim_ISVPartnerAttributes,AppFirstCertifiedFiscalMonth,
ISV,vw_Dim_ISVPartnerAttributes,AppFirstGoLiveDate,date,No Change,vw_Dim_ISVPartnerAttributes,AppFirstGoLiveDate,
ISV,vw_Dim_ISVPartnerAttributes,AppFirstGoLiveFiscalYear,varchar,No Change,vw_Dim_ISVPartnerAttributes,AppFirstGoLiveFiscalYear,
ISV,vw_Dim_ISVPartnerAttributes,AppFirstGoLiveFiscalQuarter,varchar,No Change,vw_Dim_ISVPartnerAttributes,AppFirstGoLiveFiscalQuarter,
ISV,vw_Dim_ISVPartnerAttributes,AppFirstGoLiveFiscalMonth,varchar,No Change,vw_Dim_ISVPartnerAttributes,AppFirstGoLiveFiscalMonth,
ISV,vw_Dim_ISVPartnerAttributes,IsIsvSelfServicedPartner,varchar,No Change,vw_Dim_ISVPartnerAttributes,IsIsvSelfServicedPartner,
ISV,vw_Dim_ISVPartnerAttributes,IsIsvSelfServicedPartnerGlobal,varchar,No Change,vw_Dim_ISVPartnerAttributes,IsIsvSelfServicedPartnerGlobal,
ISV,vw_Dim_ISVPartnerAttributes,IsManagedPartner,varchar,No Change,vw_Dim_ISVPartnerAttributes,IsManagedPartner,
ISV,vw_Dim_ISVPartnerAttributes,IsManagedPartnerGlobal,varchar,No Change,vw_Dim_ISVPartnerAttributes,IsManagedPartnerGlobal,
ISV,vw_Dim_ISVPartnerAttributes,IsRecruitAccount,varchar,No Change,vw_Dim_ISVPartnerAttributes,IsRecruitAccount,
ISV,vw_Dim_ISVPartnerAttributes,PartnerId,int,No Change,vw_Dim_ISVPartnerAttributes,PartnerId,
ISV,vw_Dim_ISVPartnerAttributes,PartnerName,varchar,No Change,vw_Dim_ISVPartnerAttributes,PartnerName,
ISV,vw_Dim_ISVPartnerAttributes,PartnerGlobalId,int,No Change,vw_Dim_ISVPartnerAttributes,PartnerGlobalId,
ISV,vw_Dim_ISVPartnerAttributes,PartnerGlobalName,varchar,No Change,vw_Dim_ISVPartnerAttributes,PartnerGlobalName,
ISV,vw_Dim_ISVSuccessDeal,DealKey,bigint,No Change,vw_Dim_ISVSuccessDeal,DealKey,
ISV,vw_Dim_ISVSuccessDeal,ContractEndDate,varchar,No Change,vw_Dim_ISVSuccessDeal,ContractEndDate,
ISV,vw_Dim_ISVSuccessDeal,ContractEndFiscalYear,varchar,No Change,vw_Dim_ISVSuccessDeal,ContractEndFiscalYear,
ISV,vw_Dim_ISVSuccessDeal,ContractEndFiscalQuarter,varchar,No Change,vw_Dim_ISVSuccessDeal,ContractEndFiscalQuarter,
ISV,vw_Dim_ISVSuccessDeal,ContractEndFiscalMonth,varchar,No Change,vw_Dim_ISVSuccessDeal,ContractEndFiscalMonth,
ISV,vw_Dim_ISVSuccessDeal,ContractSignedDate,varchar,No Change,vw_Dim_ISVSuccessDeal,ContractSignedDate,
ISV,vw_Dim_ISVSuccessDeal,ContractSignedFiscalYear,varchar,No Change,vw_Dim_ISVSuccessDeal,ContractSignedFiscalYear,
ISV,vw_Dim_ISVSuccessDeal,ContractSignedFiscalQuarter,varchar,No Change,vw_Dim_ISVSuccessDeal,ContractSignedFiscalQuarter,
ISV,vw_Dim_ISVSuccessDeal,ContractSignedFiscalMonth,varchar,No Change,vw_Dim_ISVSuccessDeal,ContractSignedFiscalMonth,
ISV,vw_Dim_ISVSuccessDeal,ContractStartDate,varchar,No Change,vw_Dim_ISVSuccessDeal,ContractStartDate,
ISV,vw_Dim_ISVSuccessDeal,ContractStartFiscalYear,varchar,No Change,vw_Dim_ISVSuccessDeal,ContractStartFiscalYear,
ISV,vw_Dim_ISVSuccessDeal,ContractStartFiscalQuarter,varchar,No Change,vw_Dim_ISVSuccessDeal,ContractStartFiscalQuarter,
ISV,vw_Dim_ISVSuccessDeal,ContractStartFiscalMonth,varchar,No Change,vw_Dim_ISVSuccessDeal,ContractStartFiscalMonth,
ISV,vw_Dim_ISVSuccessDeal,ContractTerm,varchar,No Change,vw_Dim_ISVSuccessDeal,ContractTerm,
ISV,vw_Dim_ISVSuccessDeal,CoverageEndDate,varchar,No Change,vw_Dim_ISVSuccessDeal,CoverageEndDate,
ISV,vw_Dim_ISVSuccessDeal,CoverageEndFiscalYear,varchar,No Change,vw_Dim_ISVSuccessDeal,CoverageEndFiscalYear,
ISV,vw_Dim_ISVSuccessDeal,CoverageEndFiscalQuarter,varchar,No Change,vw_Dim_ISVSuccessDeal,CoverageEndFiscalQuarter,
ISV,vw_Dim_ISVSuccessDeal,CoverageEndFiscalMonth,varchar,No Change,vw_Dim_ISVSuccessDeal,CoverageEndFiscalMonth,
ISV,vw_Dim_ISVSuccessDeal,CoverageStartDate,varchar,No Change,vw_Dim_ISVSuccessDeal,CoverageStartDate,
ISV,vw_Dim_ISVSuccessDeal,CoverageStartFiscalYear,varchar,No Change,vw_Dim_ISVSuccessDeal,CoverageStartFiscalYear,
ISV,vw_Dim_ISVSuccessDeal,CoverageStartFiscalQuarter,varchar,No Change,vw_Dim_ISVSuccessDeal,CoverageStartFiscalQuarter,
ISV,vw_Dim_ISVSuccessDeal,CoverageStartFiscalMonth,varchar,No Change,vw_Dim_ISVSuccessDeal,CoverageStartFiscalMonth,
ISV,vw_Dim_ISVSuccessDeal,CustomerTpid,varchar,No Change,vw_Dim_ISVSuccessDeal,CustomerTpid,
ISV,vw_Dim_ISVSuccessDeal,CustomerName,varchar,No Change,vw_Dim_ISVSuccessDeal,CustomerName,
ISV,vw_Dim_ISVSuccessDeal,DealEntryDate,varchar,No Change,vw_Dim_ISVSuccessDeal,DealEntryDate,
ISV,vw_Dim_ISVSuccessDeal,DealEntryFiscalYear,varchar,No Change,vw_Dim_ISVSuccessDeal,DealEntryFiscalYear,
ISV,vw_Dim_ISVSuccessDeal,DealEntryFiscalQuarter,varchar,No Change,vw_Dim_ISVSuccessDeal,DealEntryFiscalQuarter,
ISV,vw_Dim_ISVSuccessDeal,DealEntryFiscalMonth,varchar,No Change,vw_Dim_ISVSuccessDeal,DealEntryFiscalMonth,
ISV,vw_Dim_ISVSuccessDeal,DealId,bigint,No Change,vw_Dim_ISVSuccessDeal,DealId,
ISV,vw_Dim_ISVSuccessDeal,DealMsxId,varchar,No Change,vw_Dim_ISVSuccessDeal,DealMsxId,
ISV,vw_Dim_ISVSuccessDeal,DealType,varchar,No Change,vw_Dim_ISVSuccessDeal,DealType,
ISV,vw_Dim_ISVSuccessDeal,DirectOrCosell,varchar,No Change,vw_Dim_ISVSuccessDeal,DirectOrCosell,
ISV,vw_Dim_ISVSuccessDeal,EngagementId,varchar,No Change,vw_Dim_ISVSuccessDeal,EngagementId,
ISV,vw_Dim_ISVSuccessDeal,IsPowerApp,varchar,No Change,vw_Dim_ISVSuccessDeal,IsPowerApp,
ISV,vw_Dim_ISVSuccessDeal,MinimumBillingDate,varchar,No Change,vw_Dim_ISVSuccessDeal,MinimumBillingDate,
ISV,vw_Dim_ISVSuccessDeal,MinimumBillingFiscalYear,varchar,No Change,vw_Dim_ISVSuccessDeal,MinimumBillingFiscalYear,
ISV,vw_Dim_ISVSuccessDeal,MinimumBillingFiscalQuarter,varchar,No Change,vw_Dim_ISVSuccessDeal,MinimumBillingFiscalQuarter,
ISV,vw_Dim_ISVSuccessDeal,MinimumBillingFiscalMonth,varchar,No Change,vw_Dim_ISVSuccessDeal,MinimumBillingFiscalMonth,
ISV,vw_Dim_ISVSuccessDeal,RevenueSharePercent,varchar,No Change,vw_Dim_ISVSuccessDeal,RevenueSharePercent,
ISV,vw_Dim_ISVSuccessDeal,GpsSolutionId,varchar,No Change,vw_Dim_ISVSuccessDeal,GpsSolutionId,
ISV,vw_Dim_ISVSuccessDeal,TpidSource,varchar,No Change,vw_Dim_ISVSuccessDeal,TpidSource,
ISV,vw_Dim_PixalIndustry,AppIndustryKey,bigint,No Change,vw_Dim_PixalIndustry,AppIndustryKey,
ISV,vw_Dim_PixalIndustry,AppIndustry,varchar,No Change,vw_Dim_PixalIndustry,AppIndustry,
ISV,vw_Dim_Seller,SellerKey,int,No Change,vw_Dim_Seller,SellerKey,
ISV,vw_Dim_Seller,BagIsvAddendumSignFiscalYear,varchar,No Change,vw_Dim_Seller,BagIsvAddendumSignFiscalYear,
ISV,vw_Dim_Seller,BagIsvAddendumSignFiscalQuarter,varchar,No Change,vw_Dim_Seller,BagIsvAddendumSignFiscalQuarter,
ISV,vw_Dim_Seller,BagIsvAddendumSignFiscalMonth,varchar,No Change,vw_Dim_Seller,BagIsvAddendumSignFiscalMonth,
ISV,vw_Dim_Seller,BagIsvAddendumSignDate,date,No Change,vw_Dim_Seller,BagIsvAddendumSignDate,
ISV,vw_Dim_Seller,BillingSetupFiscalYear,varchar,No Change,vw_Dim_Seller,BillingSetupFiscalYear,
ISV,vw_Dim_Seller,BillingSetupFiscalQuarter,varchar,No Change,vw_Dim_Seller,BillingSetupFiscalQuarter,
ISV,vw_Dim_Seller,BillingSetupFiscalMonth,varchar,No Change,vw_Dim_Seller,BillingSetupFiscalMonth,
ISV,vw_Dim_Seller,BillingSetupDate,date,No Change,vw_Dim_Seller,BillingSetupDate,
ISV,vw_Dim_Seller,HasSignedBagIsvAddendum,varchar,No Change,vw_Dim_Seller,HasSignedBagIsvAddendum,
ISV,vw_Dim_Seller,HasSetupBilling,varchar,No Change,vw_Dim_Seller,HasSetupBilling,
ISV,vw_Dim_Seller,IsvCreatedFiscalYear,varchar,No Change,vw_Dim_Seller,IsvCreatedFiscalYear,
ISV,vw_Dim_Seller,IsvCreatedFiscalQuarter,varchar,No Change,vw_Dim_Seller,IsvCreatedFiscalQuarter,
ISV,vw_Dim_Seller,IsvCreatedFiscalMonth,varchar,No Change,vw_Dim_Seller,IsvCreatedFiscalMonth,
ISV,vw_Dim_Seller,IsvCreatedDate,date,No Change,vw_Dim_Seller,IsvCreatedDate,
ISV,vw_Dim_Seller,MpnId,int,No Change,vw_Dim_Seller,MpnId,
ISV,vw_Dim_Seller,PartnerId,int,No Change,vw_Dim_Seller,PartnerId,
ISV,vw_Dim_Seller,SellerId,bigint,No Change,vw_Dim_Seller,SellerId,
ISV,vw_Dim_Seller,SellerName,varchar,No Change,vw_Dim_Seller,SellerName,
ISV,vw_Dim_Seller,SellerStatus,varchar,No Change,vw_Dim_Seller,SellerStatus,
ISV,vw_Fact_App,AppKey,int,No Change,vw_Fact_App,AppKey,
ISV,vw_Fact_App,DealKey,bigint,No Change,vw_Fact_App,DealKey,
ISV,vw_Fact_App,AppIndustryKey,bigint,No Change,vw_Fact_App,AppIndustryKey,
ISV,vw_Fact_App,PartnerKey,int,No Change,vw_Fact_App,PartnerKey,
ISV,vw_Fact_App,PartnerGeographyKey,bigint,No Change,vw_Fact_App,PartnerGeographyKey,
ISV,vw_Fact_App,SellerKey,int,No Change,vw_Fact_App,SellerKey,
ISV,vw_Fact_App,StatusDateKey,bigint,No Change,vw_Fact_App,StatusDateKey,
ISV,vw_Fact_App,PartnerGlobalKey,int,No Change,vw_Fact_App,PartnerGlobalKey,
ISV,vw_Fact_App,AppCreatedDateKey,bigint,No Change,vw_Fact_App,AppCreatedDateKey,
ISV,vw_Fact_App,AppFirstCertifiedDateKey,bigint,No Change,vw_Fact_App,AppFirstCertifiedDateKey,
ISV,vw_Fact_App,PremiumTierUpgradeDateKey,bigint,No Change,vw_Fact_App,PremiumTierUpgradeDateKey,
ISV,vw_Fact_App,PartnerFirstGoLiveDateKey,bigint,No Change,vw_Fact_App,PartnerFirstGoLiveDateKey,
ISV,vw_Fact_App,PartnerFirstCertifiedDateKey,bigint,No Change,vw_Fact_App,PartnerFirstCertifiedDateKey,
ISV,vw_Fact_App,PartnerFirstWinDateKey,varchar,No Change,vw_Fact_App,PartnerFirstWinDateKey,
ISV,vw_Fact_App,SellInCountryKey,int,No Change,vw_Fact_App,SellInCountryKey,
ISV,vw_Fact_App,SolutionAreaKey,int,No Change,vw_Fact_App,SolutionAreaKey,
ISV,vw_Fact_BizAppsCloudBilledRevenue,PartnerAssociationMethodMapKey,int,No Change,vw_Fact_BizAppsCloudBilledRevenue,PartnerAssociationMethodMapKey,
ISV,vw_Fact_BizAppsCloudBilledRevenue,TPAccountKey,int,No Change,vw_Fact_BizAppsCloudBilledRevenue,TPAccountKey,
ISV,vw_Fact_BizAppsCloudBilledRevenue,SubscriptionKey,bigint,No Change,vw_Fact_BizAppsCloudBilledRevenue,SubscriptionKey,
ISV,vw_Fact_BizAppsCloudBilledRevenue,ProductKey,int,No Change,vw_Fact_BizAppsCloudBilledRevenue,ProductKey,
ISV,vw_Fact_BizAppsCloudBilledRevenue,DateKey,int,No Change,vw_Fact_BizAppsCloudBilledRevenue,DateKey,
ISV,vw_Fact_BizAppsCloudBilledRevenue,OfferKey,bigint,No Change,vw_Fact_BizAppsCloudBilledRevenue,OfferKey,
ISV,vw_Fact_BizAppsCloudBilledRevenue,TenantKey,int,No Change,vw_Fact_BizAppsCloudBilledRevenue,TenantKey,
ISV,vw_Fact_BizAppsCloudBilledRevenue,BilledRevenue,float,No Change,vw_Fact_BizAppsCloudBilledRevenue,BilledRevenue,
ISV,vw_Fact_BizAppsCloudBilledRevenue,CustomerSegmentKey,int,No Change,vw_Fact_BizAppsCloudBilledRevenue,CustomerSegmentKey,
ISV,vw_Fact_Invoice,AppKey,int,No Change,vw_Fact_Invoice,AppKey,
ISV,vw_Fact_Invoice,CustomerSegmentKey,int,No Change,vw_Fact_Invoice,CustomerSegmentKey,
ISV,vw_Fact_Invoice,DateKey,bigint,No Change,vw_Fact_Invoice,DateKey,
ISV,vw_Fact_Invoice,DealKey,bigint,No Change,vw_Fact_Invoice,DealKey,
ISV,vw_Fact_Invoice,CustomerIndustryKey,int,No Change,vw_Fact_Invoice,CustomerIndustryKey,
ISV,vw_Fact_Invoice,InvoiceCreateDateKey,bigint,No Change,vw_Fact_Invoice,InvoiceCreateDateKey,
ISV,vw_Fact_Invoice,InvoiceKey,bigint,No Change,vw_Fact_Invoice,InvoiceKey,
ISV,vw_Fact_Invoice,PartnerGeographyKey,bigint,No Change,vw_Fact_Invoice,PartnerGeographyKey,
ISV,vw_Fact_Invoice,PartnerKey,int,No Change,vw_Fact_Invoice,PartnerKey,
ISV,vw_Fact_Invoice,SellerKey,int,No Change,vw_Fact_Invoice,SellerKey,
ISV,vw_Fact_Invoice,CustomerGeographyKey,bigint,No Change,vw_Fact_Invoice,CustomerGeographyKey,
ISV,vw_Fact_Invoice,InvoiceAmount,float,No Change,vw_Fact_Invoice,InvoiceAmount,
ISV,vw_Fact_ISVSuccessDeal,AppKey,int,No Change,vw_Fact_ISVSuccessDeal,AppKey,
ISV,vw_Fact_ISVSuccessDeal,CustomerSegmentKey,int,No Change,vw_Fact_ISVSuccessDeal,CustomerSegmentKey,
ISV,vw_Fact_ISVSuccessDeal,DateKey,bigint,No Change,vw_Fact_ISVSuccessDeal,DateKey,
ISV,vw_Fact_ISVSuccessDeal,DealKey,bigint,No Change,vw_Fact_ISVSuccessDeal,DealKey,
ISV,vw_Fact_ISVSuccessDeal,CustomerIndustryKey,int,No Change,vw_Fact_ISVSuccessDeal,CustomerIndustryKey,
ISV,vw_Fact_ISVSuccessDeal,PartnerGeographyKey,bigint,No Change,vw_Fact_ISVSuccessDeal,PartnerGeographyKey,
ISV,vw_Fact_ISVSuccessDeal,PartnerKey,int,No Change,vw_Fact_ISVSuccessDeal,PartnerKey,
ISV,vw_Fact_ISVSuccessDeal,SellerKey,int,No Change,vw_Fact_ISVSuccessDeal,SellerKey,
ISV,vw_Fact_ISVSuccessDeal,CustomerGeographyKey,bigint,No Change,vw_Fact_ISVSuccessDeal,CustomerGeographyKey,
ISV,vw_Fact_ISVSuccessDeal,SolutionAmountAnnualized,float,No Change,vw_Fact_ISVSuccessDeal,SolutionAmountAnnualized,
ISV,vw_Fact_ISVSuccessDeal,SolutionValue,float,No Change,vw_Fact_ISVSuccessDeal,SolutionValue,
ISV,vw_Fact_ISVSuccessDeal,DealContractValue,float,No Change,vw_Fact_ISVSuccessDeal,DealContractValue,
ISV,vw_Fact_ISVSuccessDeal,IsDealIpWin,varchar,No Change,vw_Fact_ISVSuccessDeal,IsDealIpWin,
ISV,vw_Fact_PaidBenefits,InvoiceCreatedDateKey,bigint,No Change,vw_Fact_PaidBenefits,InvoiceCreatedDateKey,
ISV,vw_Fact_PaidBenefits,PartnerKey,int,No Change,vw_Fact_PaidBenefits,PartnerKey,
ISV,vw_Fact_PaidBenefits,PartnerOneKey,varchar,No Change,vw_Fact_PaidBenefits,PartnerOneKey,
ISV,vw_Fact_PaidBenefits,PartnerOneSubKey,bigint,No Change,vw_Fact_PaidBenefits,PartnerOneSubKey,
ISV,vw_Fact_Target,TargetKey,int,No Change,vw_Fact_Target,TargetKey,
ISV,vw_Fact_Target,Target,int,No Change,vw_Fact_Target,Target,
ISV,vw_Dim_App,AppKey,int,No Change,vw_Dim_App,AppKey,
ISV,vw_Dim_App,AccountId,int,No Change,vw_Dim_App,AccountId,
ISV,vw_Dim_App,AppId,varchar,No Change,vw_Dim_App,AppId,
ISV,vw_Dim_App,ApplicableProducts,varchar,No Change,vw_Dim_App,ApplicableProducts,
ISV,vw_Dim_App,AppName,varchar,No Change,vw_Dim_App,AppName,
ISV,vw_Dim_App,AppTierCurrent,varchar,No Change,vw_Dim_App,AppTierCurrent,
ISV,vw_Dim_App,CertificationAttemptCount,int,No Change,vw_Dim_App,CertificationAttemptCount,
ISV,vw_Dim_App,CertificationResult,varchar,No Change,vw_Dim_App,CertificationResult,
ISV,vw_Dim_App,CreatedDate,date,No Change,vw_Dim_App,CreatedDate,
ISV,vw_Dim_App,CreatedFiscalYear,varchar,No Change,vw_Dim_App,CreatedFiscalYear,
ISV,vw_Dim_App,CreatedFiscalQuarter,varchar,No Change,vw_Dim_App,CreatedFiscalQuarter,
ISV,vw_Dim_App,CreatedFiscalMonth,varchar,No Change,vw_Dim_App,CreatedFiscalMonth,
ISV,vw_Dim_App,CppOfferId,varchar,No Change,vw_Dim_App,CppOfferId,
ISV,vw_Dim_App,CppPublisherId,varchar,No Change,vw_Dim_App,CppPublisherId,
ISV,vw_Dim_App,FirstCertifiedDate,date,No Change,vw_Dim_App,FirstCertifiedDate,
ISV,vw_Dim_App,FirstCertifiedFiscalYear,varchar,No Change,vw_Dim_App,FirstCertifiedFiscalYear,
ISV,vw_Dim_App,FirstCertifiedFiscalQuarter,varchar,No Change,vw_Dim_App,FirstCertifiedFiscalQuarter,
ISV,vw_Dim_App,FirstCertifiedFiscalMonth,varchar,No Change,vw_Dim_App,FirstCertifiedFiscalMonth,
ISV,vw_Dim_App,FirstGoLiveDate,datetime2,No Change,vw_Dim_App,FirstGoLiveDate,
ISV,vw_Dim_App,FirstGoLiveFiscalYear,varchar,No Change,vw_Dim_App,FirstGoLiveFiscalYear,
ISV,vw_Dim_App,FirstGoLiveFiscalQuarter,varchar,No Change,vw_Dim_App,FirstGoLiveFiscalQuarter,
ISV,vw_Dim_App,FirstGoLiveFiscalMonth,varchar,No Change,vw_Dim_App,FirstGoLiveFiscalMonth,
ISV,vw_Dim_App,FirstSubmittedDate,date,No Change,vw_Dim_App,FirstSubmittedDate,
ISV,vw_Dim_App,FirstSubmittedFiscalYear,varchar,No Change,vw_Dim_App,FirstSubmittedFiscalYear,
ISV,vw_Dim_App,FirstSubmittedFiscalQuarter,varchar,No Change,vw_Dim_App,FirstSubmittedFiscalQuarter,
ISV,vw_Dim_App,FirstSubmittedFiscalMonth,varchar,No Change,vw_Dim_App,FirstSubmittedFiscalMonth,
ISV,vw_Dim_App,GoLiveDate,date,No Change,vw_Dim_App,GoLiveDate,
ISV,vw_Dim_App,GoLiveFiscalMonth,varchar,No Change,vw_Dim_App,GoLiveFiscalMonth,
ISV,vw_Dim_App,GoLiveFiscalQuarter,varchar,No Change,vw_Dim_App,GoLiveFiscalQuarter,
ISV,vw_Dim_App,GoLiveFiscalYear,varchar,No Change,vw_Dim_App,GoLiveFiscalYear,
ISV,vw_Dim_App,GtmReadiness,varchar,No Change,vw_Dim_App,GtmReadiness,
ISV,vw_Dim_App,IncentiveEligibility,varchar,No Change,vw_Dim_App,IncentiveEligibility,
ISV,vw_Dim_App,IsAppCertified,varchar,No Change,vw_Dim_App,IsAppCertified,
ISV,vw_Dim_App,LastCertifiedDate,date,No Change,vw_Dim_App,LastCertifiedDate,
ISV,vw_Dim_App,LastCertifiedFiscalYear,varchar,No Change,vw_Dim_App,LastCertifiedFiscalYear,
ISV,vw_Dim_App,LastCertifiedFiscalQuarter,varchar,No Change,vw_Dim_App,LastCertifiedFiscalQuarter,
ISV,vw_Dim_App,LastCertifiedFiscalMonth,varchar,No Change,vw_Dim_App,LastCertifiedFiscalMonth,
ISV,vw_Dim_App,LastSubmittedDate,date,No Change,vw_Dim_App,LastSubmittedDate,
ISV,vw_Dim_App,LastSubmittedFiscalYear,varchar,No Change,vw_Dim_App,LastSubmittedFiscalYear,
ISV,vw_Dim_App,LastSubmittedFiscalQuarter,varchar,No Change,vw_Dim_App,LastSubmittedFiscalQuarter,
ISV,vw_Dim_App,LastSubmittedFiscalMonth,varchar,No Change,vw_Dim_App,LastSubmittedFiscalMonth,
ISV,vw_Dim_App,GpsSolutionId,varchar,No Change,vw_Dim_App,GpsSolutionId,
ISV,vw_Dim_App,OfferType,varchar,No Change,vw_Dim_App,OfferType,
ISV,vw_Dim_App,OverallFirstCertificationTime,int,No Change,vw_Dim_App,OverallFirstCertificationTime,
ISV,vw_Dim_App,Platforms,varchar,No Change,vw_Dim_App,Platforms,
ISV,vw_Dim_App,PremiumTierChangeDate,date,No Change,vw_Dim_App,PremiumTierChangeDate,
ISV,vw_Dim_App,PremiumTierChangeFiscalYear,varchar,No Change,vw_Dim_App,PremiumTierChangeFiscalYear,
ISV,vw_Dim_App,PremiumTierChangeFiscalQuarter,varchar,No Change,vw_Dim_App,PremiumTierChangeFiscalQuarter,
ISV,vw_Dim_App,PremiumTierChangeFiscalMonth,varchar,No Change,vw_Dim_App,PremiumTierChangeFiscalMonth,
ISV,vw_Dim_App,ReportingIncentiveEligibility,varchar,No Change,vw_Dim_App,ReportingIncentiveEligibility,
ISV,vw_Dim_App,ReportingOfferType,varchar,No Change,vw_Dim_App,ReportingOfferType,
ISV,vw_Dim_App,Sku,varchar,No Change,vw_Dim_App,Sku,
ISV,vw_Dim_App,Status,varchar,No Change,vw_Dim_App,Status,
ISV,vw_Dim_App,StatusDetail,varchar,No Change,vw_Dim_App,StatusDetail,
ISV,vw_Dim_App,Type,varchar,No Change,vw_Dim_App,Type,
ISV,vw_Map_BizAppsCloudBilledRevenueAssociation,PartnerAssociationMethodMapKey,int,No Change,vw_Map_BizAppsCloudBilledRevenueAssociation,PartnerAssociationMethodMapKey,
ISV,vw_Map_BizAppsCloudBilledRevenueAssociation,PartnerOneSubKey,bigint,No Change,vw_Map_BizAppsCloudBilledRevenueAssociation,PartnerOneSubKey,
ISV,vw_Map_BizAppsCloudBilledRevenueAssociation,PartnerKey,int,No Change,vw_Map_BizAppsCloudBilledRevenueAssociation,PartnerKey,
ISV,vw_Map_BizAppsCloudBilledRevenueAssociation,AppKey,int,No Change,vw_Map_BizAppsCloudBilledRevenueAssociation,AppKey,
ISV,vw_Map_BizAppsCloudBilledRevenueAssociation,DealKey,bigint,No Change,vw_Map_BizAppsCloudBilledRevenueAssociation,DealKey,
ISV,vw_Map_BizAppsCloudBilledRevenueAssociation,ContractStartDateKey,int,No Change,vw_Map_BizAppsCloudBilledRevenueAssociation,ContractStartDateKey,
ISV,vw_Map_BizAppsCloudBilledRevenueAssociation,PartnerDealKey,int,No Change,vw_Map_BizAppsCloudBilledRevenueAssociation,PartnerDealKey,
ISV,vw_Map_BizAppsCloudBilledRevenueAssociation,WonDateKey,int,No Change,vw_Map_BizAppsCloudBilledRevenueAssociation,WonDateKey,
ISV,vw_Map_BizAppsCloudBilledRevenueAssociation,InstallDateKey,int,No Change,vw_Map_BizAppsCloudBilledRevenueAssociation,InstallDateKey,
ISV,vw_Map_BizAppsCloudBilledRevenueAssociation,PartnerAssociationMethodKey,int,No Change,vw_Map_BizAppsCloudBilledRevenueAssociation,PartnerAssociationMethodKey,
ISV,vw_Map_BizAppsCloudBilledRevenueAssociation,IsFallingUnderDateRange,varchar,No Change,vw_Map_BizAppsCloudBilledRevenueAssociation,IsFallingUnderDateRange,
ISV,vw_Map_BizAppsCloudBilledRevenueAssociation,PartnerGeographyKey,int,No Change,vw_Map_BizAppsCloudBilledRevenueAssociation,PartnerGeographyKey,
ISV,vw_Map_BizAppsCloudBilledRevenueAssociation,CustomerGeographyKey,int,No Change,vw_Map_BizAppsCloudBilledRevenueAssociation,CustomerGeographyKey,
ISV,vw_Map_BizAppsCloudBilledRevenueAssociation,CountryKey,int,No Change,vw_Map_BizAppsCloudBilledRevenueAssociation,CountryKey,
ISV,vw_Map_BizAppsCloudBilledRevenueAssociation,AppIndustryKey,bigint,No Change,vw_Map_BizAppsCloudBilledRevenueAssociation,AppIndustryKey,
ISV,vw_Map_BizAppsCloudBilledRevenueAssociation,InvoiceKey,bigint,No Change,vw_Map_BizAppsCloudBilledRevenueAssociation,InvoiceKey,
ISV,vw_Map_BizAppsCloudBilledRevenueAssociation,SolutionAreaKey,int,No Change,vw_Map_BizAppsCloudBilledRevenueAssociation,SolutionAreaKey,
ISV,vw_Dim_Invoice,InvoiceKey,bigint,No Change,vw_Dim_Invoice,InvoiceKey,
ISV,vw_Dim_Invoice,InvoiceCreateDate,varchar,No Change,vw_Dim_Invoice,InvoiceCreateDate,
ISV,vw_Dim_Invoice,InvoiceCreateFiscalYear,varchar,No Change,vw_Dim_Invoice,InvoiceCreateFiscalYear,
ISV,vw_Dim_Invoice,InvoiceCreateFiscalQuarter,varchar,No Change,vw_Dim_Invoice,InvoiceCreateFiscalQuarter,
ISV,vw_Dim_Invoice,InvoiceCreateFiscalMonth,varchar,No Change,vw_Dim_Invoice,InvoiceCreateFiscalMonth,
ISV,vw_Dim_Invoice,InvoiceExternalId,varchar,No Change,vw_Dim_Invoice,InvoiceExternalId,
ISV,vw_Dim_Invoice,InvoiceId,bigint,No Change,vw_Dim_Invoice,InvoiceId,
ISV,vw_Dim_Invoice,InvoiceStatus,varchar,No Change,vw_Dim_Invoice,InvoiceStatus,
ISV,vw_Dim_Invoice,InvoiceSystem,varchar,No Change,vw_Dim_Invoice,InvoiceSystem,
ISV,vw_Dim_Invoice,IsLatest,varchar,No Change,vw_Dim_Invoice,IsLatest,
o365,vw_DimO365Workload,O365WorkloadKey,int,Deprecate,,,
o365,vw_DimO365Workload,IsMicrosoft365Apps,varchar,Deprecate,,,
o365,vw_DimO365Workload,Workload,varchar,Deprecate,,,
o365,vw_DimPartnerAttachType,PartnerAttachtypeKey,int,Deprecate,,,
o365,vw_DimPartnerAttachType,PartnerAttachType,varchar,Deprecate,,,
o365,vw_Fact_CPOR_Usage,AssociationTypeKey,int,Deprecate,,,
o365,vw_Fact_CPOR_Usage,CustomerGeographyKey,int,Deprecate,,,
o365,vw_Fact_CPOR_Usage,CustomerKey,bigint,Deprecate,,,
o365,vw_Fact_CPOR_Usage,PartnerAttachedDateKey,int,Deprecate,,,
o365,vw_Fact_CPOR_Usage,PartnerGeographyKey,int,Deprecate,,,
o365,vw_Fact_CPOR_Usage,UnifiedPartnerKey,bigint,Deprecate,,,
o365,vw_Fact_CPOR_Usage,PartnerOnekey,int,Deprecate,,,
o365,vw_Fact_CPOR_Usage,PartnerOneReportingKey,bigint,Deprecate,,,
o365,vw_Fact_CPOR_Usage,SubSegmentKey,int,Deprecate,,,
o365,vw_Fact_CPOR_Usage,TenantKey,bigint,Deprecate,,,
o365,vw_Fact_CPOR_Usage,TimeKey,int,Deprecate,,,
o365,vw_Fact_CPOR_Usage,AssociationType,varchar,Deprecate,,,
o365,vw_Fact_CPOR_Usage,HasPartner,int,Deprecate,,,
o365,vw_Fact_CPOR_Usage,IsFMClose,int,Deprecate,,,
o365,vw_Fact_CPOR_Usage,IsO365EMSAvailable,int,Deprecate,,,
o365,vw_Fact_CPOR_Usage,Workload,varchar,Deprecate,,,
o365,vw_Fact_CPOR_Usage,ActiveUsage,float,Deprecate,,,
o365,vw_Fact_CPOR_Usage,QualifiedUsage,float,Deprecate,,,
o365,vw_FactO365ActiveUsage,CreditedGeographyKey,int,Deprecate,,,
o365,vw_FactO365ActiveUsage,CustomerGeographyKey,int,Deprecate,,,
o365,vw_FactO365ActiveUsage,CustomerKey,int,Deprecate,,,
o365,vw_FactO365ActiveUsage,O365ActiveUsageKey,bigint,Deprecate,,,
o365,vw_FactO365ActiveUsage,O365WorkloadKey,int,Deprecate,,,
o365,vw_FactO365ActiveUsage,ReportingSnapShotDateKey,int,Deprecate,,,
o365,vw_FactO365ActiveUsage,SubSegmentKey,int,Deprecate,,,
o365,vw_FactO365ActiveUsage,TenantKey,int,Deprecate,,,
o365,vw_FactO365ActiveUsage,ActiveUsage,float,Deprecate,,,
o365,vw_FactO365ActiveUsage,IsCurrent,int,Deprecate,,,
o365,vw_FactO365ActiveUsage,IsMicrosoft365Apps,int,Deprecate,,,
o365,vw_FactO365ActiveUsage,QualifiedUsage,float,Deprecate,,,
o365,vw_FactO365ActiveUsage,IsFiscalMonthClose,int,Deprecate,,,
o365,vw_MapO365ActiveUsagePartner,PartnerAttachTypeKey,int,Deprecate,,,
o365,vw_MapO365ActiveUsagePartner,PartnerKey,varchar,Deprecate,,,
o365,vw_MapO365ActiveUsagePartner,PartnerOneKey,int,Deprecate,,,
o365,vw_MapO365ActiveUsagePartner,O365ActiveUsageKey,varchar,Deprecate,,,
o365,vw_MapO365ActiveUsagePartner,PartnerOneReportingKey,bigint,Deprecate,,,
o365,vw_MapO365ActiveUsagePartner,ReportingSnapShotDateKey,int,Deprecate,,,
o365,vw_MapO365ActiveUsagePartner,PartnerOneGeographyKey,int,Deprecate,,,
o365,vw_O365PartnerTenantAssociation,Date,varchar,Deprecate,,,
o365,vw_O365PartnerTenantAssociation,TenantId,varchar,Deprecate,,,
o365,vw_O365PartnerTenantAssociation,Workload,varchar,Deprecate,,,
o365,vw_O365PartnerTenantAssociation,PartnerOfRecordType,varchar,Deprecate,,,
o365,vw_O365PartnerTenantAssociation,SpecialPartnerType,varchar,Deprecate,,,
o365,vw_O365PartnerTenantAssociation,PartnerId,varchar,Deprecate,,,
o365,vw_O365PartnerTenantAssociation,PartnerOfRecordAttachedDate,datetime2,Deprecate,,,
OneAsk,vw_DimOneAsk,caseSourceID,varchar,Deprecate,,,
OneAsk,vw_DimOneAsk,internalOrderCode,varchar,Deprecate,,,
OneAsk,vw_DimOneAsk,RowNumberByIOCreateDate,bigint,Deprecate,,,
Partner,vw_DimAccountVettingDetails,AccountId,varchar,No Change,vw_DimAccountVettingDetails,AccountId,
Partner,vw_DimPartner,Address,varchar,No Change,vw_DimPartner,Address,
Partner,vw_DimPartner,AnniversaryDate,date,No Change,vw_DimPartner,AnniversaryDate,
Partner,vw_DimPartner,CityName,varchar,No Change,vw_DimPartner,CityName,
Partner,vw_DimPartner,CountryCode,varchar,No Change,vw_DimPartner,CountryCode,
Partner,vw_DimPartner,CountryName,varchar,No Change,vw_DimPartner,CountryName,
Partner,vw_DimPartner,CountryShortCode,varchar,No Change,vw_DimPartner,CountryShortCode,
Partner,vw_DimPartner,HierarchyLevel,varchar,No Change,vw_DimPartner,HierarchyLevel,
Partner,vw_DimPartner,MarketType,varchar,No Change,vw_DimPartner,MarketType,
Partner,vw_DimPartner,MembershipLevel,varchar,No Change,vw_DimPartner,MembershipLevel,
Partner,vw_DimPartner,MembershipStartDate,date,No Change,vw_DimPartner,MembershipStartDate,
Partner,vw_DimPartner,MembershipStatus,varchar,No Change,vw_DimPartner,MembershipStatus,
Partner,vw_DimPartner,PartnerCreatedDate,date,No Change,vw_DimPartner,PartnerCreatedDate,
Partner,vw_DimPartner,PartnerGlobalID,int,No Change,vw_DimPartner,PartnerGlobalID,
Partner,vw_DimPartner,PartnerGlobalName,varchar,No Change,vw_DimPartner,PartnerGlobalName,
Partner,vw_DimPartner,PartnerID,int,No Change,vw_DimPartner,PartnerID,
Partner,vw_DimPartner,PartnerKey,int,No Change,vw_DimPartner,PartnerKey,
Partner,vw_DimPartner,PartnerName,varchar,No Change,vw_DimPartner,PartnerName,
Partner,vw_DimPartner,PartnerOneKey,int,No Change,vw_DimPartner,PartnerOneKey,
Partner,vw_DimPartner,PostalCode,varchar,No Change,vw_DimPartner,PostalCode,
Partner,vw_DimPartner,StateProvinceName,varchar,No Change,vw_DimPartner,StateProvinceName,
Partner,vw_DimPartner,Subsidiary,varchar,No Change,vw_DimPartner,Subsidiary,
Partner,vw_DimPartner,PreferredLanguage,varchar,No Change,vw_DimPartner,PreferredLanguage,
Partner,vw_DimPartner,PreferredLanguageCode,varchar,No Change,vw_DimPartner,PreferredLanguageCode,
Partner,vw_DimPartner,SourceName,varchar,No Change,vw_DimPartner,SourceName,
Partner,vw_DimPartner,Area,varchar,No Change,vw_DimPartner,Area,
Partner,vw_DimPartner,Region,varchar,No Change,vw_DimPartner,Region,
Partner,vw_DimPartner,SubRegion,varchar,No Change,vw_DimPartner,SubRegion,
Partner,vw_DimPartnerAccount,AccountFriendlyName,varchar,No Change,vw_DimPartnerAccount,AccountFriendlyName,
Partner,vw_DimPartnerAccount,AccountPurpose,varchar,No Change,vw_DimPartnerAccount,AccountPurpose,
Partner,vw_DimPartnerAccount,AccountSellerId,bigint,No Change,vw_DimPartnerAccount,AccountSellerId,
Partner,vw_DimPartnerAccount,AccountType,varchar,No Change,vw_DimPartnerAccount,AccountType,
Partner,vw_DimPartnerAccount,CreatedDateTime,datetime2,No Change,vw_DimPartnerAccount,CreatedDateTime,
Partner,vw_DimPartnerAccount,IsCSP,varchar,No Change,vw_DimPartnerAccount,IsCSP,
Partner,vw_DimPartnerAccount,IsPCCSPDirectReseller,varchar,No Change,vw_DimPartnerAccount,IsPCCSPDirectReseller,
Partner,vw_DimPartnerAccount,IsPCCSPIndirectProvider,varchar,No Change,vw_DimPartnerAccount,IsPCCSPIndirectProvider,
Partner,vw_DimPartnerAccount,IsPCCSPIndirectReseller,varchar,No Change,vw_DimPartnerAccount,IsPCCSPIndirectReseller,
Partner,vw_DimPartnerAccount,PartnerID,int,No Change,vw_DimPartnerAccount,PartnerID,
Partner,vw_DimPartnerAccount,PCAccountId,varchar,No Change,vw_DimPartnerAccount,PCAccountId,
Partner,vw_DimPartnerAccount,UpdatedDateTime,datetime2,No Change,vw_DimPartnerAccount,UpdatedDateTime,
Partner,vw_DimAccountVettingDetails,CreatedDate,datetime2,No Change,vw_DimAccountVettingDetails,CreatedDate,
Partner,vw_DimAccountVettingDetails,DataMigrationSource,varchar,No Change,vw_DimAccountVettingDetails,DataMigrationSource,
Partner,vw_DimAccountVettingDetails,DataSourceTenant,varchar,No Change,vw_DimAccountVettingDetails,DataSourceTenant,
Partner,vw_DimAccountVettingDetails,DecisionCode,varchar,No Change,vw_DimAccountVettingDetails,DecisionCode,
Partner,vw_DimAccountVettingDetails,DecisionDate,varchar,No Change,vw_DimAccountVettingDetails,DecisionDate,
Partner,vw_DimAccountVettingDetails,DecisionSubCode,varchar,No Change,vw_DimAccountVettingDetails,DecisionSubCode,
Partner,vw_DimAccountVettingDetails,LastUpdatedDate,datetime2,No Change,vw_DimAccountVettingDetails,LastUpdatedDate,
Partner,vw_DimAccountVettingDetails,PartnerID,int,No Change,vw_DimAccountVettingDetails,PartnerID,
Partner,vw_DimAccountVettingDetails,ReferenceRegistrationId,varchar,No Change,vw_DimAccountVettingDetails,ReferenceRegistrationId,
Partner,vw_DimAccountVettingDetails,RetentionPolicy,varchar,No Change,vw_DimAccountVettingDetails,RetentionPolicy,
Partner,vw_DimAccountVettingDetails,SellerId,varchar,No Change,vw_DimAccountVettingDetails,SellerId,
Partner,vw_DimAccountVettingDetails,SellerType,varchar,No Change,vw_DimAccountVettingDetails,SellerType,
Partner,vw_DimAccountVettingDetails,Status,varchar,No Change,vw_DimAccountVettingDetails,Status,
Partner,vw_DimAccountVettingDetails,VettingTier,varchar,No Change,vw_DimAccountVettingDetails,VettingTier,
Partner,vw_FactBenefitRedemption,AccountId,varchar,No Change,vw_FactBenefitRedemption,AccountId,
Partner,vw_FactBenefitRedemption,ProgramName,varchar,No Change,vw_FactBenefitRedemption,ProgramName,
Partner,vw_FactBenefitRedemption,BenefitName,varchar,No Change,vw_FactBenefitRedemption,BenefitName,
Partner,vw_FactBenefitRedemption,ProvisioningStatus,varchar,No Change,vw_FactBenefitRedemption,ProvisioningStatus,
Partner,vw_FactBenefitRedemption,ProvisioningDate,date,No Change,vw_FactBenefitRedemption,ProvisioningDate,
Partner,vw_FactBenefitRedemption,BenefitExpiryDate,date,No Change,vw_FactBenefitRedemption,BenefitExpiryDate,
Partner,vw_FactBenefitRedemption,IsBenefitRedeemed,varchar,No Change,vw_FactBenefitRedemption,IsBenefitRedeemed,
Partner,vw_FactBenefitRedemption,RedemptionDate,date,No Change,vw_FactBenefitRedemption,RedemptionDate,
Partner,vw_FactBenefitRedemption,Quantity,varchar,No Change,vw_FactBenefitRedemption,Quantity,
Partner,vw_FactBenefitRedemption,BenefitStatus,varchar,No Change,vw_FactBenefitRedemption,BenefitStatus,
Partner,vw_FactBenefitRedemption,ProgramBundle,varchar,No Change,vw_FactBenefitRedemption,ProgramBundle,
Partner,vw_FactBenefitRedemption,Level1_ProgramName,varchar,No Change,vw_FactBenefitRedemption,Level1_ProgramName,
Partner,vw_FactBenefitRedemption,Level2_ProgramName,varchar,No Change,vw_FactBenefitRedemption,Level2_ProgramName,
Partner,vw_FactBenefitRedemption,BenefitType,varchar,No Change,vw_FactBenefitRedemption,BenefitType,
Partner,vw_FactBenefitRedemption,BenefitDisplayName,varchar,No Change,vw_FactBenefitRedemption,BenefitDisplayName,
Partner,vw_FactCSDMetricStatus,PartnerOneKey,int,No Change,vw_FactCSDMetricStatus,PartnerOneKey,
Partner,vw_FactCSDMetricStatus,PartnerGlobalId,int,No Change,vw_FactCSDMetricStatus,PartnerGlobalId,
Partner,vw_FactCSDMetricStatus,MarketplaceSolutionID,varchar,No Change,vw_FactCSDMetricStatus,MarketplaceSolutionID,
Partner,vw_FactCSDMetricStatus,MarketplaceSolutionName,varchar,No Change,vw_FactCSDMetricStatus,MarketplaceSolutionName,
Partner,vw_FactCSDMetricStatus,ProgramID,varchar,No Change,vw_FactCSDMetricStatus,ProgramID,
Partner,vw_FactCSDMetricStatus,MetricName,varchar,No Change,vw_FactCSDMetricStatus,MetricName,
Partner,vw_FactCSDMetricStatus,EnrolmentStartDate,datetime2,No Change,vw_FactCSDMetricStatus,EnrolmentStartDate,
Partner,vw_FactCSDMetricStatus,PartnerOneName,varchar,No Change,vw_FactCSDMetricStatus,PartnerOneName,
Partner,vw_FactCSDMetricStatus,PartnerGlobalName,varchar,No Change,vw_FactCSDMetricStatus,PartnerGlobalName,
Partner,vw_FactCSDMetricStatus,IsRenewal,varchar,No Change,vw_FactCSDMetricStatus,IsRenewal,
Partner,vw_FactCSDMetricStatus,Designation,varchar,No Change,vw_FactCSDMetricStatus,Designation,
Partner,vw_FactFirmographicProfile,PartnerID,int,No Change,vw_FactFirmographicProfile,PartnerID,
Partner,vw_FactFirmographicProfile,CustomerSize,varchar,No Change,vw_FactFirmographicProfile,CustomerSize,
Partner,vw_FactFirmographicProfile,ServeCustomers,varchar,No Change,vw_FactFirmographicProfile,ServeCustomers,
Partner,vw_FactFirmographicProfile,PricingModel,varchar,No Change,vw_FactFirmographicProfile,PricingModel,
Partner,vw_FactFirmographicProfile,ServiceTypes,varchar,No Change,vw_FactFirmographicProfile,ServiceTypes,
Partner,vw_FactFirmographicProfile,Solutions,varchar,No Change,vw_FactFirmographicProfile,Solutions,
Partner,vw_FactFirmographicProfile,EmployeeSize,varchar,No Change,vw_FactFirmographicProfile,EmployeeSize,
Partner,vw_FactFirmographicProfile,PartnerWithThirdParties,varchar,No Change,vw_FactFirmographicProfile,PartnerWithThirdParties,
Partner,vw_FactFirmographicProfile,Categories,varchar,No Change,vw_FactFirmographicProfile,Categories,
Partner,vw_FactFirmographicProfile,DiverseOwnedBusiness,varchar,No Change,vw_FactFirmographicProfile,DiverseOwnedBusiness,
Partner,vw_FactFirmographicProfile,ThirdPartyCompanyCert,varchar,No Change,vw_FactFirmographicProfile,ThirdPartyCompanyCert,
Partner,vw_FactFirmographicProfile,Industries,varchar,No Change,vw_FactFirmographicProfile,Industries,
Partner,vw_FactFirmographicProfile,DiverseLedBusiness,varchar,No Change,vw_FactFirmographicProfile,DiverseLedBusiness,
Partner,vw_FactFirmographicProfile,Products,varchar,No Change,vw_FactFirmographicProfile,Products,
Partner,vw_FactFirmographicProfile,AnnualRevenue,varchar,No Change,vw_FactFirmographicProfile,AnnualRevenue,
Partner,vw_FactFirmographicProfile,Partnership,varchar,No Change,vw_FactFirmographicProfile,Partnership,
Partner,vw_FactFirmographicProfile,SocialImpact,varchar,No Change,vw_FactFirmographicProfile,SocialImpact,
Partner,vw_FactLSPPartner,PCN,varchar,No Change,vw_FactLSPPartner,PCN,
Partner,vw_FactLSPPartner,PartnerName,varchar,No Change,vw_FactLSPPartner,PartnerName,
Partner,vw_FactLSPPartner,PartnerGlobalID,bigint,No Change,vw_FactLSPPartner,PartnerGlobalID,
Partner,vw_FactLSPPartner,PartnerGlobalName,varchar,No Change,vw_FactLSPPartner,PartnerGlobalName,
Partner,vw_FactLSPPartner,PartnerOneID,int,No Change,vw_FactLSPPartner,PartnerOneID,
Partner,vw_FactLSPPartner,PartnerOneName,varchar,No Change,vw_FactLSPPartner,PartnerOneName,
Partner,vw_FactLSPPartner,SalesTerritory,varchar,No Change,vw_FactLSPPartner,SalesTerritory,
Partner,vw_FactLSPPartner,Area,varchar,No Change,vw_FactLSPPartner,Area,
Partner,vw_FactLSPPartner,Region,varchar,No Change,vw_FactLSPPartner,Region,
Partner,vw_FactLSPPartner,ReadableRegion,varchar,No Change,vw_FactLSPPartner,ReadableRegion,
Partner,vw_FactLSPPartner,VLPrograms,varchar,No Change,vw_FactLSPPartner,VLPrograms,
Partner,vw_FactLSPPartner,MPLManaged,int,No Change,vw_FactLSPPartner,MPLManaged,
Partner,vw_FactLSPPartner,PDMAlias,varchar,No Change,vw_FactLSPPartner,PDMAlias,
Partner,vw_FactLSPPartner,ISException,varchar,No Change,vw_FactLSPPartner,ISException,
Partner,vw_FactLSPPartner,ExceptionReason,varchar,No Change,vw_FactLSPPartner,ExceptionReason,
Partner,vw_FactMAICPPSoftwareDesignationMetricData,PartnerOneKey,int,No Change,vw_FactMAICPPSoftwareDesignationMetricData,PartnerOneKey,
Partner,vw_FactMAICPPSoftwareDesignationMetricData,PartnerGlobalID,int,No Change,vw_FactMAICPPSoftwareDesignationMetricData,PartnerGlobalID,
Partner,vw_FactMAICPPSoftwareDesignationMetricData,MarketplaceSolutionID,varchar,No Change,vw_FactMAICPPSoftwareDesignationMetricData,MarketplaceSolutionID,
Partner,vw_FactMAICPPSoftwareDesignationMetricData,MarketplaceSolutionName,varchar,No Change,vw_FactMAICPPSoftwareDesignationMetricData,MarketplaceSolutionName,
Partner,vw_FactMAICPPSoftwareDesignationMetricData,ProgramDisplayName,varchar,No Change,vw_FactMAICPPSoftwareDesignationMetricData,ProgramDisplayName,
Partner,vw_FactMAICPPSoftwareDesignationMetricData,AccountID,varchar,No Change,vw_FactMAICPPSoftwareDesignationMetricData,AccountID,
Partner,vw_FactMAICPPSoftwareDesignationMetricData,NumberOfRatings,varchar,No Change,vw_FactMAICPPSoftwareDesignationMetricData,NumberOfRatings,
Partner,vw_FactMAICPPSoftwareDesignationMetricData,AverageRating,varchar,No Change,vw_FactMAICPPSoftwareDesignationMetricData,AverageRating,
Partner,vw_FactMAICPPSoftwareDesignationMetricData,MarketplaceBilledSales,varchar,No Change,vw_FactMAICPPSoftwareDesignationMetricData,MarketplaceBilledSales,
Partner,vw_FactMAICPPSoftwareDesignationMetricData,MarketplaceTransactions,varchar,No Change,vw_FactMAICPPSoftwareDesignationMetricData,MarketplaceTransactions,
Partner,vw_FactMAICPPSoftwareDesignationMetricData,CustomerCount,varchar,No Change,vw_FactMAICPPSoftwareDesignationMetricData,CustomerCount,
Partner,vw_FactMAICPPSoftwareDesignationMetricData,NetCustomerAdds,varchar,No Change,vw_FactMAICPPSoftwareDesignationMetricData,NetCustomerAdds,
Partner,vw_FactMAICPPSoftwareDesignationMetricData,AverageTeamsMAU,varchar,No Change,vw_FactMAICPPSoftwareDesignationMetricData,AverageTeamsMAU,
Partner,vw_FactMAICPPSoftwareDesignationMetricData,CustomerEvidenceCheck,varchar,No Change,vw_FactMAICPPSoftwareDesignationMetricData,CustomerEvidenceCheck,
Partner,vw_FactMAICPPSoftwareDesignationMetricData,TechnicalAudit,varchar,No Change,vw_FactMAICPPSoftwareDesignationMetricData,TechnicalAudit,
Partner,vw_FactMAICPPSoftwareDesignationMetricData,RatingReviewsCheck,varchar,No Change,vw_FactMAICPPSoftwareDesignationMetricData,RatingReviewsCheck,
Partner,vw_FactMAICPPSoftwareDesignationMetricData,PerformanceCheck,varchar,No Change,vw_FactMAICPPSoftwareDesignationMetricData,PerformanceCheck,
Partner,vw_FactMAICPPSoftwareDesignationMetricData,CustomerSatisfactionCheck,varchar,No Change,vw_FactMAICPPSoftwareDesignationMetricData,CustomerSatisfactionCheck,
Partner,vw_AccountEnrollment,PartnerID,int,No Change,vw_AccountEnrollment,PartnerID,
Partner,vw_AccountEnrollment,AccountId,varchar,No Change,vw_AccountEnrollment,AccountId,
Partner,vw_AccountEnrollment,AccountType,varchar,No Change,vw_AccountEnrollment,AccountType,
Partner,vw_AccountEnrollment,AccountPurpose,varchar,No Change,vw_AccountEnrollment,AccountPurpose,
Partner,vw_AccountEnrollment,EnrollmentId,varchar,No Change,vw_AccountEnrollment,EnrollmentId,
Partner,vw_FactMAICPPSoftwareDesignationMetricData,IsEnrolled,varchar,No Change,vw_FactMAICPPSoftwareDesignationMetricData,IsEnrolled,
Partner,vw_Certifications,vOrgMpnId,int,No Change,vw_Certifications,vOrgMpnId,
Partner,vw_Certifications,AccountId,varchar,No Change,vw_Certifications,AccountId,
Partner,vw_Certifications,DocsId,varchar,No Change,vw_Certifications,DocsId,
Partner,vw_Certifications,SkillName,varchar,No Change,vw_Certifications,SkillName,
Partner,vw_Certifications,SkillId,varchar,No Change,vw_Certifications,SkillId,
Partner,vw_Certifications,SkillType,varchar,No Change,vw_Certifications,SkillType,
Partner,vw_Certifications,CompletionDate,varchar,No Change,vw_Certifications,CompletionDate,
Partner,vw_Certifications,ActivationStatus,varchar,No Change,vw_Certifications,ActivationStatus,
Partner,vw_Certifications,AchievementEndDate,varchar,No Change,vw_Certifications,AchievementEndDate,
Partner,vw_Certifications,SnapshotDateKey,varchar,No Change,vw_Certifications,SnapshotDateKey,
Partner,vw_Certifications,ProgramVersion,varchar,No Change,vw_Certifications,ProgramVersion,
Partner,vw_Certifications,ProgramId,varchar,No Change,vw_Certifications,ProgramId,
Partner,vw_Certifications,TrackId,varchar,No Change,vw_Certifications,TrackId,
Partner,vw_Certifications,Tag,varchar,No Change,vw_Certifications,Tag,
Partner,vw_Certifications,SubCategory,varchar,No Change,vw_Certifications,SubCategory,
Partner,vw_AccountEnrollment,ProgramName,varchar,No Change,vw_AccountEnrollment,ProgramName,
Partner,vw_AccountEnrollment,EnrollmentStatus,varchar,No Change,vw_AccountEnrollment,EnrollmentStatus,
Partner,vw_AccountEnrollment,EnrollmentStartDateTime,datetime2,No Change,vw_AccountEnrollment,EnrollmentStartDateTime,
Partner,vw_AccountEnrollment,EnrollmentEndDateTime,datetime2,No Change,vw_AccountEnrollment,EnrollmentEndDateTime,
Partner,vw_AccountEnrollment,ProgramCategories,varchar,No Change,vw_AccountEnrollment,ProgramCategories,
Partner,vw_AccountEnrollment,CreatedDateTime,datetime2,No Change,vw_AccountEnrollment,CreatedDateTime,
Partner,vw_AccountEnrollment,UpdatedDateTime,datetime2,No Change,vw_AccountEnrollment,UpdatedDateTime,
Partner,vw_FactPartnerBenefit,BenefitStatus,varchar,No Change,vw_FactPartnerBenefit,BenefitStatus,
Partner,vw_FactPartnerBenefit,Currency,varchar,No Change,vw_FactPartnerBenefit,Currency,
Partner,vw_FactPartnerBenefit,OfferCategory,varchar,No Change,vw_FactPartnerBenefit,OfferCategory,
Partner,vw_FactPartnerBenefit,OfferName,varchar,No Change,vw_FactPartnerBenefit,OfferName,
Partner,vw_FactPartnerBenefit,OrderID,varchar,No Change,vw_FactPartnerBenefit,OrderID,
Partner,vw_FactPartnerBenefit,PartnerGlobalID,int,No Change,vw_FactPartnerBenefit,PartnerGlobalID,
Partner,vw_FactPartnerBenefit,PartnerGlobalName,varchar,No Change,vw_FactPartnerBenefit,PartnerGlobalName,
Partner,vw_FactPartnerBenefit,PCMembershipStatus,varchar,No Change,vw_FactPartnerBenefit,PCMembershipStatus,
Partner,vw_FactPartnerBenefit,PrevSubscriptionEndDate,date,No Change,vw_FactPartnerBenefit,PrevSubscriptionEndDate,
Partner,vw_FactPartnerBenefit,PurchaseStatus,varchar,No Change,vw_FactPartnerBenefit,PurchaseStatus,
Partner,vw_FactPartnerBenefit,RenewalDescription,varchar,No Change,vw_FactPartnerBenefit,RenewalDescription,
Partner,vw_FactPartnerBenefit,RenewedInDays,bigint,No Change,vw_FactPartnerBenefit,RenewedInDays,
Partner,vw_FactPartnerBenefit,SubscriptionEndDate,date,No Change,vw_FactPartnerBenefit,SubscriptionEndDate,
Partner,vw_FactPartnerBenefit,SubscriptionSequence,int,No Change,vw_FactPartnerBenefit,SubscriptionSequence,
Partner,vw_FactPartnerBenefit,SubscriptionStartDate,date,No Change,vw_FactPartnerBenefit,SubscriptionStartDate,
Partner,vw_FactPartnerBenefit,SubscriptionType,varchar,No Change,vw_FactPartnerBenefit,SubscriptionType,
Partner,vw_FactPartnerBenefit,TotalAmountPaid,float,No Change,vw_FactPartnerBenefit,TotalAmountPaid,
Partner,vw_FactPartnerBenefit,UpdatedDateTime,datetime2,No Change,vw_FactPartnerBenefit,UpdatedDateTime,
Partner,vw_FactPartnerContact,PartnerKey,int,No Change,vw_FactPartnerContact,PartnerKey,
Partner,vw_FactPartnerContact,Role,varchar,No Change,vw_FactPartnerContact,Role,
Partner,vw_FactPartnerContact,DomainName,varchar,No Change,vw_FactPartnerContact,DomainName,
Partner,vw_FactPartnerSpecialization,PartnerGlobalId,int,No Change,vw_FactPartnerSpecialization,PartnerGlobalId,
Partner,vw_FactPartnerSpecialization,SolutionArea,varchar,No Change,vw_FactPartnerSpecialization,SolutionArea,
Partner,vw_FactPartnerSpecialization,SpecializationName,varchar,No Change,vw_FactPartnerSpecialization,SpecializationName,
Partner,vw_FactPartnerSpecialization,SpecializationStatus,varchar,No Change,vw_FactPartnerSpecialization,SpecializationStatus,
Partner,vw_FactPartnerSpecialization,EnrollmentEndDate,date,No Change,vw_FactPartnerSpecialization,EnrollmentEndDate,
Partner,vw_FactPartnerSpecialization,EnrollmentStartDate,date,No Change,vw_FactPartnerSpecialization,EnrollmentStartDate,
Partner,vw_FactPartnerSpecialization,EnrollmentStatus,varchar,No Change,vw_FactPartnerSpecialization,EnrollmentStatus,
Partner,vw_FactPartnerSpecialization,EnrollmentStatusKey,int,No Change,vw_FactPartnerSpecialization,EnrollmentStatusKey,
Partner,vw_FactPartnerSpecialization,RequirementsMet,varchar,No Change,vw_FactPartnerSpecialization,RequirementsMet,
Partner,vw_FactPartnerSpecialization,RiskStatus,varchar,No Change,vw_FactPartnerSpecialization,RiskStatus,
Partner,vw_FactPartnerSpecialization,IsAuditRequiredtoRenew,varchar,No Change,vw_FactPartnerSpecialization,IsAuditRequiredtoRenew,
Partner,vw_FactPartnerSpecialization,PartnerOneKey,int,No Change,vw_FactPartnerSpecialization,PartnerOneKey,
Partner,vw_FactProgramMetricData,Category,varchar,No Change,vw_FactProgramMetricData,Category,
Partner,vw_FactProgramMetricData,EvaluationDatekey,varchar,No Change,vw_FactProgramMetricData,EvaluationDatekey,
Partner,vw_FactProgramMetricData,IsOverRideScore,varchar,No Change,vw_FactProgramMetricData,IsOverRideScore,
Partner,vw_FactProgramMetricData,ISPCSPartner,int,No Change,vw_FactProgramMetricData,ISPCSPartner,
Partner,vw_FactProgramMetricData,MetricName,varchar,No Change,vw_FactProgramMetricData,MetricName,
Partner,vw_FactProgramMetricData,MetricThreshold,int,No Change,vw_FactProgramMetricData,MetricThreshold,
Partner,vw_FactProgramMetricData,MetricType,varchar,No Change,vw_FactProgramMetricData,MetricType,
Partner,vw_FactProgramMetricData,MetricValue,real,No Change,vw_FactProgramMetricData,MetricValue,
Partner,vw_FactProgramMetricData,PartnerGlobalID,int,No Change,vw_FactProgramMetricData,PartnerGlobalID,
Partner,vw_FactProgramMetricData,PointsGrouping,varchar,No Change,vw_FactProgramMetricData,PointsGrouping,
Partner,vw_FactProgramMetricData,ProgramID,varchar,No Change,vw_FactProgramMetricData,ProgramID,
Partner,vw_FactProgramMetricData,SnapshotDatekey,varchar,No Change,vw_FactProgramMetricData,SnapshotDatekey,
Partner,vw_FactProgramMetricData,SolutionArea,varchar,No Change,vw_FactProgramMetricData,SolutionArea,
Partner,vw_FactProgramMetricData,SubCategory,varchar,No Change,vw_FactProgramMetricData,SubCategory,
Partner,vw_FactProgramMetricData,Tag,varchar,No Change,vw_FactProgramMetricData,Tag,
Partner,vw_FactProgramMetricData,Track,varchar,No Change,vw_FactProgramMetricData,Track,
Partner,vw_FactProgramMetricDataSnapshot,PartnerGlobalID,int,No Change,vw_FactProgramMetricDataSnapshot,PartnerGlobalID,
Partner,vw_FactProgramMetricDataSnapshot,ProgramID,varchar,No Change,vw_FactProgramMetricDataSnapshot,ProgramID,
Partner,vw_FactProgramMetricDataSnapshot,SolutionArea,varchar,No Change,vw_FactProgramMetricDataSnapshot,SolutionArea,
Partner,vw_FactProgramMetricDataSnapshot,Track,varchar,No Change,vw_FactProgramMetricDataSnapshot,Track,
Partner,vw_FactProgramMetricDataSnapshot,Tag,varchar,No Change,vw_FactProgramMetricDataSnapshot,Tag,
Partner,vw_FactProgramMetricDataSnapshot,Category,varchar,No Change,vw_FactProgramMetricDataSnapshot,Category,
Partner,vw_FactProgramMetricDataSnapshot,SubCategory,varchar,No Change,vw_FactProgramMetricDataSnapshot,SubCategory,
Partner,vw_FactProgramMetricDataSnapshot,ProgramVersion,int,No Change,vw_FactProgramMetricDataSnapshot,ProgramVersion,
Partner,vw_FactProgramMetricDataSnapshot,MetricType,varchar,No Change,vw_FactProgramMetricDataSnapshot,MetricType,
Partner,vw_FactProgramMetricDataSnapshot,MetricName,varchar,No Change,vw_FactProgramMetricDataSnapshot,MetricName,
Partner,vw_FactProgramMetricDataSnapshot,MetricValue,real,No Change,vw_FactProgramMetricDataSnapshot,MetricValue,
Partner,vw_FactProgramMetricDataSnapshot,MetricThreshold,int,No Change,vw_FactProgramMetricDataSnapshot,MetricThreshold,
Partner,vw_FactProgramMetricDataSnapshot,SnapshotDatekey,int,No Change,vw_FactProgramMetricDataSnapshot,SnapshotDatekey,
Partner,vw_FactProgramMetricDataSnapshot,EvaluationDatekey,varchar,No Change,vw_FactProgramMetricDataSnapshot,EvaluationDatekey,
Partner,vw_FactProgramMetricDataSnapshot,PointsGrouping,varchar,No Change,vw_FactProgramMetricDataSnapshot,PointsGrouping,
Partner,vw_FactProgramMetricDataSnapshot,IsOverRideScore,varchar,No Change,vw_FactProgramMetricDataSnapshot,IsOverRideScore,
Partner,vw_FactProgramMetricDataSnapshot,PGAProgramKey,varchar,No Change,vw_FactProgramMetricDataSnapshot,PGAProgramKey,
Partner,vw_FactProgramMetricDataSnapshot,ReportingSnapshotDateKey,varchar,No Change,vw_FactProgramMetricDataSnapshot,ReportingSnapshotDateKey,
Partner,vw_FactProgramMetricDataSnapshot,MoMTrend,varchar,No Change,vw_FactProgramMetricDataSnapshot,MoMTrend,
Partner,vw_FactProgramScores,PartnerGlobalID,int,No Change,vw_FactProgramScores,PartnerGlobalID,
Partner,vw_FactProgramScores,AzureInfraPCI,real,No Change,vw_FactProgramScores,AzureInfraPCI,
Partner,vw_FactProgramScores,AzureInfraPCIStatus,varchar,No Change,vw_FactProgramScores,AzureInfraPCIStatus,
Partner,vw_FactProgramScores,AzureDigiAppPCI,real,No Change,vw_FactProgramScores,AzureDigiAppPCI,
Partner,vw_FactProgramScores,AzureDigiAppPCIStatus,varchar,No Change,vw_FactProgramScores,AzureDigiAppPCIStatus,
Partner,vw_FactProgramScores,AzureDataAIPCI,real,No Change,vw_FactProgramScores,AzureDataAIPCI,
Partner,vw_FactProgramScores,AzureDataAIPCIStatus,varchar,No Change,vw_FactProgramScores,AzureDataAIPCIStatus,
Partner,vw_FactProgramScores,ModernPCI,real,No Change,vw_FactProgramScores,ModernPCI,
Partner,vw_FactProgramScores,ModernPCIStatus,varchar,No Change,vw_FactProgramScores,ModernPCIStatus,
Partner,vw_FactProgramScores,SecurityPCI,real,No Change,vw_FactProgramScores,SecurityPCI,
Partner,vw_FactProgramScores,SecurityPCIStatus,varchar,No Change,vw_FactProgramScores,SecurityPCIStatus,
Partner,vw_FactProgramScores,BAGPCI,real,No Change,vw_FactProgramScores,BAGPCI,
Partner,vw_FactProgramScores,BAGPCIStatus,varchar,No Change,vw_FactProgramScores,BAGPCIStatus,
Partner,vw_FactProgramScores,HighestOverallScore,real,No Change,vw_FactProgramScores,HighestOverallScore,
Partner,vw_FactProgramScores,HighestOverallStatus,varchar,No Change,vw_FactProgramScores,HighestOverallStatus,
Partner,vw_FactProgramSubcategoryData,EnrollmentStatus,varchar,No Change,vw_FactProgramSubcategoryData,EnrollmentStatus,
Partner,vw_FactProgramSubcategoryData,EnrollmentStatusKey,int,No Change,vw_FactProgramSubcategoryData,EnrollmentStatusKey,
Partner,vw_FactProgramSubcategoryData,EnrollmentEndDate,datetime2,No Change,vw_FactProgramSubcategoryData,EnrollmentEndDate,
Partner,vw_FactProgramSubcategoryData,EnrollmentStartDate,datetime2,No Change,vw_FactProgramSubcategoryData,EnrollmentStartDate,
Partner,vw_FactProgramSubcategoryData,HasAllSubCategories,varchar,No Change,vw_FactProgramSubcategoryData,HasAllSubCategories,
Partner,vw_FactProgramSubcategoryData,PartnerGlobalID,int,No Change,vw_FactProgramSubcategoryData,PartnerGlobalID,
Partner,vw_FactProgramSubcategoryData,PointsGrouping,varchar,No Change,vw_FactProgramSubcategoryData,PointsGrouping,
Partner,vw_FactProgramSubcategoryData,PointsgroupingwithStatus,varchar,No Change,vw_FactProgramSubcategoryData,PointsgroupingwithStatus,
Partner,vw_FactProgramSubcategoryData,SnapshotDateKey,varchar,No Change,vw_FactProgramSubcategoryData,SnapshotDateKey,
Partner,vw_FactProgramSubcategoryData,SolutionArea,varchar,No Change,vw_FactProgramSubcategoryData,SolutionArea,
Partner,vw_FactProgramSubcategoryData,SubCategoryRequirement,varchar,No Change,vw_FactProgramSubcategoryData,SubCategoryRequirement,
Partner,vw_FactProgramSubcategoryData,Tag,varchar,No Change,vw_FactProgramSubcategoryData,Tag,
Partner,vw_FactProgramSubcategoryData,Track,varchar,No Change,vw_FactProgramSubcategoryData,Track,
Partner,vw_FactProgramSubcategoryData,UniqueSolutionAreaFlag,int,No Change,vw_FactProgramSubcategoryData,UniqueSolutionAreaFlag,
Partner,vw_FactProgramSubcategoryData,QualificationTrack,varchar,No Change,vw_FactProgramSubcategoryData,QualificationTrack,
Partner,vw_FactProgramSubcategoryData,EnrollmentTrack,varchar,No Change,vw_FactProgramSubcategoryData,EnrollmentTrack,
Partner,vw_FactProgramSubcategoryDataSnapshot,SnapshotDateKey,int,No Change,vw_FactProgramSubcategoryDataSnapshot,SnapshotDateKey,
Partner,vw_FactProgramSubcategoryDataSnapshot,PartnerGlobalID,int,No Change,vw_FactProgramSubcategoryDataSnapshot,PartnerGlobalID,
Partner,vw_FactProgramSubcategoryDataSnapshot,SolutionArea,varchar,No Change,vw_FactProgramSubcategoryDataSnapshot,SolutionArea,
Partner,vw_FactProgramSubcategoryDataSnapshot,Track,varchar,No Change,vw_FactProgramSubcategoryDataSnapshot,Track,
Partner,vw_FactProgramSubcategoryDataSnapshot,Tag,varchar,No Change,vw_FactProgramSubcategoryDataSnapshot,Tag,
Partner,vw_FactProgramSubcategoryDataSnapshot,SubCategoryRequirement,varchar,No Change,vw_FactProgramSubcategoryDataSnapshot,SubCategoryRequirement,
Partner,vw_FactProgramSubcategoryDataSnapshot,HasAllSubCategories,varchar,No Change,vw_FactProgramSubcategoryDataSnapshot,HasAllSubCategories,
Partner,vw_FactProgramSubcategoryDataSnapshot,PointsGrouping,varchar,No Change,vw_FactProgramSubcategoryDataSnapshot,PointsGrouping,
Partner,vw_FactProgramSubcategoryDataSnapshot,PointsgroupingwithStatus,varchar,No Change,vw_FactProgramSubcategoryDataSnapshot,PointsgroupingwithStatus,
Partner,vw_FactProgramSubcategoryDataSnapshot,EnrollmentStatus,varchar,No Change,vw_FactProgramSubcategoryDataSnapshot,EnrollmentStatus,
Partner,vw_FactProgramSubcategoryDataSnapshot,EnrollmentStatusKey,int,No Change,vw_FactProgramSubcategoryDataSnapshot,EnrollmentStatusKey,
Partner,vw_FactProgramSubcategoryDataSnapshot,UniqueSolutionAreaFlag,varchar,No Change,vw_FactProgramSubcategoryDataSnapshot,UniqueSolutionAreaFlag,
Partner,vw_FactProgramSubcategoryDataSnapshot,EnrollmentStartDate,varchar,No Change,vw_FactProgramSubcategoryDataSnapshot,EnrollmentStartDate,
Partner,vw_FactProgramSubcategoryDataSnapshot,EnrollmentEndDate,varchar,No Change,vw_FactProgramSubcategoryDataSnapshot,EnrollmentEndDate,
Partner,vw_FactProgramSubcategoryDataSnapshot,PGAProgramKey,varchar,No Change,vw_FactProgramSubcategoryDataSnapshot,PGAProgramKey,
Partner,vw_FactProgramSubcategoryDataSnapshot,ReportingSnapshotDateKey,varchar,No Change,vw_FactProgramSubcategoryDataSnapshot,ReportingSnapshotDateKey,
Partner,vw_FactSpecializationRequirement,PartnerGlobalID,int,No Change,vw_FactSpecializationRequirement,PartnerGlobalID,
Partner,vw_FactSpecializationRequirement,SolutionArea,varchar,No Change,vw_FactSpecializationRequirement,SolutionArea,
Partner,vw_FactSpecializationRequirement,SpecializationName,varchar,No Change,vw_FactSpecializationRequirement,SpecializationName,
Partner,vw_FactSpecializationRequirement,Requirement,varchar,No Change,vw_FactSpecializationRequirement,Requirement,
Partner,vw_FactSpecializationRequirement,RequirementStatus,varchar,No Change,vw_FactSpecializationRequirement,RequirementStatus,
Partner,vw_FactSpecializationRequirement,SubRequirement,varchar,No Change,vw_FactSpecializationRequirement,SubRequirement,
Partner,vw_FactSpecializationRequirement,SubRequirementStatus,varchar,No Change,vw_FactSpecializationRequirement,SubRequirementStatus,
Partner,vw_FactSpecializationRequirement,ThresholdValue,int,No Change,vw_FactSpecializationRequirement,ThresholdValue,
Partner,vw_FactSpecializationRequirement,ActualValue,nvarchar,No Change,vw_FactSpecializationRequirement,ActualValue,
Partner,vw_FactSpecializationRequirement,ReqMetLabel,varchar,No Change,vw_FactSpecializationRequirement,ReqMetLabel,
Partner,vw_HistoricalFactPartnerMembership,AnniversaryDate,date,No Change,vw_HistoricalFactPartnerMembership,AnniversaryDate,
Partner,vw_HistoricalFactPartnerMembership,AttainmentDate,date,No Change,vw_HistoricalFactPartnerMembership,AttainmentDate,
Partner,vw_HistoricalFactPartnerMembership,IsCurrent,int,No Change,vw_HistoricalFactPartnerMembership,IsCurrent,
Partner,vw_HistoricalFactPartnerMembership,MembershipMovement,varchar,No Change,vw_HistoricalFactPartnerMembership,MembershipMovement,
Partner,vw_HistoricalFactPartnerMembership,MembershipType,varchar,No Change,vw_HistoricalFactPartnerMembership,MembershipType,
Partner,vw_HistoricalFactPartnerMembership,PartnerGlobalID,int,No Change,vw_HistoricalFactPartnerMembership,PartnerGlobalID,
Partner,vw_HistoricalFactPartnerMembership,PreviousMembershipLevel,varchar,No Change,vw_HistoricalFactPartnerMembership,PreviousMembershipLevel,
Partner,vw_HistoricalFactPartnerMembership,PrioritizedMembershipLevel,varchar,No Change,vw_HistoricalFactPartnerMembership,PrioritizedMembershipLevel,
Partner,vw_HistoricalFactPartnerMembership,PrioritizedMembershipStatus,varchar,No Change,vw_HistoricalFactPartnerMembership,PrioritizedMembershipStatus,
Partner,vw_HistoricalFactPartnerMembership,RenewalDescription,varchar,No Change,vw_HistoricalFactPartnerMembership,RenewalDescription,
Partner,vw_HistoricalFactPartnerMembership,RenewedInDays,int,No Change,vw_HistoricalFactPartnerMembership,RenewedInDays,
Partner,vw_HistoricalFactPartnerMembership,ReportingSnapshotDateKey,int,No Change,vw_HistoricalFactPartnerMembership,ReportingSnapshotDateKey,
Partner,vw_HistoricalFactPartnerMembership,ValidFrom,date,No Change,vw_HistoricalFactPartnerMembership,ValidFrom,
Partner,vw_HistoricalFactPartnerMembership,ValidTo,date,No Change,vw_HistoricalFactPartnerMembership,ValidTo,
Partner,vw_HistoricalFactProgramEnrollment,EnrollmentEndDate,date,No Change,vw_HistoricalFactProgramEnrollment,EnrollmentEndDate,
Partner,vw_HistoricalFactProgramEnrollment,EnrollmentStartDate,date,No Change,vw_HistoricalFactProgramEnrollment,EnrollmentStartDate,
Partner,vw_HistoricalFactProgramEnrollment,EnrollmentStatus,varchar,No Change,vw_HistoricalFactProgramEnrollment,EnrollmentStatus,
Partner,vw_HistoricalFactProgramEnrollment,EnrollmentType,varchar,No Change,vw_HistoricalFactProgramEnrollment,EnrollmentType,
Partner,vw_HistoricalFactProgramEnrollment,IsCurrent,int,No Change,vw_HistoricalFactProgramEnrollment,IsCurrent,
Partner,vw_HistoricalFactProgramEnrollment,PartnerGlobalID,int,No Change,vw_HistoricalFactProgramEnrollment,PartnerGlobalID,
Partner,vw_HistoricalFactProgramEnrollment,ProgramName,varchar,No Change,vw_HistoricalFactProgramEnrollment,ProgramName,
Partner,vw_HistoricalFactProgramEnrollment,ProgramType,varchar,No Change,vw_HistoricalFactProgramEnrollment,ProgramType,
Partner,vw_HistoricalFactProgramEnrollment,RenewalDescription,varchar,No Change,vw_HistoricalFactProgramEnrollment,RenewalDescription,
Partner,vw_HistoricalFactProgramEnrollment,RenewedInDays,int,No Change,vw_HistoricalFactProgramEnrollment,RenewedInDays,
Partner,vw_HistoricalFactProgramEnrollment,ReportingSnapshotDateKey,int,No Change,vw_HistoricalFactProgramEnrollment,ReportingSnapshotDateKey,
Partner,vw_HistoricalFactProgramEnrollment,ValidFrom,date,No Change,vw_HistoricalFactProgramEnrollment,ValidFrom,
Partner,vw_HistoricalFactProgramEnrollment,ValidTo,date,No Change,vw_HistoricalFactProgramEnrollment,ValidTo,
Partner,vw_MAICPP_SPDCapacity_FRACoverage,PartnerOneID,int,No Change,vw_MAICPP_SPDCapacity_FRACoverage,PartnerOneID,
Partner,vw_MAICPP_SPDCapacity_FRACoverage,PartnerOneName,varchar,No Change,vw_MAICPP_SPDCapacity_FRACoverage,PartnerOneName,
Partner,vw_MAICPP_SPDCapacity_FRACoverage,SolutionArea,varchar,No Change,vw_MAICPP_SPDCapacity_FRACoverage,SolutionArea,
Partner,vw_MAICPP_SPDCapacity_FRACoverage,SolutionAreaKey,bigint,No Change,vw_MAICPP_SPDCapacity_FRACoverage,SolutionAreaKey,
Partner,vw_MAICPP_SPDCapacity_FRACoverage,EnrollmentID,varchar,No Change,vw_MAICPP_SPDCapacity_FRACoverage,EnrollmentID,
Partner,vw_MAICPP_SPDCapacity_FRACoverage,FieldAccountabilityUnit,varchar,No Change,vw_MAICPP_SPDCapacity_FRACoverage,FieldAccountabilityUnit,
Partner,vw_MAICPP_SPDCapacity_FRACoverage,LowerFieldAccountabilityUnit,varchar,No Change,vw_MAICPP_SPDCapacity_FRACoverage,LowerFieldAccountabilityUnit,
Partner,vw_MAICPP_SPDCapacity_FRACoverage,SalesUnitKey,int,No Change,vw_MAICPP_SPDCapacity_FRACoverage,SalesUnitKey,
Partner,vw_MAICPP_SPDCapacity_FRACoverage,RevenueType,varchar,No Change,vw_MAICPP_SPDCapacity_FRACoverage,RevenueType,
Partner,vw_MAICPP_SPDCapacity_FRACoverage,CustomerSegment,varchar,No Change,vw_MAICPP_SPDCapacity_FRACoverage,CustomerSegment,
Partner,vw_MAICPP_SPDCapacity_FRACoverage,IsManaged,varchar,No Change,vw_MAICPP_SPDCapacity_FRACoverage,IsManaged,
Partner,vw_MAICPP_SPDCapacity_FRACoverage,PDM,varchar,No Change,vw_MAICPP_SPDCapacity_FRACoverage,PDM,
Partner,vw_MAICPP_SPDCapacity_FRACoverage,TopPGAID,int,No Change,vw_MAICPP_SPDCapacity_FRACoverage,TopPGAID,
Partner,vw_MAICPP_SPDCapacity_FRACoverage,TopPGAName,varchar,No Change,vw_MAICPP_SPDCapacity_FRACoverage,TopPGAName,
Partner,vw_MAICPP_SPDCapacity_FRACoverage,TopPGAStatus,varchar,No Change,vw_MAICPP_SPDCapacity_FRACoverage,TopPGAStatus,
Partner,vw_MAICPP_SPDCapacity_FRACoverage,TopPGADesignation,varchar,No Change,vw_MAICPP_SPDCapacity_FRACoverage,TopPGADesignation,
Partner,vw_MAICPP_SPDCapacity_FRACoverage,DesignationStatus,int,No Change,vw_MAICPP_SPDCapacity_FRACoverage,DesignationStatus,
Partner,vw_MAICPP_SPDCapacity_FRACoverage,SpecializationStatus,int,No Change,vw_MAICPP_SPDCapacity_FRACoverage,SpecializationStatus,
Partner,vw_MAICPP_SPDCapacity_FRACoverage,IsCurrent,int,No Change,vw_MAICPP_SPDCapacity_FRACoverage,IsCurrent,
Partner,vw_MAICPP_SPDCapacity_FRACoverage,ConfidenceCategory,varchar,No Change,vw_MAICPP_SPDCapacity_FRACoverage,ConfidenceCategory,
Partner,vw_MAICPP_SPDCapacity_FRACoverage,ConfidenceCategoryKey,int,No Change,vw_MAICPP_SPDCapacity_FRACoverage,ConfidenceCategoryKey,
Partner,vw_MAICPP_SPDCapacity_FRACoverage,TrackCategory,varchar,No Change,vw_MAICPP_SPDCapacity_FRACoverage,TrackCategory,
Partner,vw_MAICPP_SPDCapacity_FRACoverage,IsSMB,int,No Change,vw_MAICPP_SPDCapacity_FRACoverage,IsSMB,
Partner,vw_MAICPP_SPDCapacity_FRACoverage,IsChurned,int,No Change,vw_MAICPP_SPDCapacity_FRACoverage,IsChurned,
Partner,vw_MAICPP_SPDCapacity_FRACoverage,IsNetNew,int,No Change,vw_MAICPP_SPDCapacity_FRACoverage,IsNetNew,
Partner,vw_MAICPP_SPDCapacity_FRACoverage,PrevCohort,varchar,No Change,vw_MAICPP_SPDCapacity_FRACoverage,PrevCohort,
Partner,vw_MAICPP_SPDCapacity_FRACoverage,CohortMovement,varchar,No Change,vw_MAICPP_SPDCapacity_FRACoverage,CohortMovement,
Partner,vw_MAICPP_SPDCapacity_FRACoverage,IsTopCSPPartner,varchar,No Change,vw_MAICPP_SPDCapacity_FRACoverage,IsTopCSPPartner,
Partner,vw_MAICPP_SPDCapacity_FRACoverage,Distributors,varchar,No Change,vw_MAICPP_SPDCapacity_FRACoverage,Distributors,
Partner,vw_MAICPP_SPDCapacity_FRACoverage,IsReseller,varchar,No Change,vw_MAICPP_SPDCapacity_FRACoverage,IsReseller,
Partner,vw_MAICPP_SPDCapacity_FRACoverage,PartnerCohortRank,int,No Change,vw_MAICPP_SPDCapacity_FRACoverage,PartnerCohortRank,
Partner,vw_MAICPP_SPDCapacity_FRACoverage,RollingCoverage,float,No Change,vw_MAICPP_SPDCapacity_FRACoverage,RollingCoverage,
Partner,vw_MAICPP_SPDCapacity_FRACoverage,AllRenewalRollingCoverage,float,No Change,vw_MAICPP_SPDCapacity_FRACoverage,AllRenewalRollingCoverage,
Partner,vw_MAICPP_SPDCapacity_FRACoverage,IsPriority,int,No Change,vw_MAICPP_SPDCapacity_FRACoverage,IsPriority,
Partner,vw_MAICPP_SPDCapacity_FRACoverage,IsHiPo,int,No Change,vw_MAICPP_SPDCapacity_FRACoverage,IsHiPo,
Partner,vw_MAICPP_SPDCapacity_FRACoverage,Cohort,varchar,No Change,vw_MAICPP_SPDCapacity_FRACoverage,Cohort,
Partner,vw_MAICPP_SPDCapacity_FRACoverage,CohortKey,int,No Change,vw_MAICPP_SPDCapacity_FRACoverage,CohortKey,
Partner,vw_MAICPP_SPDCapacity_FRACoverage,ACR_Deduped,float,No Change,vw_MAICPP_SPDCapacity_FRACoverage,ACR_Deduped,
Partner,vw_MAICPP_SPDCapacity_FRACoverage,BR_Deduped,float,No Change,vw_MAICPP_SPDCapacity_FRACoverage,BR_Deduped,
Partner,vw_MAICPP_SPDCapacity_FRACoverage,FRA_Deduped,float,No Change,vw_MAICPP_SPDCapacity_FRACoverage,FRA_Deduped,
Partner,vw_MAICPP_SPDCapacity_FRACoverage,FRALLUP_Deduped,float,No Change,vw_MAICPP_SPDCapacity_FRACoverage,FRALLUP_Deduped,
Partner,vw_MAICPP_SPDCapacity_FRACoverage,FRA_Coverage,float,No Change,vw_MAICPP_SPDCapacity_FRACoverage,FRA_Coverage,
Partner,vw_MAICPP_SPDCapacity_FRACoverage,ReportingSnapshotDateKey,varchar,No Change,vw_MAICPP_SPDCapacity_FRACoverage,ReportingSnapshotDateKey,
pbi,vw_Bridge_PowerBIActiveUsagePartner,PartnerAttachTypeKey,bigint,No Change,vw_Bridge_PowerBIActiveUsagePartner,PartnerAttachTypeKey,
pbi,vw_Bridge_PowerBIActiveUsagePartner,PartnerGeographyKey,int,No Change,vw_Bridge_PowerBIActiveUsagePartner,PartnerGeographyKey,
pbi,vw_Bridge_PowerBIActiveUsagePartner,UnifiedPartnerKey,varchar,No Change,vw_Bridge_PowerBIActiveUsagePartner,UnifiedPartnerKey,
pbi,vw_Bridge_PowerBIActiveUsagePartner,PowerBIActiveUsageKey,bigint,No Change,vw_Bridge_PowerBIActiveUsagePartner,PowerBIActiveUsageKey,
pbi,vw_Bridge_PowerBIActiveUsagePartner,SnapshotDateKey,int,No Change,vw_Bridge_PowerBIActiveUsagePartner,SnapshotDateKey,
pbi,vw_Bridge_PowerBIActiveUsagePartner,IsCurrentOrder,int,No Change,vw_Bridge_PowerBIActiveUsagePartner,IsCurrentOrder,
pbi,vw_Bridge_PowerBIActiveUsagePartner,IsFilteredInGPSOrder,int,No Change,vw_Bridge_PowerBIActiveUsagePartner,IsFilteredInGPSOrder,
pbi,vw_Bridge_PowerBIActiveUsagePartner,OriginalSnapshotDateID,int,No Change,vw_Bridge_PowerBIActiveUsagePartner,OriginalSnapshotDateID,
pbi,vw_Bridge_PowerBIActiveUsagePartner,PartnerId,varchar,No Change,vw_Bridge_PowerBIActiveUsagePartner,PartnerId,
pbi,vw_Bridge_PowerBIActiveUsagePartner,PartnerOneId,int,No Change,vw_Bridge_PowerBIActiveUsagePartner,PartnerOneId,
pbi,vw_Bridge_PowerBIActiveUsagePartner,PartnerOneReportingKey,bigint,No Change,vw_Bridge_PowerBIActiveUsagePartner,PartnerOneReportingKey,
pbi,vw_FactPowerBIActiveUsage,PowerBIActiveUsageKey,bigint,No Change,vw_FactPowerBIActiveUsage,PowerBIActiveUsageKey,
pbi,vw_FactPowerBIActiveUsage,CustomerGeographyKey,int,No Change,vw_FactPowerBIActiveUsage,CustomerGeographyKey,
pbi,vw_FactPowerBIActiveUsage,CustomerKey,bigint,No Change,vw_FactPowerBIActiveUsage,CustomerKey,
pbi,vw_FactPowerBIActiveUsage,ProductFamilyKey,int,No Change,vw_FactPowerBIActiveUsage,ProductFamilyKey,
pbi,vw_FactPowerBIActiveUsage,SnapshotDateKey,int,No Change,vw_FactPowerBIActiveUsage,SnapshotDateKey,
pbi,vw_FactPowerBIActiveUsage,SalesModelKey,int,No Change,vw_FactPowerBIActiveUsage,SalesModelKey,
pbi,vw_FactPowerBIActiveUsage,PowerBISKUId,int,No Change,vw_FactPowerBIActiveUsage,PowerBISKUId,
pbi,vw_FactPowerBIActiveUsage,SubscriptionKey,bigint,No Change,vw_FactPowerBIActiveUsage,SubscriptionKey,
pbi,vw_FactPowerBIActiveUsage,SubscriptionStatusKey,int,No Change,vw_FactPowerBIActiveUsage,SubscriptionStatusKey,
pbi,vw_FactPowerBIActiveUsage,TenantKey,bigint,No Change,vw_FactPowerBIActiveUsage,TenantKey,
pbi,vw_FactPowerBIActiveUsage,ActiveUsage,decimal,No Change,vw_FactPowerBIActiveUsage,ActiveUsage,
pbi,vw_FactPowerBIActiveUsage,AssignedSeats,decimal,No Change,vw_FactPowerBIActiveUsage,AssignedSeats,
pbi,vw_FactPowerBIActiveUsage,CustomerID,bigint,No Change,vw_FactPowerBIActiveUsage,CustomerID,
pbi,vw_FactPowerBIActiveUsage,DeploymentOpportunities,int,No Change,vw_FactPowerBIActiveUsage,DeploymentOpportunities,
pbi,vw_FactPowerBIActiveUsage,IsCurrentOrder,int,No Change,vw_FactPowerBIActiveUsage,IsCurrentOrder,
pbi,vw_FactPowerBIActiveUsage,IsFilteredInGPSOrder,int,No Change,vw_FactPowerBIActiveUsage,IsFilteredInGPSOrder,
pbi,vw_FactPowerBIActiveUsage,OriginalSnapshotDateID,int,No Change,vw_FactPowerBIActiveUsage,OriginalSnapshotDateID,
pbi,vw_FactPowerBIActiveUsage,SoldSeats,decimal,No Change,vw_FactPowerBIActiveUsage,SoldSeats,
pbi,vw_FactPowerBIActiveUsage,SubscriptionGUID,varchar,No Change,vw_FactPowerBIActiveUsage,SubscriptionGUID,
pbi,vw_FactPowerBIActiveUsage,TenantID,varchar,No Change,vw_FactPowerBIActiveUsage,TenantID,
pbi,vw_FactPowerBIActiveUsage,UsageProductId,int,No Change,vw_FactPowerBIActiveUsage,UsageProductId,
pbi,vw_MapPowerBIActiveUsagePartner,PartnerAttachTypeKey,bigint,No Change,vw_MapPowerBIActiveUsagePartner,PartnerAttachTypeKey,
pbi,vw_MapPowerBIActiveUsagePartner,PartnerGeographyKey,int,No Change,vw_MapPowerBIActiveUsagePartner,PartnerGeographyKey,
pbi,vw_MapPowerBIActiveUsagePartner,UnifiedPartnerKey,varchar,No Change,vw_MapPowerBIActiveUsagePartner,UnifiedPartnerKey,
pbi,vw_MapPowerBIActiveUsagePartner,PowerBIActiveUsageKey,bigint,No Change,vw_MapPowerBIActiveUsagePartner,PowerBIActiveUsageKey,
pbi,vw_MapPowerBIActiveUsagePartner,SnapshotDateKey,int,No Change,vw_MapPowerBIActiveUsagePartner,SnapshotDateKey,
pbi,vw_MapPowerBIActiveUsagePartner,IsCurrentOrder,int,No Change,vw_MapPowerBIActiveUsagePartner,IsCurrentOrder,
pbi,vw_MapPowerBIActiveUsagePartner,IsFilteredInGPSOrder,int,No Change,vw_MapPowerBIActiveUsagePartner,IsFilteredInGPSOrder,
pbi,vw_MapPowerBIActiveUsagePartner,OriginalSnapshotDateID,int,No Change,vw_MapPowerBIActiveUsagePartner,OriginalSnapshotDateID,
pbi,vw_MapPowerBIActiveUsagePartner,PartnerId,varchar,No Change,vw_MapPowerBIActiveUsagePartner,PartnerId,
pbi,vw_MapPowerBIActiveUsagePartner,PartnerOneId,int,No Change,vw_MapPowerBIActiveUsagePartner,PartnerOneId,
pbi,vw_MapPowerBIActiveUsagePartner,PartnerOneReportingKey,bigint,No Change,vw_MapPowerBIActiveUsagePartner,PartnerOneReportingKey,
Peat,vw_ManualAttributionChina,PartnerOneSubID,float,No Change,vw_ManualAttributionChina,PartnerOneSubID,
Peat,vw_ManualAttributionChina,ReportingDateKey,bigint,No Change,vw_ManualAttributionChina,ReportingDateKey,
Peat,vw_ManualAttributionChina,SubscriptionGUID,varchar,No Change,vw_ManualAttributionChina,SubscriptionGUID,
PII,vw_FactPartnerContact,EmailAddress,varchar,No Change,vw_FactPartnerContact,EmailAddress,
PII,vw_FactPartnerContact,FirstName,varchar,No Change,vw_FactPartnerContact,FirstName,
PII,vw_FactPartnerContact,LastName,varchar,No Change,vw_FactPartnerContact,LastName,
PII,vw_FactPartnerContact,PartnerKey,int,No Change,vw_FactPartnerContact,PartnerKey,
PII,vw_FactPartnerContact,PhoneNumber,varchar,No Change,vw_FactPartnerContact,PhoneNumber,
PII,vw_FactPartnerContact,Role,varchar,No Change,vw_FactPartnerContact,Role,
PM,vw_ManagedPractices,GPSCRMID,varchar,No Change,vw_ManagedPractices,GPSCRMID,
PM,vw_ManagedPractices,PartnerID,varchar,No Change,vw_ManagedPractices,PartnerID,
PM,vw_ManagedPractices,PartnerGlobalID,varchar,No Change,vw_ManagedPractices,PartnerGlobalID,
PM,vw_ManagedPractices,PartnerOneID,bigint,No Change,vw_ManagedPractices,PartnerOneID,
PM,vw_ManagedPractices,SubsidiaryID,int,No Change,vw_ManagedPractices,SubsidiaryID,
PM,vw_ManagedPractices,PartnerName,varchar,No Change,vw_ManagedPractices,PartnerName,
PM,vw_ManagedPractices,PartnerOneName,varchar,No Change,vw_ManagedPractices,PartnerOneName,
PM,vw_ManagedPractices,Subsidiary,varchar,No Change,vw_ManagedPractices,Subsidiary,
PM,vw_ManagedPractices,Area,varchar,No Change,vw_ManagedPractices,Area,
PM,vw_ManagedPractices,PartnerSegment,varchar,No Change,vw_ManagedPractices,PartnerSegment,
PM,vw_ManagedPractices,PartnerSubSegment,varchar,No Change,vw_ManagedPractices,PartnerSubSegment,
PM,vw_ManagedPractices,ManagementLevel,varchar,No Change,vw_ManagedPractices,ManagementLevel,
PM,vw_ManagedPractices,BusinessUnit,varchar,No Change,vw_ManagedPractices,BusinessUnit,
PM,vw_ManagedPractices,AccountStatus,varchar,No Change,vw_ManagedPractices,AccountStatus,
PM,vw_ManagedPractices,PrimaryPDM,varchar,No Change,vw_ManagedPractices,PrimaryPDM,
PM,vw_ManagedPractices,PrimaryRoleType,varchar,No Change,vw_ManagedPractices,PrimaryRoleType,
PM,vw_ManagedPractices,Primary,varchar,No Change,vw_ManagedPractices,Primary,
PM,vw_ManagedPractices,HasValidPartnerID,varchar,No Change,vw_ManagedPractices,HasValidPartnerID,
PM,vw_ManagedPractices,HasValidPDM,varchar,No Change,vw_ManagedPractices,HasValidPDM,
PM,vw_ManagedPractices,IsManaged,varchar,No Change,vw_ManagedPractices,IsManaged,
PM,vw_ManagedPractices,IsEngaged,varchar,No Change,vw_ManagedPractices,IsEngaged,
PM,vw_ManagedPractices,CRMCountryCode,varchar,No Change,vw_ManagedPractices,CRMCountryCode,
PM,vw_ManagedPractices,CALCCountry,varchar,No Change,vw_ManagedPractices,CALCCountry,
PM,vw_ManagedPractices,CALCSubsidiary,varchar,No Change,vw_ManagedPractices,CALCSubsidiary,
PM,vw_ManagedPractices,CALCArea,varchar,No Change,vw_ManagedPractices,CALCArea,
PM,vw_ManagedPractices,IsCALCMastered,varchar,No Change,vw_ManagedPractices,IsCALCMastered,
PM,vw_ManagedPractices,CRMModifiedBy,varchar,No Change,vw_ManagedPractices,CRMModifiedBy,
PM,vw_ManagedPractices,CRMModifiedOn,datetime2,No Change,vw_ManagedPractices,CRMModifiedOn,
PM,vw_ManagedPractices,CALCModifiedBy,varchar,No Change,vw_ManagedPractices,CALCModifiedBy,
PM,vw_ManagedPractices,CALCModifiedOn,datetime2,No Change,vw_ManagedPractices,CALCModifiedOn,
PM,vw_ManagedPractices,GPSModifiedOn,datetime2,No Change,vw_ManagedPractices,GPSModifiedOn,
PM,vw_ManagedPractices,IdUpdatedOn,datetime2,No Change,vw_ManagedPractices,IdUpdatedOn,
PM,vw_ManagedPractices,IsTopCSPPartner,varchar,No Change,vw_ManagedPractices,IsTopCSPPartner,
PM,vw_ManagedPractices,IsAreaManaged,varchar,No Change,vw_ManagedPractices,IsAreaManaged,
PM,vw_ManagedPractices,IsRegionManaged,varchar,Deprecate,,,
PM,vw_ManagedPractices,IsPureSubregionManaged,varchar,Deprecate,,,
PM,vw_ManagedPractices,PreviousAreaGPSCRMID,varchar,Deprecate,,,
PM,vw_ManagedPractices,PreviousRegionGPSCRMID,varchar,Deprecate,,,
PM,vw_ManagedPractices,PreviousSubregionGPSCRMID,varchar,Deprecate,,,
PM,vw_ManagedPractices,,,New Column,vw_ManagedPractices,IsPBP,
PM,vw_PartnerMaster,SourceID,varchar,No Change,vw_PartnerMaster,SourceID,
PM,vw_PartnerMaster,PartnerGlobalID,int,No Change,vw_PartnerMaster,PartnerGlobalID,
PM,vw_PartnerMaster,MappingKey,int,No Change,vw_PartnerMaster,MappingKey,
PM,vw_PartnerMaster,PartnerOneID,int,No Change,vw_PartnerMaster,PartnerOneID,
PM,vw_PartnerMaster,UpStreamName,varchar,No Change,vw_PartnerMaster,UpStreamName,
PM,vw_PartnerMaster,UpstreamColumnName,varchar,No Change,vw_PartnerMaster,UpstreamColumnName,
PM,vw_PartnerMaster,SubsidiaryID,int,No Change,vw_PartnerMaster,SubsidiaryID,
PM,vw_PartnerMaster,Subsidiary,varchar,No Change,vw_PartnerMaster,Subsidiary,
PM,vw_PartnerMaster,Area,varchar,No Change,vw_PartnerMaster,Area,
PM,vw_PartnerMaster,PartnerName,varchar,No Change,vw_PartnerMaster,PartnerName,
PM,vw_PartnerMaster,PartnerType,varchar,No Change,vw_PartnerMaster,PartnerType,
PM,vw_PartnerMaster,PartnerOneName,varchar,No Change,vw_PartnerMaster,PartnerOneName,
PM,vw_PartnerMaster,PartnerOneSubID,varchar,No Change,vw_PartnerMaster,PartnerOneSubID,
PM,vw_PartnerMaster_History,SourceID,varchar,No Change,vw_PartnerMaster_History,SourceID,
PM,vw_PartnerMaster_History,UpstreamName,varchar,No Change,vw_PartnerMaster_History,UpstreamName,
PM,vw_PartnerMaster_History,UpstreamColumnName,varchar,No Change,vw_PartnerMaster_History,UpstreamColumnName,
PM,vw_PartnerMaster_History,SubsidiaryID,int,No Change,vw_PartnerMaster_History,SubsidiaryID,
PM,vw_PartnerMaster_History,Subsidiary,varchar,No Change,vw_PartnerMaster_History,Subsidiary,
PM,vw_PartnerMaster_History,Area,varchar,No Change,vw_PartnerMaster_History,Area,
PM,vw_PartnerMaster_History,PartnerName,varchar,No Change,vw_PartnerMaster_History,PartnerName,
PM,vw_PartnerMaster_History,PartnerType,varchar,No Change,vw_PartnerMaster_History,PartnerType,
PM,vw_PartnerMaster_History,PartnerGlobalID,int,No Change,vw_PartnerMaster_History,PartnerGlobalID,
PM,vw_PartnerMaster_History,MappingKey,int,No Change,vw_PartnerMaster_History,MappingKey,
PM,vw_PartnerMaster_History,PartnerOneID,int,No Change,vw_PartnerMaster_History,PartnerOneID,
PM,vw_PartnerMaster_History,PartnerOneName,varchar,No Change,vw_PartnerMaster_History,PartnerOneName,
PM,vw_PartnerMaster_History,PartnerOneSubID,varchar,No Change,vw_PartnerMaster_History,PartnerOneSubID,
PM,vw_PartnerMaster_History,RowInsertedDate,datetime2,No Change,vw_PartnerMaster_History,RowInsertedDate,
PM,vw_ReportingPartnerOne,IsHoster,varchar,Column Renamed,vw_ReportingPartnerOne,IsHCP,
PM,vw_ReportingPartnerOne,IsLSP,varchar,Column Renamed,vw_ReportingPartnerOne,IsSSP,
PM,vw_ReportingPartnerOne,IsMSP,varchar,Column Renamed,vw_ReportingPartnerOne,IsSMECSI,
PM,vw_ReportingPartnerOne,IsTopCSPPartner,varchar,No Change,vw_ReportingPartnerOne,IsTopCSPPartner,
PM,vw_ReportingPartnerOne,PartnerSegment,varchar,No Change,vw_ReportingPartnerOne,PartnerSegment,
PM,vw_ReportingPartnerOne,PartnerSubSegment,varchar,No Change,vw_ReportingPartnerOne,PartnerSubSegment,
PM,vw_ReportingPartnerOne,PartnerOneID,int,No Change,vw_ReportingPartnerOne,PartnerOneID,
PM,vw_ReportingPartnerOne,PartnerOneKey,int,No Change,vw_ReportingPartnerOne,PartnerOneKey,
PM,vw_ReportingPartnerOne,PartnerOneName,varchar,No Change,vw_ReportingPartnerOne,PartnerOneName,
PM,vw_ReportingPartnerOne,PrimaryRoleType,varchar,No Change,vw_ReportingPartnerOne,PrimaryRoleType,
PM,vw_ReportingPartnerOne,PartnerOneReportingID,varchar,No Change,vw_ReportingPartnerOne,PartnerOneReportingID,
PM,vw_ReportingPartnerOne,PartnerOneReportingKey,bigint,No Change,vw_ReportingPartnerOne,PartnerOneReportingKey,
PM,vw_ReportingPartnerOne,SubsidiaryID,int,No Change,vw_ReportingPartnerOne,SubsidiaryID,
PM,vw_ReportingPartnerOne,Role,varchar,No Change,vw_ReportingPartnerOne,Role,
PM,vw_ReportingPartnerOne,Alias,varchar,No Change,vw_ReportingPartnerOne,Alias,
PM,vw_ReportingPartnerOne,ContactName,varchar,No Change,vw_ReportingPartnerOne,ContactName,
PM,vw_ReportingPartnerOne,IsPrimary,varchar,No Change,vw_ReportingPartnerOne,IsPrimary,
PM,vw_ReportingPartnerOne,Manager1Alias,varchar,No Change,vw_ReportingPartnerOne,Manager1Alias,
PM,vw_ReportingPartnerOne,Manager1Name,varchar,No Change,vw_ReportingPartnerOne,Manager1Name,
PM,vw_ReportingPartnerOne,Manager2Alias,varchar,No Change,vw_ReportingPartnerOne,Manager2Alias,
PM,vw_ReportingPartnerOne,Manager2Name,varchar,No Change,vw_ReportingPartnerOne,Manager2Name,
PM,vw_ReportingPartnerOne,Qualifier1,varchar,No Change,vw_ReportingPartnerOne,Qualifier1,
PM,vw_ReportingPartnerOne,Qualifier2,varchar,No Change,vw_ReportingPartnerOne,Qualifier2,
PM,vw_ReportingPartnerOne,RoleSummary,varchar,No Change,vw_ReportingPartnerOne,RoleSummary,
PM,vw_ReportingPartnerOne,IsCALCAssignment,varchar,No Change,vw_ReportingPartnerOne,IsCALCAssignment,
PM,vw_ReportingPartnerOne,IsCascaded,varchar,No Change,vw_ReportingPartnerOne,IsCascaded,
PM,vw_ReportingPartnerOne,PartnerOneNameID,varchar,No Change,vw_ReportingPartnerOne,PartnerOneNameID,
PM,vw_ReportingPartnerOne,IsManaged,varchar,No Change,vw_ReportingPartnerOne,IsManaged,
PM,vw_ReportingPartnerOne,BusinessUnit,varchar,No Change,vw_ReportingPartnerOne,BusinessUnit,
PM,vw_ReportingPartnerOne,DetailedEngagedType,varchar,No Change,vw_ReportingPartnerOne,DetailedEngagedType,
PM,vw_ReportingPartnerOne,Area,varchar,No Change,vw_ReportingPartnerOne,Area,
PM,vw_ReportingPartnerOne,Region,varchar,No Change,vw_ReportingPartnerOne,Region,
PM,vw_ReportingPartnerOne,SubRegion,varchar,No Change,vw_ReportingPartnerOne,SubRegion,
PM,vw_ReportingPartnerOne,Subsidiary,varchar,No Change,vw_ReportingPartnerOne,Subsidiary,
PM,vw_ReportingPartnerOne,SubsidiaryCode,varchar,No Change,vw_ReportingPartnerOne,SubsidiaryCode,
PM,vw_ReportingPartnerOne,IsGlobalChannel,varchar,No Change,vw_ReportingPartnerOne,IsGlobalChannel,
PM,vw_ReportingPartnerOne,IsGlobalISV,varchar,No Change,vw_ReportingPartnerOne,IsGlobalISV,
PM,vw_ReportingPartnerOne,IsGSI,varchar,No Change,vw_ReportingPartnerOne,IsGSI,
PM,vw_ReportingPartnerOne,IsAzureExpertMSP,varchar,No Change,vw_ReportingPartnerOne,IsAzureExpertMSP,
PM,vw_ReportingPartnerOne,IsSureStep,varchar,No Change,vw_ReportingPartnerOne,IsSureStep,
PM,vw_ReportingPartnerOne,IsCALCMastered,varchar,Deprecate,,,
PM,vw_ReportingPartnerOne,IsPDMPresentInSub,varchar,No Change,vw_ReportingPartnerOne,IsPDMPresentInSub,
PM,vw_ReportingPartnerOne,IsGlobal,varchar,No Change,vw_ReportingPartnerOne,IsGlobal,
PM,vw_ReportingPartnerOne,IsRegion,varchar,No Change,vw_ReportingPartnerOne,IsRegion,
PM,vw_ReportingPartnerOne,IsSubRegion,varchar,No Change,vw_ReportingPartnerOne,IsSubRegion,
PM,vw_ReportingPartnerOne,IsGlobalDownstreamManaged,varchar,No Change,vw_ReportingPartnerOne,IsGlobalDownstreamManaged,
PM,vw_ReportingPartnerOne,IsSubRegionDownstreamManaged,varchar,No Change,vw_ReportingPartnerOne,IsSubRegionDownstreamManaged,
PM,vw_ReportingPartnerOne,IsEngaged,varchar,No Change,vw_ReportingPartnerOne,IsEngaged,
PM,vw_ReportingPartnerOne,ManagementIndicator,varchar,No Change,vw_ReportingPartnerOne,ManagementIndicator,
PM,vw_ReportingPartnerOne,IsQuestionablePartner,varchar,No Change,vw_ReportingPartnerOne,IsQuestionablePartner,
PM,vw_ReportingPartnerOne,PartnerBusinessModel,varchar,No Change,vw_ReportingPartnerOne,PartnerBusinessModel,
PM,vw_ReportingPartnerOne,MembershipLevel,varchar,No Change,vw_ReportingPartnerOne,MembershipLevel,
PM,vw_ReportingPartnerOne,HasSpecialization,varchar,No Change,vw_ReportingPartnerOne,HasSpecialization,
PM,vw_ReportingPartnerOne,IsCoreConsideredforRole,varchar,No Change,vw_ReportingPartnerOne,IsCoreConsideredforRole,
PM,vw_ReportingPartnerOne,IsFY24RecruitPartner,varchar,No Change,vw_ReportingPartnerOne,IsFY24RecruitPartner,
PM,vw_ReportingPartnerOne,IsFY25RecruitPartner,varchar,No Change,vw_ReportingPartnerOne,IsFY25RecruitPartner,
PM,vw_ReportingPartnerOne,IsFY26RecruitPartner,varchar,No Change,vw_ReportingPartnerOne,IsFY26RecruitPartner,
PM,vw_ReportingPartnerOne,,,New Column,vw_ReportingPartnerOne,IsFY25SPF,
PM,vw_ReportingPartnerOne,,,New Column,vw_ReportingPartnerOne,IsFY26SPF,
PM,vw_ReportingPartnerOne,,,New Column,vw_ReportingPartnerOne,IsFY27SPF,
PM,vw_ReportingPartnerOne,IsMWGoDaddy,varchar,No Change,vw_ReportingPartnerOne,IsMWGoDaddy,
PM,vw_ReportingPartnerOne,IsMWTop1TPartner,varchar,Deprecate,,,
PM,vw_ReportingPartnerOne,MWTop1TPartnerType,varchar,Deprecate,,,
PM,vw_ReportingPartnerOne,IsMWTopDistiPartner,varchar,Deprecate,,,
PM,vw_ReportingPartnerOne,PartnerOneDetailedEngagedType,varchar,No Change,vw_ReportingPartnerOne,PartnerOneDetailedEngagedType,
PM,vw_ReportingPartnerOne,,,New Column,vw_ReportingPartnerOne,IsPBP,
PM,vw_ReportingPartnerOne,IsDistributor,varchar,No Change,vw_ReportingPartnerOne,IsDistributor,
PM,vw_ReportingPartnerOne,IsTelcoPartner,varchar,No Change,vw_ReportingPartnerOne,IsTelcoPartner,
PM,vw_ReportingPartnerOne,IsTopTierPartner,varchar,No Change,vw_ReportingPartnerOne,IsTopTierPartner,
PM,vw_ReportingPartnerOne,GPSCRMID,varchar,No Change,vw_ReportingPartnerOne,GPSCRMID,
PM,vw_ReportingPartnerOne,IsRegionTZInstance,varchar,No Change,vw_ReportingPartnerOne,IsRegionTZInstance,
PM,vw_ReportingPartnerOne,IsRegionTZPlaceholder,varchar,No Change,vw_ReportingPartnerOne,IsRegionTZPlaceholder,
PM,vw_ReportingPartnerOne,CustomManagementLevel,varchar,No Change,vw_ReportingPartnerOne,CustomManagementLevel,
PM,vw_ReportingPartnerOne,IsTransitionGISV,varchar,No Change,vw_ReportingPartnerOne,IsTransitionGISV,
PM,vw_ReportingPartnerOne,IsAreaManaged,varchar,No Change,vw_ReportingPartnerOne,IsAreaManaged,
PM,vw_ReportingPartnerOne,IsStrategicServices,varchar,Deprecate,,,
PM,vw_ReportingPartnerOne,IsStrategicISV,varchar,Deprecate,,,
PM,vw_ReportingPartnerOne,IsStrategicLSP,varchar,Deprecate,,,
PM,vw_ReportingPartnerOne,IsStrategicDistributor,varchar,Deprecate,,,
PM,vw_ReportingPartnerOne,IsLEGOPartner,varchar,Deprecate,,,
PM,vw_ReportingPartnerOne,IsITESPartner,varchar,Deprecate,,,
PM,vw_ReportingPartnerOne,IsAGIPartner,varchar,Deprecate,,,
PM,vw_ReportingPartnerOne,IsP200Partner,varchar,Deprecate,,,
PM,vw_ReportingPartnerOne,IsBGIPartner,varchar,Deprecate,,,
PM,vw_ReportingPartnerOne,IsArea,varchar,Deprecate,,,
PM,vw_ReportingPartnerOne,IsLocal,varchar,Deprecate,,,
PM,vw_ReportingPartnerOne,IsAreaDownstreamManaged,varchar,Deprecate,,,
PM,vw_ReportingPartnerOne,IsRegionDownstreamManaged,varchar,Deprecate,,,
PM,vw_ReportingPartnerOne,IsLegoITES,varchar,Deprecate,,,
PM,vw_ReportingPartnerOne,IsP200PilotPartner,varchar,Deprecate,,,
PM,vw_ReportingPartnerOne,IsStrategicPartnerOne,varchar,Deprecate,,,
PM,vw_ReportingPartnerOne,IsGlobalPMA,varchar,Deprecate,,,
PM,vw_ReportingPartnerOne,PartnerCategory,varchar,Deprecate,,,
PM,vw_ReportingPartnerOne,IsTopUnmanaged,varchar,Deprecate,,,
PM,vw_ReportingPartnerOne,IsSI,varchar,Deprecate,,,
PM,vw_ReportingPartnerOne,IsDigitalAgency,varchar,Deprecate,,,
PM,vw_ReportingPartnerOne,IsIndirectProvider,varchar,Deprecate,,,
PM,vw_ReportingPartnerOne,IsPERCPartner,varchar,Deprecate,,,
PM,vw_ReportingPartnerOne,IsPERCTopPartner,varchar,Deprecate,,,
PM,vw_ReportingPartnerOne,IsPERCRehabPartner,varchar,Deprecate,,,
PM,vw_ReportingPartnerOne,IsSPL,varchar,Deprecate,,,
PM,vw_ReportingPartnerOne,IsBuildfor2030,varchar,Deprecate,,,
PM,vw_ReportingPartnerOne,IsIAMCP,varchar,Deprecate,,,
PM,vw_ReportingPartnerOne,SalesEngagement,varchar,Deprecate,,,
PM,vw_ReportingPartnerOne,IsOperatorCSPProgram,varchar,Deprecate,,,
PM,vw_ReportingPartnerOne,PrimaryBusinessModel,varchar,Deprecate,,,
PM,vw_ReportingPartnerOne,IsDigitalNative,varchar,Deprecate,,,
PM,vw_ReportingPartnerOne,IsStrategicGlobalISV,varchar,Deprecate,,,
PM,vw_ReportingPartnerOne,IsStrategicRecruitGISV,varchar,Deprecate,,,
PM,vw_ReportingPartnerOne,IsAG,varchar,Deprecate,,,
PM,vw_ReportingPartnerOne,IsStrategicRecruitISV,varchar,Deprecate,,,
PM,vw_ReportingPartnerOne,IsAdvisory,varchar,Deprecate,,,
PM,vw_ReportingPartnerOne,IsEnterpriseSI,varchar,Deprecate,,,
PM,vw_ReportingPartnerOne,IsTelcoOperator,varchar,Deprecate,,,
PM,vw_ReportingPartnerOne,IsBPGI,varchar,Deprecate,,,
PM,vw_ReportingPartnerOne,IsRecruitServices,varchar,Deprecate,,,
PM,vw_ReportingPartnerOne,IsSMCSI,varchar,Deprecate,,,
PM,vw_ReportingPartnerOne,IsSMCSIAzurePartners,varchar,Deprecate,,,
PM,vw_ReportingPartnerOne,IsSMCSIMWSPartners,varchar,Deprecate,,,
PM,vw_ReportingPartnerOne,IsSMCSIBizAppsPartners,varchar,Deprecate,,,
PM,vw_ReportingPartnerOne,IsSMCSIBPGIPartners,varchar,Deprecate,,,
PM,vw_ReportingPartnerOne,IsHyperscaler,varchar,Deprecate,,,
PM,vw_ReportingPartnerOne,IsRegionManaged,varchar,Deprecate,,,
PM,vw_ReportingPartnerOne,IsPureSubregionManaged,varchar,Deprecate,,,
PM,vw_ReportingPartnerOne,PreviousAreaGPSCRMID,varchar,Deprecate,,,
PM,vw_ReportingPartnerOne,PreviousRegionGPSCRMID,varchar,Deprecate,,,
PM,vw_ReportingPartnerOne,PreviousSubregionGPSCRMID,varchar,Deprecate,,,
PM,vw_ReportingPartnerOne,IsHPS,varchar,New Column,vw_ReportingPartnerOne,IsHPS,
PM,vw_ReportingPartnerOne,IsFY27RecruitPartner,varchar,New Column,vw_ReportingPartnerOne,IsFY27RecruitPartner,
PM,vw_RoleContact,RoleContactKey,int,No Change,vw_RoleContact,RoleContactKey,
PM,vw_RoleContact,GPSCRMID,varchar,No Change,vw_RoleContact,GPSCRMID,
PM,vw_RoleContact,Role,varchar,No Change,vw_RoleContact,Role,
PM,vw_RoleContact,ContactAlias,varchar,No Change,vw_RoleContact,ContactAlias,
PM,vw_RoleContact,ContactName,varchar,No Change,vw_RoleContact,ContactName,
PM,vw_RoleContact,IsCALCAssignment,int,No Change,vw_RoleContact,IsCALCAssignment,
PM,vw_RoleContact,IsPrimary,varchar,No Change,vw_RoleContact,IsPrimary,
PM,vw_RoleContact,Manager1Alias,varchar,No Change,vw_RoleContact,Manager1Alias,
PM,vw_RoleContact,Manager1Name,varchar,No Change,vw_RoleContact,Manager1Name,
PM,vw_RoleContact,Manager2Alias,varchar,No Change,vw_RoleContact,Manager2Alias,
PM,vw_RoleContact,Manager2Name,varchar,No Change,vw_RoleContact,Manager2Name,
PM,vw_RoleContact,ModifiedOn,datetime2,No Change,vw_RoleContact,ModifiedOn,
PM,vw_RoleContact,Qualifier1,varchar,No Change,vw_RoleContact,Qualifier1,
PM,vw_RoleContact,Qualifier2,varchar,No Change,vw_RoleContact,Qualifier2,
PM,vw_RoleContact,RoleSummary,varchar,No Change,vw_RoleContact,RoleSummary,
PM,vw_RoleContact,AssignmentType,varchar,No Change,vw_RoleContact,AssignmentType,
PM,vw_RoleContact_History,RoleContactKey,int,No Change,vw_RoleContact_History,RoleContactKey,
PM,vw_RoleContact_History,GPSCRMID,varchar,No Change,vw_RoleContact_History,GPSCRMID,
PM,vw_RoleContact_History,Role,varchar,No Change,vw_RoleContact_History,Role,
PM,vw_RoleContact_History,ContactAlias,varchar,No Change,vw_RoleContact_History,ContactAlias,
PM,vw_RoleContact_History,AssignmentType,varchar,No Change,vw_RoleContact_History,AssignmentType,
PM,vw_RoleContact_History,RowInserted,varchar,No Change,vw_RoleContact_History,RowInserted,
renewals,vw_Fact_EARenewal,AdvisorKey,float,Deprecated,vw_Fact_EARenewal,,
renewals,vw_Fact_EARenewal,CategorySubTypeKey,smallint,Deprecated,vw_Fact_EARenewal,,
renewals,vw_Fact_EARenewal,CustomerGeographyKey,int,Deprecated,vw_Fact_EARenewal,,
renewals,vw_Fact_EARenewal,CustomerKey,int,Deprecated,vw_Fact_EARenewal,,
renewals,vw_Fact_EARenewal,DetailPricingLevelKey,int,Deprecated,vw_Fact_EARenewal,,
renewals,vw_Fact_EARenewal,PartnerOneReportingKey,bigint,Deprecated,vw_Fact_EARenewal,,
renewals,vw_Fact_EARenewal,PrimaryExpirationDateKey,int,Deprecated,vw_Fact_EARenewal,,
renewals,vw_Fact_EARenewal,ProductFamilyKey,int,Deprecated,vw_Fact_EARenewal,,
renewals,vw_Fact_EARenewal,RenewedDateKey,int,Deprecated,vw_Fact_EARenewal,,
renewals,vw_Fact_EARenewal,ResellerKey,float,Deprecated,vw_Fact_EARenewal,,
renewals,vw_Fact_EARenewal,SubSegmentKey,int,Deprecated,vw_Fact_EARenewal,,
renewals,vw_Fact_EARenewal,GeographyKey,bigint,Deprecated,vw_Fact_EARenewal,,
renewals,vw_Fact_EARenewal,AgreementId,varchar,Deprecated,vw_Fact_EARenewal,,
renewals,vw_Fact_EARenewal,AnnualizedRevenueAmountCDWithoutL,float,Deprecated,vw_Fact_EARenewal,,
renewals,vw_Fact_EARenewal,EntranceAnnualizedRevenueAmountCDWithoutL,float,Deprecated,vw_Fact_EARenewal,,
renewals,vw_Fact_EARenewal,IsBitCloud,varchar,Deprecated,vw_Fact_EARenewal,,
renewals,vw_Fact_EARenewal,DataRowType,varchar,Deprecated,vw_Fact_EARenewal,,
renewals,vw_Fact_EARenewal,DealSize,float,Deprecated,vw_Fact_EARenewal,,
renewals,vw_Fact_EARenewal,DealSizeRange,varchar,Deprecated,vw_Fact_EARenewal,,
renewals,vw_Fact_EARenewal,EnrollmentEffectiveDate,date,Deprecated,vw_Fact_EARenewal,,
renewals,vw_Fact_EARenewal,IsExpirationsForIQRR,varchar,Deprecated,vw_Fact_EARenewal,,
renewals,vw_Fact_EARenewal,IsFutureMonth,varchar,Deprecated,vw_Fact_EARenewal,,
renewals,vw_Fact_EARenewal,IsActive,varchar,Deprecated,vw_Fact_EARenewal,,
renewals,vw_Fact_EARenewal,MasterAgreementId,varchar,Deprecated,vw_Fact_EARenewal,,
renewals,vw_Fact_EARenewal,PartnerTpid,bigint,Deprecated,vw_Fact_EARenewal,,
renewals,vw_Fact_EARenewal,PrimaryExpirationDate,date,Deprecated,vw_Fact_EARenewal,,
renewals,vw_Fact_EARenewal,QuarterDifference,smallint,Deprecated,vw_Fact_EARenewal,,
renewals,vw_Fact_EARenewal,QuarterDifferenceExpiration,smallint,Deprecated,vw_Fact_EARenewal,,
renewals,vw_Fact_EARenewal,RenewalsForIQRR,varchar,Deprecated,vw_Fact_EARenewal,,
renewals,vw_Fact_EARenewal,IsShadowAgreement,varchar,Deprecated,vw_Fact_EARenewal,,
renewals,vw_Fact_EARenewal,WasRenewed,varchar,Deprecated,vw_Fact_EARenewal,,
rob,vw_UserBusiness,UserAlias,varchar,No Change,,,
rob,vw_UserBusiness,BusinessID,int,No Change,,,
rob,vw_UserSubsidiary,UserAlias,varchar,No Change,,,
rob,vw_UserSubsidiary,SubsidiaryID,int,No Change,,,
rob,vw_UserSubsidiary,FullSubRegionAccess,int,No Change,,,
rob,vw_UserSubsidiary,FullRegionAccess,int,No Change,,,
rob,vw_UserSubsidiary,FullAreaAccess,int,No Change,,,
rob,vw_Dim_MarketPlace,MarketplaceID,varchar,No Change,,,
rob,vw_Dim_MarketPlace,PublisherID,varchar,No Change,,,
rob,vw_Dim_MarketPlace,OfferID,varchar,No Change,,,
rob,vw_Dim_MarketPlace,PublisherDisplayText,varchar,No Change,,,
rob,vw_Dim_MarketPlace,OfferDisplayText,varchar,No Change,,,
rob,vw_Dim_MarketPlace,PublisherTrackingGUID,varchar,No Change,,,
rob,vw_Dim_MarketPlace,PublisherActiveFlag,varchar,No Change,,,
rob,vw_Dim_MarketPlace,OfferActiveFlag,varchar,No Change,,,
rob,vw_Dim_MarketplaceInvoice,InvoiceKey,bigint,No Change,,,
rob,vw_Dim_MarketplaceInvoice,CustomerId,varchar,No Change,,,
rob,vw_Dim_MarketplaceInvoice,DealId,varchar,No Change,,,
rob,vw_Dim_MarketplaceInvoice,EnrollmentNumber,varchar,No Change,,,
rob,vw_Dim_MarketplaceInvoice,ActionName,varchar,No Change,,,
rob,vw_Dim_MarketplaceInvoice,CSPName,varchar,No Change,,,
rob,vw_Dim_MarketplaceInvoice,CSPTierName,varchar,No Change,,,
rob,vw_Dim_MarketplaceInvoice,DocumentDisplayNumber,varchar,No Change,,,
rob,vw_Dim_MarketplaceInvoice,DocumentTypeName,varchar,No Change,,,
rob,vw_Dim_MarketplaceInvoice,PaymentFamilyName,varchar,No Change,,,
rob,vw_Dim_MarketplaceInvoice,PaymentTypeName,varchar,No Change,,,
rob,vw_Dim_MarketplaceInvoice,TermDescription,varchar,No Change,,,
rob,vw_Dim_MarketplaceInvoice,CSPChannelName,varchar,No Change,,,
rob,vw_Dim_MarketplaceInvoice,IsConsumption,varchar,No Change,,,
rob,vw_Dim_MarketplaceInvoice,IsCSPTransaction,varchar,No Change,,,
rob,vw_Dim_MarketplaceInvoice,BillingPeriodEndDateTime,date,No Change,,,
rob,vw_Dim_MarketplaceInvoice,BillingPeriodStartDateTime,date,No Change,,,
rob,vw_Dim_MarketplaceInvoice,DocumentCreatedDateTime,date,No Change,,,
rob,vw_Dim_MarketplaceInvoice,EventDateTime,date,No Change,,,
rob,vw_Dim_MarketplaceInvoice,PaymentDueDateTime,date,No Change,,,
rob,vw_Dim_MarketplaceInvoice,StoreFront,varchar,No Change,,,
rob,vw_Dim_MarketplaceInvoice,ServicePeriodEndDateTime,date,No Change,,,
rob,vw_Dim_MarketplaceInvoice,ServicePeriodStartDateTime,date,No Change,,,
rob,vw_Dim_MarketplaceInvoice,PrivateOfferIsvPartnerFlag,varchar,No Change,,,
rob,vw_Dim_MarketplaceInvoice,DocumentId,varchar,No Change,,,
rob,vw_Dim_MarketplaceInvoice,LineItemId,varchar,No Change,,,
rob,vw_Dim_MarketplaceInvoice,CSPMPNId,int,No Change,,,
rob,vw_Dim_MarketplaceInvoice,ProductId,varchar,No Change,,,
rob,vw_Dim_MarketplaceInvoice,SkuId,varchar,No Change,,,
rob,vw_Dim_MarketplaceInvoice,PurchaserTPID,int,No Change,,,
rob,vw_Dim_MarketplaceInvoice,PurchaserTPName,varchar,No Change,,,
rob,vw_Dim_MarketplaceInvoice,CountryCode,varchar,No Change,,,
rob,vw_Dim_MarketplaceInvoice,CurrencyCode,varchar,No Change,,,
rob,vw_Dim_MarketplaceInvoice,RefreshDateTime,varchar,No Change,,,
rob,vw_Dim_MarketplaceInvoice,TopTierTransactionFlag,varchar,No Change,,,
rob,vw_Dim_MarketplacePublisher,PublisherKey,bigint,No Change,,,
rob,vw_Dim_MarketplacePublisher,PublisherId,varchar,No Change,,,
rob,vw_Dim_MarketplacePublisher,SellerId,int,No Change,,,
rob,vw_Dim_MarketplacePublisher,SellerMPNId,int,No Change,,,
rob,vw_Dim_MarketplacePublisher,AccountMPNId,int,No Change,,,
rob,vw_Dim_MarketplacePublisher,PublisherName,varchar,No Change,,,
rob,vw_Dim_MarketplacePublisher,PublisherTypeName,varchar,No Change,,,
rob,vw_Dim_MarketplacePublisher,SellerStatusName,varchar,No Change,,,
rob,vw_Dim_Metric,MetricKey,smallint,No Change,,,
rob,vw_Dim_Metric,MetricName,varchar,No Change,,,
rob,vw_Dim_Metric,ContinuumMetricName,varchar,No Change,,,
rob,vw_Dim_Metric,SolutionAreaOrder,smallint,No Change,,,
rob,vw_Dim_Metric,FormatString,varchar,No Change,,,
rob,vw_Dim_Metric,IsSubScorecard,smallint,No Change,,,
rob,vw_Dim_Metric,IsSubScSameAsPartner,smallint,No Change,,,
rob,vw_Dim_Metric,IsEOP,smallint,No Change,,,
rob,vw_Dim_Metric,IsIPT,smallint,No Change,,,
rob,vw_Dim_Metric,URL,varchar,No Change,,,
rob,vw_Dim_Metric,StreamName,varchar,No Change,,,
rob,vw_Dim_Metric,PublishedMonthKey,int,No Change,,,
rob,vw_Dim_Metric,IsRepetitionRequired,varchar,No Change,,,
rob,vw_Dim_Metric,DateKey,int,No Change,,,
rob,vw_Dim_Metric,IAPCategory,varchar,No Change,,,
rob,vw_Dim_Metric,IsInROB,bit,No Change,,,
rob,vw_Dim_Metric,IsInContinuum,bit,No Change,,,
rob,vw_Dim_Metric,PublishedMonthName,varchar,No Change,,,
rob,vw_Dim_Metric,CloseDataAvailability,varchar,No Change,,,
rob,vw_Dim_Metric,MetricDefinition,varchar,No Change,,,
rob,vw_Dim_PricingLevel,DetailPricingLevelID,int,No Change,,,
rob,vw_Dim_PricingLevel,DetailPricingLevelName,varchar,No Change,,,
rob,vw_Dim_PricingLevel,SummaryPricingLevelID,int,No Change,,,
rob,vw_Dim_PricingLevel,SummaryPricingLevelName,varchar,No Change,,,
rob,vw_Dim_PricingLevel,ReportingPricingLevelID,int,No Change,,,
rob,vw_Dim_PricingLevel,ReportingPricingLevelName,varchar,No Change,,,
rob,vw_Dim_PricingLevel,ReportingSummaryPricingLevelID,int,No Change,,,
rob,vw_Dim_PricingLevel,ReportingSummaryPricingLevelName,varchar,No Change,,,
rob,vw_Dim_PricingLevel,PricingLevelID,int,No Change,,,
rob,vw_Dim_PricingLevel,PricingLevelName,varchar,No Change,,,
rob,vw_Dim_PricingLevel,Platform,varchar,No Change,,,
rob,vw_Dim_PricingLevel,SalesMotion,varchar,No Change,,,
rob,vw_Dim_PricingLevel,IsCSP,varchar,No Change,,,
rob,vw_Dim_PricingLevel,IsModernCSP,varchar,No Change,,,
rob,vw_Dim_Product_Detailed,,,New Column,vw_Dim_Product_Detailed,MWCloudSeatFlag,
rob,vw_Dim_Product_Detailed,,,New Column,vw_Dim_Product_Detailed,FieldCommercialWorkload,
rob,vw_Dim_Reseller,ResellerKey,varchar,No Change,,,
rob,vw_Dim_Reseller,ResellerID,varchar,No Change,,,
rob,vw_Dim_Reseller,ResellerName,varchar,No Change,,,
rob,vw_Dim_Reseller,PartnerOneID,int,No Change,,,
rob,vw_Dim_Reseller,PartnerOneName,varchar,No Change,,,
rob,vw_Dim_Reseller,IsPartnerOneLSP,varchar,No Change,,,
rob,vw_Dim_Reseller,UpstreamName,varchar,No Change,,,
rob,vw_Dim_RevSumHierarchy,RevSumDivisionKey,int,No Change,,,
rob,vw_Dim_RevSumHierarchy,RevSumDivisionName,varchar,No Change,,,
rob,vw_Dim_RevSumHierarchy,SuperRevSumDivisionName,varchar,No Change,,,
rob,vw_Dim_RevSumHierarchy,SolutionArea,varchar,No Change,,,
rob,vw_Dim_SalesDistributor,DistributorKey,varchar,No Change,,,
rob,vw_Dim_SalesDistributor,DistributorID,varchar,No Change,,,
rob,vw_Dim_SalesDistributor,DistributorName,varchar,No Change,,,
rob,vw_Dim_SalesDistributor,DistributorGeographyKey,int,No Change,,,
rob,vw_Dim_SalesDistributor,DistributorType,varchar,No Change,,,
rob,vw_Dim_SalesDistributor,IsActiveDistributor,varchar,No Change,,,
rob,vw_Dim_SalesDistributor,IsStrategicDistributor,varchar,No Change,,,
rob,vw_Dim_SalesDistributor,PartnerOneID,int,No Change,,,
rob,vw_Dim_SalesDistributor,PartnerOneName,varchar,No Change,,,
rob,vw_Dim_SalesDistributor,PartnerOneNameID,varchar,No Change,,,
rob,vw_Dim_Segment,SubSegmentKey,int,No Change,,,
rob,vw_Dim_Segment,SubsegmentName,varchar,No Change,,,
rob,vw_Dim_Segment,SegmentID,int,No Change,,,
rob,vw_Dim_Segment,SegmentName,varchar,No Change,,,
rob,vw_Dim_Segment,SummarySegmentID,int,No Change,,,
rob,vw_Dim_Segment,SummarySegmentName,varchar,No Change,,,
rob,vw_Dim_Segment,CustomSummarySubSegment,varchar,No Change,,,
rob,vw_Dim_Segment,CustomSegmentName,varchar,No Change,,,
rob,vw_Dim_Segment,CustomSummarySegmentName,varchar,No Change,,,
rob,vw_Dim_Segment,TopSegment,varchar,No Change,,,
rob,vw_Dim_Segment,CustomSegmentID,int,No Change,,,
rob,vw_Dim_Segment,CustomSummarySegmentSortOrder,int,No Change,,,
rob,vw_Dim_Segment,ReportingCustomSegment,varchar,No Change,,,
rob,vw_Dim_Segment,CustomSummarySubSegmentName,varchar,No Change,,,
rob,vw_Dim_Segment,CustomSummarySegmentScale,varchar,No Change,,,
rob,vw_Dim_ServiceInfluencer,ServiceInfluencerID,int,No Change,,,
rob,vw_Dim_ServiceInfluencer,ServiceInfluencer,varchar,No Change,,,
rob,vw_Dim_Subscription,SubscriptionKey,bigint,No Change,,,
rob,vw_Dim_Subscription,SubscriptionID,varchar,No Change,,,
rob,vw_Dim_Subscription,SubscriptionStartDate,date,No Change,,,
rob,vw_Dim_Subscription,SubscriptionEndDate,date,No Change,,,
rob,vw_Dim_Subscription,SubscriptionStartFiscalMonth,varchar,No Change,,,
rob,vw_Dim_Subscription,SubscriptionStartFiscalMonthID,int,No Change,,,
rob,vw_Dim_Subscription,SubscriptionStartFiscalQuarter,varchar,No Change,,,
rob,vw_Dim_Subscription,SubscriptionStartFiscalYear,varchar,No Change,,,
rob,vw_Dim_Subscription,UnitType,varchar,No Change,,,
rob,vw_Dim_Subscription,UnitStatus,varchar,No Change,,,
rob,vw_Dim_Subscription,HasPOR,varchar,No Change,,,
rob,vw_Dim_Subscription,ChannelMotion,varchar,No Change,,,
rob,vw_Dim_Subscription,IsValidSubscription,varchar,No Change,,,
rob,vw_Dim_Subscription,IsIURSubscription,varchar,No Change,,,
rob,vw_Dim_Tenant,TenantKey,int,No Change,,,
rob,vw_Dim_Tenant,TenantId,varchar,No Change,,,
rob,vw_Dim_Tenant,TenantName,varchar,No Change,,,
rob,vw_Dim_Time,DateKey,int,No Change,,,
rob,vw_Dim_Time,FiscalMonthID,int,No Change,,,
rob,vw_Dim_Time,FiscalQuarterID,int,No Change,,,
rob,vw_Dim_Time,FiscalSemesterID,int,No Change,,,
rob,vw_Dim_Time,FiscalYearID,int,No Change,,,
rob,vw_Dim_Time,FiscalMonthName,varchar,No Change,,,
rob,vw_Dim_Time,FiscalQuarterName,varchar,No Change,,,
rob,vw_Dim_Time,FiscalSemesterName,varchar,No Change,,,
rob,vw_Dim_Time,FiscalYearName,varchar,No Change,,,
rob,vw_Dim_Time,CalendarDate,date,No Change,,,
rob,vw_Dim_Time,CalendarMonthName,varchar,No Change,,,
rob,vw_Dim_Time,FiscalYearMonthName,varchar,No Change,,,
rob,vw_Dim_Time,IsCurrentFiscalYear,varchar,No Change,,,
rob,vw_Dim_Time,IsPublishedMonth,varchar,No Change,,,
rob,vw_Fact_AzureConsumedRevenue,ConsumptionID,bigint,Column Renamed,vw_Fact_AzureConsumedRevenue,AllocationID,
rob,vw_Fact_AzureConsumedRevenue,CustomerID,int,No Change,,,
rob,vw_Fact_AzureConsumedRevenue,FiscalMonthID,int,No Change,,,
rob,vw_Fact_AzureConsumedRevenue,CreditedGeographyID,int,No Change,,,
rob,vw_Fact_AzureConsumedRevenue,SubSegmentID,int,No Change,,,
rob,vw_Fact_AzureConsumedRevenue,AzureStrategicPillarID,int,No Change,,,
rob,vw_Fact_AzureConsumedRevenue,BusinessHierarchy_BusinessID,int,No Change,,,
rob,vw_Fact_AzureConsumedRevenue,FieldGeographyID,int,No Change,,,
rob,vw_Fact_AzureConsumedRevenue,BilledConsumption,decimal,Column Renamed,vw_Fact_AzureConsumedRevenue,"BilledConsumption_INT, BilledConsumption_DEC",
rob,vw_Fact_AzureConsumedRevenue_Detailed,BillingSystemID,int,No Change,,,
rob,vw_Fact_AzureConsumedRevenue_Detailed,AzureServiceLevelID,int,No Change,,,
rob,vw_Fact_AzureConsumedRevenue_Detailed,OfferID,int,No Change,,,
rob,vw_Fact_AzureConsumedRevenue_Detailed,SubscriptionID,bigint,No Change,,,
rob,vw_Fact_AzureConsumedRevenue_Detailed,ACRAdjustmentTypeID,smallint,No Change,,,
rob,vw_Fact_AzureConsumedRevenue_Detailed,ConsumptionID,bigint,Column Renamed,vw_Fact_AzureConsumedRevenue_Detailed,AllocationID,
rob,vw_Fact_AzureConsumedRevenue_Detailed,CustomerID,int,No Change,,,
rob,vw_Fact_AzureConsumedRevenue_Detailed,FiscalMonthID,int,No Change,,,
rob,vw_Fact_AzureConsumedRevenue_Detailed,CreditedGeographyID,int,No Change,,,
rob,vw_Fact_AzureConsumedRevenue_Detailed,SubSegmentID,int,No Change,,,
rob,vw_Fact_AzureConsumedRevenue_Detailed,DetailPricingLevelID,int,No Change,,,
rob,vw_Fact_AzureConsumedRevenue_Detailed,AzureStrategicPillarID,int,No Change,,,
rob,vw_Fact_AzureConsumedRevenue_Detailed,BusinessHierarchy_BusinessID,int,No Change,,,
rob,vw_Fact_AzureConsumedRevenue_Detailed,AZPricingLevel2ID,int,No Change,,,
rob,vw_Fact_AzureConsumedRevenue_Detailed,MarketPlaceID,int,No Change,,,
rob,vw_Fact_AzureConsumedRevenue_Detailed,ChannelMotionID,int,No Change,,,
rob,vw_Fact_AzureConsumedRevenue_Detailed,ComputeOSAttributeID,smallint,No Change,,,
rob,vw_Fact_AzureConsumedRevenue_Detailed,BilledConsumption,decimal,Column Renamed,vw_Fact_AzureConsumedRevenue_Detailed,"BilledConsumption_INT, BilledConsumption_DEC",
rob,vw_Fact_AzureConsumedRevenue_Detailed,ServiceInfluencerID,int,Column Renamed,vw_Fact_AzureConsumedRevenue_Detailed,ServiceInfluencerDetailsId,
rob,vw_Fact_AzureConsumedRevenue_DetailedAIPL,BillingSystemID,int,No Change,,,
rob,vw_Fact_AzureConsumedRevenue_DetailedAIPL,AzureServiceLevelID,int,No Change,,,
rob,vw_Fact_AzureConsumedRevenue_DetailedAIPL,OfferID,int,No Change,,,
rob,vw_Fact_AzureConsumedRevenue_DetailedAIPL,SubscriptionID,bigint,No Change,,,
rob,vw_Fact_AzureConsumedRevenue_DetailedAIPL,ACRAdjustmentTypeID,smallint,No Change,,,
rob,vw_Fact_AzureConsumedRevenue_DetailedAIPL,ConsumptionID,bigint,Column Renamed,vw_Fact_AzureConsumedRevenue_DetailedAIPL,AllocationID,
rob,vw_Fact_AzureConsumedRevenue_DetailedAIPL,CustomerID,int,No Change,,,
rob,vw_Fact_AzureConsumedRevenue_DetailedAIPL,FiscalMonthID,int,No Change,,,
rob,vw_Fact_AzureConsumedRevenue_DetailedAIPL,CreditedGeographyID,int,No Change,,,
rob,vw_Fact_AzureConsumedRevenue_DetailedAIPL,SubSegmentID,int,No Change,,,
rob,vw_Fact_AzureConsumedRevenue_DetailedAIPL,DetailPricingLevelID,int,No Change,,,
rob,vw_Fact_AzureConsumedRevenue_DetailedAIPL,AzureStrategicPillarID,int,No Change,,,
rob,vw_Fact_AzureConsumedRevenue_DetailedAIPL,BusinessHierarchy_BusinessID,int,No Change,,,
rob,vw_Fact_AzureConsumedRevenue_DetailedAIPL,AZPricingLevel2ID,int,No Change,,,
rob,vw_Fact_AzureConsumedRevenue_DetailedAIPL,MarketPlaceID,int,No Change,,,
rob,vw_Fact_AzureConsumedRevenue_DetailedAIPL,ChannelMotionID,int,No Change,,,
rob,vw_Fact_AzureConsumedRevenue_DetailedAIPL,ComputeOSAttributeID,smallint,No Change,,,
rob,vw_Fact_AzureConsumedRevenue_DetailedAIPL,BilledConsumption,decimal,Column Renamed,vw_Fact_AzureConsumedRevenue_DetailedAIPL,"BilledConsumption_INT, BilledConsumption_DEC",
rob,vw_Fact_AzureConsumedRevenue_DetailedAIPL,ServiceInfluencerID,int,Column Renamed,vw_Fact_AzureConsumedRevenue_DetailedAIPL,ServiceInfluencerDetailsId,
rob,vw_Fact_AzureConsumedRevenue_DetailedIPEmbed,BillingSystemID,int,Deprecate,,,
rob,vw_Fact_AzureConsumedRevenue_DetailedIPEmbed,AzureServiceLevelID,int,Deprecate,,,
rob,vw_Fact_AzureConsumedRevenue_DetailedIPEmbed,OfferID,int,Deprecate,,,
rob,vw_Fact_AzureConsumedRevenue_DetailedIPEmbed,SubscriptionID,bigint,Deprecate,,,
rob,vw_Fact_AzureConsumedRevenue_DetailedIPEmbed,ACRAdjustmentTypeID,smallint,Deprecate,,,
rob,vw_Fact_AzureConsumedRevenue_DetailedIPEmbed,ServiceInfluencerID,int,Deprecate,,,
rob,vw_Fact_AzureConsumedRevenue_DetailedIPEmbed,ConsumptionID,bigint,Deprecate,,,
rob,vw_Fact_AzureConsumedRevenue_DetailedIPEmbed,CustomerID,int,Deprecate,,,
rob,vw_Fact_AzureConsumedRevenue_DetailedIPEmbed,FiscalMonthID,int,Deprecate,,,
rob,vw_Fact_AzureConsumedRevenue_DetailedIPEmbed,CreditedGeographyID,int,Deprecate,,,
rob,vw_Fact_AzureConsumedRevenue_DetailedIPEmbed,SubSegmentID,int,Deprecate,,,
rob,vw_Fact_AzureConsumedRevenue_DetailedIPEmbed,DetailPricingLevelID,int,Deprecate,,,
rob,vw_Fact_AzureConsumedRevenue_DetailedIPEmbed,AzureStrategicPillarID,int,Deprecate,,,
rob,vw_Fact_AzureConsumedRevenue_DetailedIPEmbed,BusinessHierarchy_BusinessID,int,Deprecate,,,
rob,vw_Fact_AzureConsumedRevenue_DetailedIPEmbed,AZPricingLevel2ID,int,Deprecate,,,
rob,vw_Fact_AzureConsumedRevenue_DetailedIPEmbed,MarketPlaceID,int,Deprecate,,,
rob,vw_Fact_AzureConsumedRevenue_DetailedIPEmbed,ChannelMotionID,int,Deprecate,,,
rob,vw_Fact_AzureConsumedRevenue_DetailedIPEmbed,ComputeOSAttributeID,smallint,Deprecate,,,
rob,vw_Fact_AzureConsumedRevenue_DetailedIPEmbed,BilledConsumption,decimal,Deprecate,,,
rob,vw_Fact_AzureConsumedRevenue_DetailedIPEmbed,FieldGeographyID,int,Deprecate,,,
rob,vw_Fact_AzureConsumedRevenue_DetailedPAL,BillingSystemID,int,No Change,,,
rob,vw_Fact_AzureConsumedRevenue_DetailedPAL,AzureServiceLevelID,int,No Change,,,
rob,vw_Fact_AzureConsumedRevenue_DetailedPAL,OfferID,int,No Change,,,
rob,vw_Fact_AzureConsumedRevenue_DetailedPAL,SubscriptionID,bigint,No Change,,,
rob,vw_Fact_AzureConsumedRevenue_DetailedPAL,ACRAdjustmentTypeID,smallint,No Change,,,
rob,vw_Fact_AzureConsumedRevenue_DetailedPAL,ConsumptionID,bigint,Column Renamed,vw_Fact_AzureConsumedRevenue_DetailedPAL,AllocationID,
rob,vw_Fact_AzureConsumedRevenue_DetailedPAL,CustomerID,int,No Change,,,
rob,vw_Fact_AzureConsumedRevenue_DetailedPAL,FiscalMonthID,int,No Change,,,
rob,vw_Fact_AzureConsumedRevenue_DetailedPAL,CreditedGeographyID,int,No Change,,,
rob,vw_Fact_AzureConsumedRevenue_DetailedPAL,SubSegmentID,int,No Change,,,
rob,vw_Fact_AzureConsumedRevenue_DetailedPAL,DetailPricingLevelID,int,No Change,,,
rob,vw_Fact_AzureConsumedRevenue_DetailedPAL,AzureStrategicPillarID,int,No Change,,,
rob,vw_Fact_AzureConsumedRevenue_DetailedPAL,BusinessHierarchy_BusinessID,int,No Change,,,
rob,vw_Fact_AzureConsumedRevenue_DetailedPAL,AZPricingLevel2ID,int,No Change,,,
rob,vw_Fact_AzureConsumedRevenue_DetailedPAL,MarketPlaceID,int,No Change,,,
rob,vw_Fact_AzureConsumedRevenue_DetailedPAL,ChannelMotionID,int,No Change,,,
rob,vw_Fact_AzureConsumedRevenue_DetailedPAL,ComputeOSAttributeID,smallint,No Change,,,
rob,vw_Fact_AzureConsumedRevenue_DetailedPAL,BilledConsumption,decimal,Column Renamed,vw_Fact_AzureConsumedRevenue_DetailedPAL,"BilledConsumption_INT, BilledConsumption_DEC",
rob,vw_Fact_AzureConsumedRevenue_DetailedPAL,ServiceInfluencerID,int,Column Renamed,vw_Fact_AzureConsumedRevenue_FRA_Detailed,ServiceInfluencerDetailsId,
rob,vw_Fact_AzureConsumedRevenue_FRA_Detailed,BillingSystemID,int,View Renamed,vw_Fact_AzureConsumedRevenue_Detailed,,
rob,vw_Fact_AzureConsumedRevenue_FRA_Detailed,AzureServiceLevelID,int,View Renamed,vw_Fact_AzureConsumedRevenue_Detailed,,
rob,vw_Fact_AzureConsumedRevenue_FRA_Detailed,OfferID,int,View Renamed,vw_Fact_AzureConsumedRevenue_Detailed,,
rob,vw_Fact_AzureConsumedRevenue_FRA_Detailed,SubscriptionID,bigint,View Renamed,vw_Fact_AzureConsumedRevenue_Detailed,,
rob,vw_Fact_AzureConsumedRevenue_FRA_Detailed,ACRAdjustmentTypeID,smallint,View Renamed,vw_Fact_AzureConsumedRevenue_Detailed,,
rob,vw_Fact_AzureConsumedRevenue_FRA_Detailed,ServiceInfluencerID,int,View Renamed,vw_Fact_AzureConsumedRevenue_Detailed,,
rob,vw_Fact_AzureConsumedRevenue_FRA_Detailed,ConsumptionID,bigint,View Renamed,vw_Fact_AzureConsumedRevenue_Detailed,AllocationID,
rob,vw_Fact_AzureConsumedRevenue_FRA_Detailed,CustomerID,int,View Renamed,vw_Fact_AzureConsumedRevenue_Detailed,,
rob,vw_Fact_AzureConsumedRevenue_FRA_Detailed,FiscalMonthID,int,View Renamed,vw_Fact_AzureConsumedRevenue_Detailed,,
rob,vw_Fact_AzureConsumedRevenue_FRA_Detailed,CreditedGeographyID,int,View Renamed,vw_Fact_AzureConsumedRevenue_Detailed,,
rob,vw_Fact_AzureConsumedRevenue_FRA_Detailed,SubSegmentID,int,View Renamed,vw_Fact_AzureConsumedRevenue_Detailed,,
rob,vw_Fact_AzureConsumedRevenue_FRA_Detailed,DetailPricingLevelID,int,View Renamed,vw_Fact_AzureConsumedRevenue_Detailed,,
rob,vw_Fact_AzureConsumedRevenue_FRA_Detailed,AzureStrategicPillarID,int,View Renamed,vw_Fact_AzureConsumedRevenue_Detailed,,
rob,vw_Fact_AzureConsumedRevenue_FRA_Detailed,BusinessHierarchy_BusinessID,int,View Renamed,vw_Fact_AzureConsumedRevenue_Detailed,,
rob,vw_Fact_AzureConsumedRevenue_FRA_Detailed,AZPricingLevel2ID,int,View Renamed,vw_Fact_AzureConsumedRevenue_Detailed,,
rob,vw_Fact_AzureConsumedRevenue_FRA_Detailed,MarketPlaceID,int,View Renamed,vw_Fact_AzureConsumedRevenue_Detailed,,
rob,vw_Fact_AzureConsumedRevenue_FRA_Detailed,ChannelMotionID,int,View Renamed,vw_Fact_AzureConsumedRevenue_Detailed,,
rob,vw_Fact_AzureConsumedRevenue_FRA_Detailed,ComputeOSAttributeID,smallint,View Renamed,vw_Fact_AzureConsumedRevenue_Detailed,,
rob,vw_Fact_AzureConsumedRevenue_FRA_Detailed,BilledConsumption,decimal,View Renamed,vw_Fact_AzureConsumedRevenue_Detailed,"BilledConsumption_INT, BilledConsumption_DEC",
rob,vw_Fact_AzureConsumedRevenue_FRA_Detailed,RevSumDivisionKey,int,View Renamed,vw_Fact_AzureConsumedRevenue_Detailed,,
rob,vw_Fact_AzureConsumedRevenueAIPL,ConsumptionID,bigint,Column Renamed,vw_Fact_AzureConsumedRevenueAIPL,AllocationID,
rob,vw_Fact_AzureConsumedRevenueAIPL,CustomerID,int,No Change,,,
rob,vw_Fact_AzureConsumedRevenueAIPL,FiscalMonthID,int,No Change,,,
rob,vw_Fact_AzureConsumedRevenueAIPL,AzureServiceLevelID,int,No Change,,,
rob,vw_Fact_AzureConsumedRevenueAIPL,CreditedGeographyID,int,No Change,,,
rob,vw_Fact_AzureConsumedRevenueAIPL,SubSegmentID,int,No Change,,,
rob,vw_Fact_AzureConsumedRevenueAIPL,DetailPricingLevelID,int,No Change,,,
rob,vw_Fact_AzureConsumedRevenueAIPL,AzureStrategicPillarID,int,No Change,,,
rob,vw_Fact_AzureConsumedRevenueAIPL,BusinessHierarchy_BusinessID,int,No Change,,,
rob,vw_Fact_AzureConsumedRevenueAIPL,ACRAdjustmentTypeID,smallint,No Change,,,
rob,vw_Fact_AzureConsumedRevenueAIPL,AZPricingLevel2ID,int,No Change,,,
rob,vw_Fact_AzureConsumedRevenueAIPL,MarketPlaceID,int,No Change,,,
rob,vw_Fact_AzureConsumedRevenueAIPL,ComputeOSAttributeID,smallint,No Change,,,
rob,vw_Fact_AzureConsumedRevenueAIPL,BilledConsumption,decimal,Column Renamed,vw_Fact_AzureConsumedRevenueAIPL,"BilledConsumption_INT, BilledConsumption_DEC",
rob,vw_Fact_AzureConsumedRevenueIPEmbed,ConsumptionID,bigint,Deprecate,,,
rob,vw_Fact_AzureConsumedRevenueIPEmbed,CustomerID,int,Deprecate,,,
rob,vw_Fact_AzureConsumedRevenueIPEmbed,FiscalMonthID,int,Deprecate,,,
rob,vw_Fact_AzureConsumedRevenueIPEmbed,AzureServiceLevelID,int,Deprecate,,,
rob,vw_Fact_AzureConsumedRevenueIPEmbed,CreditedGeographyID,int,Deprecate,,,
rob,vw_Fact_AzureConsumedRevenueIPEmbed,SubSegmentID,int,Deprecate,,,
rob,vw_Fact_AzureConsumedRevenueIPEmbed,DetailPricingLevelID,int,Deprecate,,,
rob,vw_Fact_AzureConsumedRevenueIPEmbed,AzureStrategicPillarID,int,Deprecate,,,
rob,vw_Fact_AzureConsumedRevenueIPEmbed,BusinessHierarchy_BusinessID,int,Deprecate,,,
rob,vw_Fact_AzureConsumedRevenueIPEmbed,ACRAdjustmentTypeID,smallint,Deprecate,,,
rob,vw_Fact_AzureConsumedRevenueIPEmbed,AZPricingLevel2ID,int,Deprecate,,,
rob,vw_Fact_AzureConsumedRevenueIPEmbed,MarketPlaceID,int,Deprecate,,,
rob,vw_Fact_AzureConsumedRevenueIPEmbed,ComputeOSAttributeID,smallint,Deprecate,,,
rob,vw_Fact_AzureConsumedRevenueIPEmbed,BilledConsumption,decimal,Deprecate,,,
rob,vw_Fact_AzureConsumedRevenueIPEmbed,FieldGeographyID,int,Deprecate,,,
rob,vw_Fact_AzureConsumedRevenuePAL,ConsumptionID,bigint,Column Renamed,vw_Fact_AzureConsumedRevenuePAL,AllocationID,
rob,vw_Fact_AzureConsumedRevenuePAL,CustomerID,int,No Change,,,
rob,vw_Fact_AzureConsumedRevenuePAL,FiscalMonthID,int,No Change,,,
rob,vw_Fact_AzureConsumedRevenuePAL,AzureServiceLevelID,int,No Change,,,
rob,vw_Fact_AzureConsumedRevenuePAL,CreditedGeographyID,int,No Change,,,
rob,vw_Fact_AzureConsumedRevenuePAL,SubSegmentID,int,No Change,,,
rob,vw_Fact_AzureConsumedRevenuePAL,DetailPricingLevelID,int,No Change,,,
rob,vw_Fact_AzureConsumedRevenuePAL,AzureStrategicPillarID,int,No Change,,,
rob,vw_Fact_AzureConsumedRevenuePAL,BusinessHierarchy_BusinessID,int,No Change,,,
rob,vw_Fact_AzureConsumedRevenuePAL,ACRAdjustmentTypeID,smallint,No Change,,,
rob,vw_Fact_AzureConsumedRevenuePAL,AZPricingLevel2ID,int,No Change,,,
rob,vw_Fact_AzureConsumedRevenuePAL,MarketPlaceID,int,No Change,,,
rob,vw_Fact_AzureConsumedRevenuePAL,ComputeOSAttributeID,smallint,No Change,,,
rob,vw_Fact_AzureConsumedRevenuePAL,BilledConsumption,decimal,Column Renamed,vw_Fact_AzureConsumedRevenuePAL,"BilledConsumption_INT, BilledConsumption_DEC",
rob,vw_Fact_BilledRevenue,AssociationID,bigint,No Change,,,
rob,vw_Fact_BilledRevenue,FiscalMonthID,int,No Change,,,
rob,vw_Fact_BilledRevenue,CreditedGeographyKey,int,No Change,,,
rob,vw_Fact_BilledRevenue,MSSTPID,int,No Change,,,
rob,vw_Fact_BilledRevenue,ReportedSubSegmentID,int,No Change,,,
rob,vw_Fact_BilledRevenue,RevSumDivisionKey,int,No Change,,,
rob,vw_Fact_BilledRevenue,DetailPricingLevelID,int,No Change,,,
rob,vw_Fact_BilledRevenue,BusinessID,int,No Change,,,
rob,vw_Fact_BilledRevenue,ProgramOfferingID,int,No Change,,,
rob,vw_Fact_BilledRevenue,ProgramOfferingTypeID,int,No Change,,,
rob,vw_Fact_BilledRevenue,ChannelMotionKey,int,No Change,,,
rob,vw_Fact_BilledRevenue,BilledRevenue,decimal,No Change,,,
rob,vw_Fact_BilledRevenue_Detailed,AssociationID,bigint,No Change,,,
rob,vw_Fact_BilledRevenue_Detailed,FiscalMonthID,int,No Change,,,
rob,vw_Fact_BilledRevenue_Detailed,ChannelMotionKey,int,No Change,,,
rob,vw_Fact_BilledRevenue_Detailed,CreditedGeographyKey,int,No Change,,,
rob,vw_Fact_BilledRevenue_Detailed,MSSTPID,int,No Change,,,
rob,vw_Fact_BilledRevenue_Detailed,ReportedSubSegmentID,int,No Change,,,
rob,vw_Fact_BilledRevenue_Detailed,RevSumDivisionKey,int,No Change,,,
rob,vw_Fact_BilledRevenue_Detailed,ProductKey,bigint,No Change,,,
rob,vw_Fact_BilledRevenue_Detailed,SubscriptionKey,bigint,No Change,,,
rob,vw_Fact_BilledRevenue_Detailed,OlServiceFlagKey,int,No Change,,,
rob,vw_Fact_BilledRevenue_Detailed,DetailPricingLevelID,int,No Change,,,
rob,vw_Fact_BilledRevenue_Detailed,BusinessID,int,No Change,,,
rob,vw_Fact_BilledRevenue_Detailed,DetailSalesModelID,int,No Change,,,
rob,vw_Fact_BilledRevenue_Detailed,DetailTransactionTypeId,int,No Change,,,
rob,vw_Fact_BilledRevenue_Detailed,DistributorPartnerID,varchar,No Change,,,
rob,vw_Fact_BilledRevenue_Detailed,SoldSeatsRevenue,decimal,No Change,,,
rob,vw_Fact_BilledRevenue_Detailed,ProgramOfferingID,int,No Change,,,
rob,vw_Fact_BilledRevenue_Detailed,ProgramOfferingTypeID,int,No Change,,,
rob,vw_Fact_BilledRevenueFRA_Detailed,AssociationID,bigint,No Change,,,
rob,vw_Fact_BilledRevenueFRA_Detailed,FiscalMonthID,int,No Change,,,
rob,vw_Fact_BilledRevenueFRA_Detailed,ChannelMotionKey,int,No Change,,,
rob,vw_Fact_BilledRevenueFRA_Detailed,CreditedGeographyKey,int,No Change,,,
rob,vw_Fact_BilledRevenueFRA_Detailed,MSSTPID,int,No Change,,,
rob,vw_Fact_BilledRevenueFRA_Detailed,ReportedSubSegmentID,int,No Change,,,
rob,vw_Fact_BilledRevenueFRA_Detailed,RevSumDivisionKey,int,No Change,,,
rob,vw_Fact_BilledRevenueFRA_Detailed,ProductKey,bigint,No Change,,,
rob,vw_Fact_BilledRevenueFRA_Detailed,SubscriptionKey,bigint,No Change,,,
rob,vw_Fact_BilledRevenueFRA_Detailed,OlServiceFlagKey,int,No Change,,,
rob,vw_Fact_BilledRevenueFRA_Detailed,DetailPricingLevelID,int,No Change,,,
rob,vw_Fact_BilledRevenueFRA_Detailed,BusinessID,int,No Change,,,
rob,vw_Fact_BilledRevenueFRA_Detailed,DetailSalesModelID,int,No Change,,,
rob,vw_Fact_BilledRevenueFRA_Detailed,DetailTransactionTypeId,int,No Change,,,
rob,vw_Fact_BilledRevenueFRA_Detailed,DistributorPartnerID,varchar,No Change,,,
rob,vw_Fact_BilledRevenueFRA_Detailed,SoldSeatsRevenue,decimal,No Change,,,
rob,vw_Fact_BilledRevenueFRA_Detailed,ProgramOfferingID,int,No Change,,,
rob,vw_Fact_BilledRevenueFRA_Detailed,ProgramOfferingTypeID,int,No Change,,,
rob,vw_Fact_CopilotPIIMAUAllUp,CreditedGeographyId,int,Deprecate,,,
rob,vw_Fact_CopilotPIIMAUAllUp,TPID,int,Deprecate,,,
rob,vw_Fact_CopilotPIIMAUAllUp,SubSegmentKey,int,Deprecate,,,
rob,vw_Fact_CopilotPIIMAUAllUp,FiscalMonthID,int,Deprecate,,,
rob,vw_Fact_CopilotPIIMAUAllUp,MetricKey,int,Deprecate,,,
rob,vw_Fact_CopilotPIIMAUAllUp,TotalMAUGrowth,decimal,Deprecate,,,
rob,vw_Fact_CopilotPIIMAUPOne,CreditedGeographyId,int,Deprecate,,,
rob,vw_Fact_CopilotPIIMAUPOne,PartnerOneReportingKey,bigint,Deprecate,,,
rob,vw_Fact_CopilotPIIMAUPOne,TPID,int,Deprecate,,,
rob,vw_Fact_CopilotPIIMAUPOne,SubSegmentKey,int,Deprecate,,,
rob,vw_Fact_CopilotPIIMAUPOne,FiscalMonthID,int,Deprecate,,,
rob,vw_Fact_CopilotPIIMAUPOne,MetricKey,int,Deprecate,,,
rob,vw_Fact_CopilotPIIMAUPOne,TotalMAUGrowth,decimal,Deprecate,,,
rob,vw_Fact_CSPAzureConsumedRevenue_Detailed,BillingSystemID,int,No Change,,,
rob,vw_Fact_CSPAzureConsumedRevenue_Detailed,AzureServiceLevelID,int,No Change,,,
rob,vw_Fact_CSPAzureConsumedRevenue_Detailed,OfferID,int,No Change,,,
rob,vw_Fact_CSPAzureConsumedRevenue_Detailed,SubscriptionID,bigint,No Change,,,
rob,vw_Fact_CSPAzureConsumedRevenue_Detailed,ACRAdjustmentTypeID,smallint,No Change,,,
rob,vw_Fact_CSPAzureConsumedRevenue_Detailed,ConsumptionID,bigint,Column Renamed,vw_Fact_CSPAzureConsumedRevenue_Detailed,AllocationID,
rob,vw_Fact_CSPAzureConsumedRevenue_Detailed,CustomerID,int,No Change,,,
rob,vw_Fact_CSPAzureConsumedRevenue_Detailed,FiscalMonthID,int,No Change,,,
rob,vw_Fact_CSPAzureConsumedRevenue_Detailed,CreditedGeographyID,int,No Change,,,
rob,vw_Fact_CSPAzureConsumedRevenue_Detailed,SubSegmentID,int,No Change,,,
rob,vw_Fact_CSPAzureConsumedRevenue_Detailed,DetailPricingLevelID,int,No Change,,,
rob,vw_Fact_CSPAzureConsumedRevenue_Detailed,AzureStrategicPillarID,int,No Change,,,
rob,vw_Fact_CSPAzureConsumedRevenue_Detailed,BusinessHierarchy_BusinessID,int,No Change,,,
rob,vw_Fact_CSPAzureConsumedRevenue_Detailed,AZPricingLevel2ID,int,No Change,,,
rob,vw_Fact_CSPAzureConsumedRevenue_Detailed,MarketPlaceID,int,No Change,,,
rob,vw_Fact_CSPAzureConsumedRevenue_Detailed,ChannelMotionID,int,No Change,,,
rob,vw_Fact_CSPAzureConsumedRevenue_Detailed,ComputeOSAttributeID,smallint,No Change,,,
rob,vw_Fact_CSPAzureConsumedRevenue_Detailed,BilledConsumption,decimal,Column Renamed,vw_Fact_CSPAzureConsumedRevenue_Detailed,"BilledConsumption_INT, BilledConsumption_DEC",
rob,vw_Fact_CSPAzureConsumedRevenue_Detailed,ServiceInfluencerID,int,Column Renamed,vw_Fact_CSPAzureConsumedRevenue_Detailed,ServiceInfluencerDetailsId,
rob,vw_Fact_CSPCloudFRABilledRevenue_Detailed,AssociationID,bigint,No Change,,,
rob,vw_Fact_CSPCloudFRABilledRevenue_Detailed,FiscalMonthID,int,No Change,,,
rob,vw_Fact_CSPCloudFRABilledRevenue_Detailed,CreditedGeographyKey,int,No Change,,,
rob,vw_Fact_CSPCloudFRABilledRevenue_Detailed,MSSTPID,int,No Change,,,
rob,vw_Fact_CSPCloudFRABilledRevenue_Detailed,ReportedSubSegmentID,int,No Change,,,
rob,vw_Fact_CSPCloudFRABilledRevenue_Detailed,RevSumDivisionKey,int,No Change,,,
rob,vw_Fact_CSPCloudFRABilledRevenue_Detailed,ProductKey,bigint,No Change,,,
rob,vw_Fact_CSPCloudFRABilledRevenue_Detailed,SubscriptionKey,bigint,No Change,,,
rob,vw_Fact_CSPCloudFRABilledRevenue_Detailed,OlServiceFlagKey,int,No Change,,,
rob,vw_Fact_CSPCloudFRABilledRevenue_Detailed,DetailPricingLevelID,int,No Change,,,
rob,vw_Fact_CSPCloudFRABilledRevenue_Detailed,BusinessID,int,No Change,,,
rob,vw_Fact_CSPCloudFRABilledRevenue_Detailed,DetailSalesModelID,int,No Change,,,
rob,vw_Fact_CSPCloudFRABilledRevenue_Detailed,DetailTransactionTypeId,int,No Change,,,
rob,vw_Fact_CSPCloudFRABilledRevenue_Detailed,DistributorPartnerID,varchar,No Change,,,
rob,vw_Fact_CSPCloudFRABilledRevenue_Detailed,ProgramOfferingID,int,No Change,,,
rob,vw_Fact_CSPCloudFRABilledRevenue_Detailed,ProgramOfferingTypeID,int,No Change,,,
rob,vw_Fact_CSPCloudFRABilledRevenue_Detailed,SoldSeatsRevenue,decimal,No Change,,,
rob,vw_Fact_CSPCloudFRABilledRevenue_Detailed,ChannelMotionKey,int,No Change,,,
rob,vw_Fact_CSPCloudFRASMCACR,BillingSystemID,int,Deprecate,,,
rob,vw_Fact_CSPCloudFRASMCACR,AzureServiceLevelID,int,Deprecate,,,
rob,vw_Fact_CSPCloudFRASMCACR,OfferID,int,Deprecate,,,
rob,vw_Fact_CSPCloudFRASMCACR,SubscriptionID,bigint,Deprecate,,,
rob,vw_Fact_CSPCloudFRASMCACR,ACRAdjustmentTypeID,smallint,Deprecate,,,
rob,vw_Fact_CSPCloudFRASMCACR,ServiceInfluencerID,int,Deprecate,,,
rob,vw_Fact_CSPCloudFRASMCACR,ConsumptionID,bigint,Deprecate,,,
rob,vw_Fact_CSPCloudFRASMCACR,CustomerID,int,Deprecate,,,
rob,vw_Fact_CSPCloudFRASMCACR,FiscalMonthID,int,Deprecate,,,
rob,vw_Fact_CSPCloudFRASMCACR,CreditedGeographyID,int,Deprecate,,,
rob,vw_Fact_CSPCloudFRASMCACR,SubSegmentID,int,Deprecate,,,
rob,vw_Fact_CSPCloudFRASMCACR,DetailPricingLevelID,int,Deprecate,,,
rob,vw_Fact_CSPCloudFRASMCACR,AzureStrategicPillarID,int,Deprecate,,,
rob,vw_Fact_CSPCloudFRASMCACR,BusinessHierarchy_BusinessID,int,Deprecate,,,
rob,vw_Fact_CSPCloudFRASMCACR,AZPricingLevel2ID,int,Deprecate,,,
rob,vw_Fact_CSPCloudFRASMCACR,MarketPlaceID,int,Deprecate,,,
rob,vw_Fact_CSPCloudFRASMCACR,ChannelMotionID,int,Deprecate,,,
rob,vw_Fact_CSPCloudFRASMCACR,ComputeOSAttributeID,smallint,Deprecate,,,
rob,vw_Fact_CSPCloudFRASMCACR,BilledConsumption,decimal,Deprecate,,,
rob,vw_Fact_CSPCoPilotSeats,DateKey,int,View Renamed,vw_FactNetPaidSeatAdds,FiscalMonthId,
rob,vw_Fact_CSPCoPilotSeats,CreditedGeographyKey,int,View Renamed,vw_FactNetPaidSeatAdds,CreditedGeographyId,
rob,vw_Fact_CSPCoPilotSeats,SubSegmentKey,int,View Renamed,vw_FactNetPaidSeatAdds,SubSegmentId,
rob,vw_Fact_CSPCoPilotSeats,ProductKey,bigint,View Renamed,vw_FactNetPaidSeatAdds,ProductKey,
rob,vw_Fact_CSPCoPilotSeats,DetailPricingLevelID,int,Deprecate,,,
rob,vw_Fact_CSPCoPilotSeats,AssociationTypeID,int,Deprecate,,,
rob,vw_Fact_CSPCoPilotSeats,PartnerOneReportingKey,bigint,Deprecate,,,
rob,vw_Fact_CSPCoPilotSeats,CustomerKey,int,View Renamed,vw_FactNetPaidSeatAdds,CustomerId,
rob,vw_Fact_CSPCoPilotSeats,CSPCoPilotSeats,decimal,View Renamed,vw_FactNetPaidSeatAdds,CSPCopilotSeats,
rob,vw_Fact_CSPCoPilotSeats,FieldGeographyKey,int,View Renamed,vw_FactNetPaidSeatAdds,FieldGeographyKey,
rob,vw_Fact_E5Usage,E5UsageID,varchar,No Change,,,
rob,vw_Fact_E5Usage,CustomerKey,int,No Change,,,
rob,vw_Fact_E5Usage,FiscalMonthID,int,No Change,,,
rob,vw_Fact_E5Usage,CreditedGeographyKey,int,No Change,,,
rob,vw_Fact_E5Usage,SubSegmentKey,int,No Change,,,
rob,vw_Fact_E5Usage,TenantKey,int,No Change,,,
rob,vw_Fact_E5Usage,ActiveUsage,bigint,No Change,,,
rob,vw_Fact_E5Usage,QualifiedUsage,bigint,No Change,,,
rob,vw_Fact_FieldRevenueAccountability_Detailed,AssociationID,bigint,No Change,,,
rob,vw_Fact_FieldRevenueAccountability_Detailed,FiscalMonthID,int,No Change,,,
rob,vw_Fact_FieldRevenueAccountability_Detailed,CreditedGeographyKey,int,No Change,,,
rob,vw_Fact_FieldRevenueAccountability_Detailed,MSSTPID,int,No Change,,,
rob,vw_Fact_FieldRevenueAccountability_Detailed,ReportedSubSegmentID,int,No Change,,,
rob,vw_Fact_FieldRevenueAccountability_Detailed,RevSumDivisionKey,int,No Change,,,
rob,vw_Fact_FieldRevenueAccountability_Detailed,ProductKey,bigint,No Change,,,
rob,vw_Fact_FieldRevenueAccountability_Detailed,SubscriptionKey,bigint,No Change,,,
rob,vw_Fact_FieldRevenueAccountability_Detailed,OlServiceFlagKey,int,No Change,,,
rob,vw_Fact_FieldRevenueAccountability_Detailed,DetailPricingLevelID,int,No Change,,,
rob,vw_Fact_FieldRevenueAccountability_Detailed,BusinessID,int,No Change,,,
rob,vw_Fact_FieldRevenueAccountability_Detailed,DetailSalesModelID,int,No Change,,,
rob,vw_Fact_FieldRevenueAccountability_Detailed,DetailTransactionTypeId,int,No Change,,,
rob,vw_Fact_FieldRevenueAccountability_Detailed,DistributorPartnerID,varchar,No Change,,,
rob,vw_Fact_FieldRevenueAccountability_Detailed,ProgramOfferingID,int,No Change,,,
rob,vw_Fact_FieldRevenueAccountability_Detailed,ProgramOfferingTypeID,int,No Change,,,
rob,vw_Fact_FieldRevenueAccountability_Detailed,FieldRevenueAccountability,decimal,No Change,,,
rob,vw_Fact_FieldRevenueAccountability_Detailed,ChannelMotionKey,int,No Change,,,
rob,vw_Fact_FieldRevenueAccountabilityBizApps,AssociationID,bigint,No Change,,,
rob,vw_Fact_FieldRevenueAccountabilityBizApps,FiscalMonthID,int,No Change,,,
rob,vw_Fact_FieldRevenueAccountabilityBizApps,CreditedGeographyKey,int,No Change,,,
rob,vw_Fact_FieldRevenueAccountabilityBizApps,MSSTPID,int,No Change,,,
rob,vw_Fact_FieldRevenueAccountabilityBizApps,ReportedSubSegmentID,int,No Change,,,
rob,vw_Fact_FieldRevenueAccountabilityBizApps,RevSumDivisionKey,int,No Change,,,
rob,vw_Fact_FieldRevenueAccountabilityBizApps,ProductKey,bigint,No Change,,,
rob,vw_Fact_FieldRevenueAccountabilityBizApps,SubscriptionKey,bigint,No Change,,,
rob,vw_Fact_FieldRevenueAccountabilityBizApps,OlServiceFlagKey,int,No Change,,,
rob,vw_Fact_FieldRevenueAccountabilityBizApps,DetailPricingLevelID,int,No Change,,,
rob,vw_Fact_FieldRevenueAccountabilityBizApps,BusinessID,int,No Change,,,
rob,vw_Fact_FieldRevenueAccountabilityBizApps,DetailSalesModelID,int,No Change,,,
rob,vw_Fact_FieldRevenueAccountabilityBizApps,DetailTransactionTypeId,int,No Change,,,
rob,vw_Fact_FieldRevenueAccountabilityBizApps,DistributorPartnerID,varchar,No Change,,,
rob,vw_Fact_FieldRevenueAccountabilityBizApps,ProgramOfferingID,int,No Change,,,
rob,vw_Fact_FieldRevenueAccountabilityBizApps,ProgramOfferingTypeID,int,No Change,,,
rob,vw_Fact_FieldRevenueAccountabilityBizApps,FieldRevenueAccountability,decimal,No Change,,,
rob,vw_Fact_FieldRevenueAccountabilityBizApps,ChannelMotionKey,int,No Change,,,
rob,vw_Fact_FieldRevenueAccountabilityMW,AssociationID,bigint,No Change,,,
rob,vw_Fact_FieldRevenueAccountabilityMW,FiscalMonthID,int,No Change,,,
rob,vw_Fact_FieldRevenueAccountabilityMW,CreditedGeographyKey,int,No Change,,,
rob,vw_Fact_FieldRevenueAccountabilityMW,MSSTPID,int,No Change,,,
rob,vw_Fact_FieldRevenueAccountabilityMW,ReportedSubSegmentID,int,No Change,,,
rob,vw_Fact_FieldRevenueAccountabilityMW,RevSumDivisionKey,int,No Change,,,
rob,vw_Fact_FieldRevenueAccountabilityMW,ProductKey,bigint,No Change,,,
rob,vw_Fact_FieldRevenueAccountabilityMW,SubscriptionKey,bigint,No Change,,,
rob,vw_Fact_FieldRevenueAccountabilityMW,OlServiceFlagKey,int,No Change,,,
rob,vw_Fact_FieldRevenueAccountabilityMW,DetailPricingLevelID,int,No Change,,,
rob,vw_Fact_FieldRevenueAccountabilityMW,BusinessID,int,No Change,,,
rob,vw_Fact_FieldRevenueAccountabilityMW,DetailSalesModelID,int,No Change,,,
rob,vw_Fact_FieldRevenueAccountabilityMW,DetailTransactionTypeId,int,No Change,,,
rob,vw_Fact_FieldRevenueAccountabilityMW,DistributorPartnerID,varchar,No Change,,,
rob,vw_Fact_FieldRevenueAccountabilityMW,ProgramOfferingID,int,No Change,,,
rob,vw_Fact_FieldRevenueAccountabilityMW,ProgramOfferingTypeID,int,No Change,,,
rob,vw_Fact_FieldRevenueAccountabilityMW,FieldRevenueAccountability,decimal,No Change,,,
rob,vw_Fact_FieldRevenueAccountabilityMW,ChannelMotionKey,int,No Change,,,
rob,vw_Fact_FieldRevenueAccountabilityMWSec,AssociationID,bigint,No Change,,,
rob,vw_Fact_FieldRevenueAccountabilityMWSec,FiscalMonthID,int,No Change,,,
rob,vw_Fact_FieldRevenueAccountabilityMWSec,CreditedGeographyKey,int,No Change,,,
rob,vw_Fact_FieldRevenueAccountabilityMWSec,MSSTPID,int,No Change,,,
rob,vw_Fact_FieldRevenueAccountabilityMWSec,ReportedSubSegmentID,int,No Change,,,
rob,vw_Fact_FieldRevenueAccountabilityMWSec,RevSumDivisionKey,int,No Change,,,
rob,vw_Fact_FieldRevenueAccountabilityMWSec,ProductKey,bigint,No Change,,,
rob,vw_Fact_FieldRevenueAccountabilityMWSec,SubscriptionKey,bigint,No Change,,,
rob,vw_Fact_FieldRevenueAccountabilityMWSec,OlServiceFlagKey,int,No Change,,,
rob,vw_Fact_FieldRevenueAccountabilityMWSec,DetailPricingLevelID,int,No Change,,,
rob,vw_Fact_FieldRevenueAccountabilityMWSec,BusinessID,int,No Change,,,
rob,vw_Fact_FieldRevenueAccountabilityMWSec,DetailSalesModelID,int,No Change,,,
rob,vw_Fact_FieldRevenueAccountabilityMWSec,DetailTransactionTypeId,int,No Change,,,
rob,vw_Fact_FieldRevenueAccountabilityMWSec,DistributorPartnerID,varchar,No Change,,,
rob,vw_Fact_FieldRevenueAccountabilityMWSec,ProgramOfferingID,int,No Change,,,
rob,vw_Fact_FieldRevenueAccountabilityMWSec,ProgramOfferingTypeID,int,No Change,,,
rob,vw_Fact_FieldRevenueAccountabilityMWSec,FieldRevenueAccountability,decimal,No Change,,,
rob,vw_Fact_FieldRevenueAccountabilityMWSec,ChannelMotionKey,int,No Change,,,
rob,vw_Fact_FieldRevenueAccountabilityOthers,AssociationID,bigint,No Change,,,
rob,vw_Fact_FieldRevenueAccountabilityOthers,FiscalMonthID,int,No Change,,,
rob,vw_Fact_FieldRevenueAccountabilityOthers,CreditedGeographyKey,int,No Change,,,
rob,vw_Fact_FieldRevenueAccountabilityOthers,MSSTPID,int,No Change,,,
rob,vw_Fact_FieldRevenueAccountabilityOthers,ReportedSubSegmentID,int,No Change,,,
rob,vw_Fact_FieldRevenueAccountabilityOthers,RevSumDivisionKey,int,No Change,,,
rob,vw_Fact_FieldRevenueAccountabilityOthers,ProductKey,bigint,No Change,,,
rob,vw_Fact_FieldRevenueAccountabilityOthers,SubscriptionKey,bigint,No Change,,,
rob,vw_Fact_FieldRevenueAccountabilityOthers,OlServiceFlagKey,int,No Change,,,
rob,vw_Fact_FieldRevenueAccountabilityOthers,DetailPricingLevelID,int,No Change,,,
rob,vw_Fact_FieldRevenueAccountabilityOthers,BusinessID,int,No Change,,,
rob,vw_Fact_FieldRevenueAccountabilityOthers,DetailSalesModelID,int,No Change,,,
rob,vw_Fact_FieldRevenueAccountabilityOthers,DetailTransactionTypeId,int,No Change,,,
rob,vw_Fact_FieldRevenueAccountabilityOthers,DistributorPartnerID,varchar,No Change,,,
rob,vw_Fact_FieldRevenueAccountabilityOthers,ProgramOfferingID,int,No Change,,,
rob,vw_Fact_FieldRevenueAccountabilityOthers,ProgramOfferingTypeID,int,No Change,,,
rob,vw_Fact_FieldRevenueAccountabilityOthers,FieldRevenueAccountability,decimal,No Change,,,
rob,vw_Fact_FieldRevenueAccountabilityOthers,ChannelMotionKey,int,No Change,,,
rob,vw_Fact_FieldRevenueAccountabilitySec,AssociationID,bigint,No Change,,,
rob,vw_Fact_FieldRevenueAccountabilitySec,FiscalMonthID,int,No Change,,,
rob,vw_Fact_FieldRevenueAccountabilitySec,CreditedGeographyKey,int,No Change,,,
rob,vw_Fact_FieldRevenueAccountabilitySec,MSSTPID,int,No Change,,,
rob,vw_Fact_FieldRevenueAccountabilitySec,ReportedSubSegmentID,int,No Change,,,
rob,vw_Fact_FieldRevenueAccountabilitySec,RevSumDivisionKey,int,No Change,,,
rob,vw_Fact_FieldRevenueAccountabilitySec,ProductKey,bigint,No Change,,,
rob,vw_Fact_FieldRevenueAccountabilitySec,SubscriptionKey,bigint,No Change,,,
rob,vw_Fact_FieldRevenueAccountabilitySec,OlServiceFlagKey,int,No Change,,,
rob,vw_Fact_FieldRevenueAccountabilitySec,DetailPricingLevelID,int,No Change,,,
rob,vw_Fact_FieldRevenueAccountabilitySec,BusinessID,int,No Change,,,
rob,vw_Fact_FieldRevenueAccountabilitySec,DetailSalesModelID,int,No Change,,,
rob,vw_Fact_FieldRevenueAccountabilitySec,DetailTransactionTypeId,int,No Change,,,
rob,vw_Fact_FieldRevenueAccountabilitySec,DistributorPartnerID,varchar,No Change,,,
rob,vw_Fact_FieldRevenueAccountabilitySec,ProgramOfferingID,int,No Change,,,
rob,vw_Fact_FieldRevenueAccountabilitySec,ProgramOfferingTypeID,int,No Change,,,
rob,vw_Fact_FieldRevenueAccountabilitySec,FieldRevenueAccountability,decimal,No Change,,,
rob,vw_Fact_FieldRevenueAccountabilitySec,ChannelMotionKey,int,No Change,,,
rob,vw_Fact_IPCoSell,CreditedGeographyKey,int,No Change,,,
rob,vw_Fact_IPCoSell,FiscalMonthId,int,No Change,,,
rob,vw_Fact_IPCoSell,SubSegmentKey,int,No Change,,,
rob,vw_Fact_IPCoSell,CustomerKey,int,No Change,,,
rob,vw_Fact_IPCoSell,PartnerOneReportingKey,bigint,No Change,,,
rob,vw_Fact_IPCoSell,PartnerDealId,varchar,No Change,,,
rob,vw_Fact_IPCoSell,DealRegACR,float,No Change,,,
rob,vw_Fact_IPCoSell,FieldGeographyKey,int,No Change,,,
rob,vw_Fact_IPT,PINKey,bigint,No Change,,,
rob,vw_Fact_IPT,IsGlobal,int,No Change,,,
rob,vw_Fact_IPT,IsConsideredAtWW,int,No Change,,,
rob,vw_Fact_IPT,IsConsideredAtArea,int,No Change,,,
rob,vw_Fact_IPT,IsConsideredAtRegion,int,No Change,,,
rob,vw_Fact_IPT,IsConsideredAtSubRegion,int,No Change,,,
rob,vw_Fact_IPT,IsConsideredAtSubsidiary,int,No Change,,,
rob,vw_Fact_IPT,IsAggregate,int,No Change,,,
rob,vw_Fact_IPT,MetricKey,int,No Change,,,
rob,vw_Fact_IPT,PartnerOneID,varchar,No Change,,,
rob,vw_Fact_IPT,PartnerOneReportingKey,bigint,No Change,,,
rob,vw_Fact_IPT,ReportingGeographyKey,int,No Change,,,
rob,vw_Fact_IPT,PartnerSegment,varchar,No Change,,,
rob,vw_Fact_IPT,PartnerSubSegment,varchar,No Change,,,
rob,vw_Fact_IPT,AccountImpactJuly,bigint,No Change,,,
rob,vw_Fact_IPT,AccountImpactAugust,bigint,No Change,,,
rob,vw_Fact_IPT,AccountImpactSeptember,bigint,No Change,,,
rob,vw_Fact_IPT,AccountImpactOctober,bigint,No Change,,,
rob,vw_Fact_IPT,AccountImpactNovember,bigint,No Change,,,
rob,vw_Fact_IPT,AccountImpactDecember,bigint,No Change,,,
rob,vw_Fact_IPT,AccountImpactJanuary,bigint,No Change,,,
rob,vw_Fact_IPT,AccountImpactFebruary,bigint,No Change,,,
rob,vw_Fact_IPT,AccountImpactMarch,bigint,No Change,,,
rob,vw_Fact_IPT,AccountImpactApril,bigint,No Change,,,
rob,vw_Fact_IPT,AccountImpactMay,bigint,No Change,,,
rob,vw_Fact_IPT,AccountImpactJune,bigint,No Change,,,
rob,vw_Fact_IPT,TotalPIN,bigint,No Change,,,
rob,vw_Fact_IPT,AccountImpactJulyQTD,bigint,No Change,,,
rob,vw_Fact_IPT,AccountImpactAugustQTD,bigint,No Change,,,
rob,vw_Fact_IPT,AccountImpactSeptemberQTD,bigint,No Change,,,
rob,vw_Fact_IPT,AccountImpactOctoberQTD,bigint,No Change,,,
rob,vw_Fact_IPT,AccountImpactNovemberQTD,bigint,No Change,,,
rob,vw_Fact_IPT,AccountImpactDecemberQTD,bigint,No Change,,,
rob,vw_Fact_IPT,AccountImpactJanuaryQTD,bigint,No Change,,,
rob,vw_Fact_IPT,AccountImpactFebruaryQTD,bigint,No Change,,,
rob,vw_Fact_IPT,AccountImpactMarchQTD,bigint,No Change,,,
rob,vw_Fact_IPT,AccountImpactAprilQTD,bigint,No Change,,,
rob,vw_Fact_IPT,AccountImpactMayQTD,bigint,No Change,,,
rob,vw_Fact_IPT,AccountImpactJuneQTD,bigint,No Change,,,
rob,vw_Fact_IPT,AccountImpactJulyYTD,bigint,No Change,,,
rob,vw_Fact_IPT,AccountImpactAugustYTD,bigint,No Change,,,
rob,vw_Fact_IPT,AccountImpactSeptemberYTD,bigint,No Change,,,
rob,vw_Fact_IPT,AccountImpactOctoberYTD,bigint,No Change,,,
rob,vw_Fact_IPT,AccountImpactNovemberYTD,bigint,No Change,,,
rob,vw_Fact_IPT,AccountImpactDecemberYTD,bigint,No Change,,,
rob,vw_Fact_IPT,AccountImpactJanuaryYTD,bigint,No Change,,,
rob,vw_Fact_IPT,AccountImpactFebruaryYTD,bigint,No Change,,,
rob,vw_Fact_IPT,AccountImpactMarchYTD,bigint,No Change,,,
rob,vw_Fact_IPT,AccountImpactAprilYTD,bigint,No Change,,,
rob,vw_Fact_IPT,AccountImpactMayYTD,bigint,No Change,,,
rob,vw_Fact_IPT,AccountImpactJuneYTD,bigint,No Change,,,
rob,vw_Fact_ISVBizAppCloudBilledRevenue,PartnerAssociationMethodMapKey,int,Deprecate,,,
rob,vw_Fact_ISVBizAppCloudBilledRevenue,TPAccountKey,int,Deprecate,,,
rob,vw_Fact_ISVBizAppCloudBilledRevenue,SubscriptionKey,bigint,Deprecate,,,
rob,vw_Fact_ISVBizAppCloudBilledRevenue,DateKey,int,Deprecate,,,
rob,vw_Fact_ISVBizAppCloudBilledRevenue,OfferKey,bigint,Deprecate,,,
rob,vw_Fact_ISVBizAppCloudBilledRevenue,TenantKey,int,Deprecate,,,
rob,vw_Fact_ISVBizAppCloudBilledRevenue,CustomerSegmentKey,int,Deprecate,,,
rob,vw_Fact_ISVBizAppCloudBilledRevenue,CreditedGeographyKey,int,Deprecate,,,
rob,vw_Fact_ISVBizAppCloudBilledRevenue,SubSegmentKey,int,Deprecate,,,
rob,vw_Fact_ISVBizAppCloudBilledRevenue,FieldGeographyKey,int,Deprecate,,,
rob,vw_Fact_ISVBizAppCloudBilledRevenue,CustomerKey,int,Deprecate,,,
rob,vw_Fact_ISVBizAppCloudBilledRevenue,ProductKey,int,Deprecate,,,
rob,vw_Fact_ISVBizAppCloudBilledRevenue,BilledRevenue,float,Deprecate,,,
rob,vw_Fact_ISVBizAppCloudBilledRevenue,FiscalMonthID,int,Deprecate,,,
rob,vw_Fact_ISVBizAppCloudBilledRevenue,IsRoB,int,Deprecate,,,
rob,vw_Fact_ISVMarketplaceAzureConsumedRevenue_Detailed,BillingSystemID,int,Deprecate,,,
rob,vw_Fact_ISVMarketplaceAzureConsumedRevenue_Detailed,AzureServiceLevelID,int,Deprecate,,,
rob,vw_Fact_ISVMarketplaceAzureConsumedRevenue_Detailed,OfferID,int,Deprecate,,,
rob,vw_Fact_ISVMarketplaceAzureConsumedRevenue_Detailed,SubscriptionID,bigint,Deprecate,,,
rob,vw_Fact_ISVMarketplaceAzureConsumedRevenue_Detailed,ACRAdjustmentTypeID,smallint,Deprecate,,,
rob,vw_Fact_ISVMarketplaceAzureConsumedRevenue_Detailed,ServiceInfluencerID,int,Deprecate,,,
rob,vw_Fact_ISVMarketplaceAzureConsumedRevenue_Detailed,ConsumptionID,bigint,Deprecate,,,
rob,vw_Fact_ISVMarketplaceAzureConsumedRevenue_Detailed,CustomerID,int,Deprecate,,,
rob,vw_Fact_ISVMarketplaceAzureConsumedRevenue_Detailed,FiscalMonthID,int,Deprecate,,,
rob,vw_Fact_ISVMarketplaceAzureConsumedRevenue_Detailed,CreditedGeographyID,int,Deprecate,,,
rob,vw_Fact_ISVMarketplaceAzureConsumedRevenue_Detailed,SubSegmentID,int,Deprecate,,,
rob,vw_Fact_ISVMarketplaceAzureConsumedRevenue_Detailed,DetailPricingLevelID,int,Deprecate,,,
rob,vw_Fact_ISVMarketplaceAzureConsumedRevenue_Detailed,AzureStrategicPillarID,int,Deprecate,,,
rob,vw_Fact_ISVMarketplaceAzureConsumedRevenue_Detailed,BusinessHierarchy_BusinessID,int,Deprecate,,,
rob,vw_Fact_ISVMarketplaceAzureConsumedRevenue_Detailed,AZPricingLevel2ID,int,Deprecate,,,
rob,vw_Fact_ISVMarketplaceAzureConsumedRevenue_Detailed,MarketPlaceID,int,Deprecate,,,
rob,vw_Fact_ISVMarketplaceAzureConsumedRevenue_Detailed,ChannelMotionID,int,Deprecate,,,
rob,vw_Fact_ISVMarketplaceAzureConsumedRevenue_Detailed,ComputeOSAttributeID,smallint,Deprecate,,,
rob,vw_Fact_ISVMarketplaceAzureConsumedRevenue_Detailed,BilledConsumption,decimal,Deprecate,,,
rob,vw_Fact_ISVSMBPAECAzureConsumedRevenue,ConsumptionID,bigint,Deprecate,,,
rob,vw_Fact_ISVSMBPAECAzureConsumedRevenue,CustomerID,int,Deprecate,,,
rob,vw_Fact_ISVSMBPAECAzureConsumedRevenue,FiscalMonthID,int,Deprecate,,,
rob,vw_Fact_ISVSMBPAECAzureConsumedRevenue,AzureServiceLevelID,int,Deprecate,,,
rob,vw_Fact_ISVSMBPAECAzureConsumedRevenue,CreditedGeographyID,int,Deprecate,,,
rob,vw_Fact_ISVSMBPAECAzureConsumedRevenue,SubSegmentID,int,Deprecate,,,
rob,vw_Fact_ISVSMBPAECAzureConsumedRevenue,DetailPricingLevelID,int,Deprecate,,,
rob,vw_Fact_ISVSMBPAECAzureConsumedRevenue,AzureStrategicPillarID,int,Deprecate,,,
rob,vw_Fact_ISVSMBPAECAzureConsumedRevenue,BusinessHierarchy_BusinessID,int,Deprecate,,,
rob,vw_Fact_ISVSMBPAECAzureConsumedRevenue,ACRAdjustmentTypeID,smallint,Deprecate,,,
rob,vw_Fact_ISVSMBPAECAzureConsumedRevenue,AZPricingLevel2ID,int,Deprecate,,,
rob,vw_Fact_ISVSMBPAECAzureConsumedRevenue,MarketPlaceID,int,Deprecate,,,
rob,vw_Fact_ISVSMBPAECAzureConsumedRevenue,ComputeOSAttributeID,smallint,Deprecate,,,
rob,vw_Fact_ISVSMBPAECAzureConsumedRevenue,BilledConsumption,decimal,Deprecate,,,
rob,vw_Fact_ISVSMBPAECAzureConsumedRevenue_Detailed,BillingSystemID,int,Deprecate,,,
rob,vw_Fact_ISVSMBPAECAzureConsumedRevenue_Detailed,AzureServiceLevelID,int,Deprecate,,,
rob,vw_Fact_ISVSMBPAECAzureConsumedRevenue_Detailed,OfferID,int,Deprecate,,,
rob,vw_Fact_ISVSMBPAECAzureConsumedRevenue_Detailed,SubscriptionID,bigint,Deprecate,,,
rob,vw_Fact_ISVSMBPAECAzureConsumedRevenue_Detailed,ACRAdjustmentTypeID,smallint,Deprecate,,,
rob,vw_Fact_ISVSMBPAECAzureConsumedRevenue_Detailed,ServiceInfluencerID,int,Deprecate,,,
rob,vw_Fact_ISVSMBPAECAzureConsumedRevenue_Detailed,ConsumptionID,bigint,Deprecate,,,
rob,vw_Fact_ISVSMBPAECAzureConsumedRevenue_Detailed,CustomerID,int,Deprecate,,,
rob,vw_Fact_ISVSMBPAECAzureConsumedRevenue_Detailed,FiscalMonthID,int,Deprecate,,,
rob,vw_Fact_ISVSMBPAECAzureConsumedRevenue_Detailed,CreditedGeographyID,int,Deprecate,,,
rob,vw_Fact_ISVSMBPAECAzureConsumedRevenue_Detailed,SubSegmentID,int,Deprecate,,,
rob,vw_Fact_ISVSMBPAECAzureConsumedRevenue_Detailed,DetailPricingLevelID,int,Deprecate,,,
rob,vw_Fact_ISVSMBPAECAzureConsumedRevenue_Detailed,AzureStrategicPillarID,int,Deprecate,,,
rob,vw_Fact_ISVSMBPAECAzureConsumedRevenue_Detailed,BusinessHierarchy_BusinessID,int,Deprecate,,,
rob,vw_Fact_ISVSMBPAECAzureConsumedRevenue_Detailed,AZPricingLevel2ID,int,Deprecate,,,
rob,vw_Fact_ISVSMBPAECAzureConsumedRevenue_Detailed,MarketPlaceID,int,Deprecate,,,
rob,vw_Fact_ISVSMBPAECAzureConsumedRevenue_Detailed,ChannelMotionID,int,Deprecate,,,
rob,vw_Fact_ISVSMBPAECAzureConsumedRevenue_Detailed,ComputeOSAttributeID,smallint,Deprecate,,,
rob,vw_Fact_ISVSMBPAECAzureConsumedRevenue_Detailed,BilledConsumption,decimal,Deprecate,,,
rob,vw_Bridge_AzureConsumedRevenue,ConsumptionID,bigint,Column Renamed,vw_Bridge_AzureConsumedRevenue,AllocationID,
rob,vw_Bridge_AzureConsumedRevenue,PartnerOneReportingKey,bigint,No Change,,,
rob,vw_Bridge_AzureConsumedRevenue,PercentAllocation,decimal,No Change,,,
rob,vw_Fact_MarketplaceBilledSales,PartnerOneID,int,No Change,,,
rob,vw_Fact_MarketplaceBilledSales,MarketplaceOfferKey,bigint,No Change,,,
rob,vw_Fact_MarketplaceBilledSales,InvoiceKey,bigint,No Change,,,
rob,vw_Fact_MarketplaceBilledSales,PublisherKey,bigint,No Change,,,
rob,vw_Fact_MarketplaceBilledSales,FiscalMonthId,int,No Change,,,
rob,vw_Fact_MarketplaceBilledSales,PartnerDealKey,bigint,Deprecate,,,
rob,vw_Fact_MarketplaceBilledSales,SubSegmentKey,int,No Change,,,
rob,vw_Fact_MarketplaceBilledSales,PartnerOneReportingKey,bigint,No Change,,,
rob,vw_Fact_MarketplaceBilledSales,TotalPriceCDAmount,decimal,No Change,,,
rob,vw_Fact_MarketplaceBilledSales,DocumentID,varchar,No Change,,,
rob,vw_Fact_MarketplaceBilledSales,ProductID,varchar,No Change,,,
rob,vw_Fact_MarketplaceBilledSales,ServicePeriodDuration,int,No Change,,,
rob,vw_Fact_MarketplaceBilledSales,TPAccountID,int,No Change,,,
rob,vw_Fact_MarketplaceBilledSales,FieldGeographyKey,int,No Change,,,
rob,vw_Fact_MarketplaceBilledSales_Partner,PartnerOneID,int,No Change,,,
rob,vw_Fact_MarketplaceBilledSales_Partner,MarketplaceOfferKey,bigint,No Change,,,
rob,vw_Fact_MarketplaceBilledSales_Partner,InvoiceKey,bigint,No Change,,,
rob,vw_Fact_MarketplaceBilledSales_Partner,PublisherKey,bigint,No Change,,,
rob,vw_Fact_MarketplaceBilledSales_Partner,FiscalMonthId,int,No Change,,,
rob,vw_Fact_MarketplaceBilledSales_Partner,PartnerDealKey,bigint,Deprecate,,,
rob,vw_Fact_MarketplaceBilledSales_Partner,TPAccountID,int,No Change,,,
rob,vw_Fact_MarketplaceBilledSales_Partner,SubSegmentKey,int,No Change,,,
rob,vw_Fact_MarketplaceBilledSales_Partner,CreditedGeographyKey,bigint,No Change,,,
rob,vw_Fact_MarketplaceBilledSales_Partner,PartnerOneReportingKey,bigint,No Change,,,
rob,vw_Fact_MarketplaceBilledSales_Partner,TotalPriceCDAmount,decimal,No Change,,,
rob,vw_Fact_MarketplaceBilledSales_Partner,DocumentID,varchar,No Change,,,
rob,vw_Fact_MarketplaceBilledSales_Partner,ProductID,varchar,No Change,,,
rob,vw_Fact_MarketplaceBilledSales_Partner,ServicePeriodDuration,int,No Change,,,
rob,vw_Fact_ME3BilledRevenue,AssociationID,bigint,Deprecate,,,
rob,vw_Fact_ME3BilledRevenue,FiscalMonthID,int,Deprecate,,,
rob,vw_Fact_ME3BilledRevenue,CreditedGeographyKey,int,Deprecate,,,
rob,vw_Fact_ME3BilledRevenue,MSSTPID,int,Deprecate,,,
rob,vw_Fact_ME3BilledRevenue,ReportedSubSegmentID,int,Deprecate,,,
rob,vw_Fact_ME3BilledRevenue,RevSumDivisionKey,int,Deprecate,,,
rob,vw_Fact_ME3BilledRevenue,DetailPricingLevelID,int,Deprecate,,,
rob,vw_Fact_ME3BilledRevenue,BusinessID,int,Deprecate,,,
rob,vw_Fact_ME3BilledRevenue,ProgramOfferingID,int,Deprecate,,,
rob,vw_Fact_ME3BilledRevenue,ProgramOfferingTypeID,int,Deprecate,,,
rob,vw_Fact_ME3BilledRevenue,BilledRevenue,decimal,Deprecate,,,
rob,vw_Fact_ME3BilledRevenue_Detailed,AssociationID,bigint,Deprecate,,,
rob,vw_Fact_ME3BilledRevenue_Detailed,FiscalMonthID,int,Deprecate,,,
rob,vw_Fact_ME3BilledRevenue_Detailed,CreditedGeographyKey,int,Deprecate,,,
rob,vw_Fact_ME3BilledRevenue_Detailed,MSSTPID,int,Deprecate,,,
rob,vw_Fact_ME3BilledRevenue_Detailed,ReportedSubSegmentID,int,Deprecate,,,
rob,vw_Fact_ME3BilledRevenue_Detailed,RevSumDivisionKey,int,Deprecate,,,
rob,vw_Fact_ME3BilledRevenue_Detailed,ProductKey,bigint,Deprecate,,,
rob,vw_Fact_ME3BilledRevenue_Detailed,SubscriptionKey,bigint,Deprecate,,,
rob,vw_Fact_ME3BilledRevenue_Detailed,OlServiceFlagKey,int,Deprecate,,,
rob,vw_Fact_ME3BilledRevenue_Detailed,DetailPricingLevelID,int,Deprecate,,,
rob,vw_Fact_ME3BilledRevenue_Detailed,BusinessID,int,Deprecate,,,
rob,vw_Fact_ME3BilledRevenue_Detailed,DetailSalesModelID,int,Deprecate,,,
rob,vw_Fact_ME3BilledRevenue_Detailed,DetailTransactionTypeId,int,Deprecate,,,
rob,vw_Fact_ME3BilledRevenue_Detailed,DistributorPartnerID,varchar,Deprecate,,,
rob,vw_Fact_ME3BilledRevenue_Detailed,ProgramOfferingID,int,Deprecate,,,
rob,vw_Fact_ME3BilledRevenue_Detailed,ProgramOfferingTypeID,int,Deprecate,,,
rob,vw_Fact_ME3BilledRevenue_Detailed,ChannelMotionKey,int,Deprecate,,,
rob,vw_Fact_ME3BilledRevenue_Detailed,SoldSeatsRevenue,decimal,Deprecate,,,
rob,vw_Fact_ME3BilledRevenueExclStrategic_Detailed,AssociationID,bigint,Deprecate,,,
rob,vw_Fact_ME3BilledRevenueExclStrategic_Detailed,FiscalMonthID,int,Deprecate,,,
rob,vw_Fact_ME3BilledRevenueExclStrategic_Detailed,CreditedGeographyKey,int,Deprecate,,,
rob,vw_Fact_ME3BilledRevenueExclStrategic_Detailed,MSSTPID,int,Deprecate,,,
rob,vw_Fact_ME3BilledRevenueExclStrategic_Detailed,ReportedSubSegmentID,int,Deprecate,,,
rob,vw_Fact_ME3BilledRevenueExclStrategic_Detailed,RevSumDivisionKey,int,Deprecate,,,
rob,vw_Fact_ME3BilledRevenueExclStrategic_Detailed,ProductKey,bigint,Deprecate,,,
rob,vw_Fact_ME3BilledRevenueExclStrategic_Detailed,SubscriptionKey,bigint,Deprecate,,,
rob,vw_Fact_ME3BilledRevenueExclStrategic_Detailed,OlServiceFlagKey,int,Deprecate,,,
rob,vw_Fact_ME3BilledRevenueExclStrategic_Detailed,DetailPricingLevelID,int,Deprecate,,,
rob,vw_Fact_ME3BilledRevenueExclStrategic_Detailed,BusinessID,int,Deprecate,,,
rob,vw_Fact_ME3BilledRevenueExclStrategic_Detailed,DetailSalesModelID,int,Deprecate,,,
rob,vw_Fact_ME3BilledRevenueExclStrategic_Detailed,DetailTransactionTypeId,int,Deprecate,,,
rob,vw_Fact_ME3BilledRevenueExclStrategic_Detailed,DistributorPartnerID,varchar,Deprecate,,,
rob,vw_Fact_ME3BilledRevenueExclStrategic_Detailed,ProgramOfferingID,int,Deprecate,,,
rob,vw_Fact_ME3BilledRevenueExclStrategic_Detailed,ProgramOfferingTypeID,int,Deprecate,,,
rob,vw_Fact_ME3BilledRevenueExclStrategic_Detailed,ChannelMotionKey,int,Deprecate,,,
rob,vw_Fact_ME3BilledRevenueExclStrategic_Detailed,SoldSeatsRevenue,decimal,Deprecate,,,
rob,vw_Fact_ME5BilledRevenueExclStrategic,AssociationID,bigint,No Change,,,
rob,vw_Fact_ME5BilledRevenueExclStrategic,FiscalMonthID,int,No Change,,,
rob,vw_Fact_ME5BilledRevenueExclStrategic,CreditedGeographyKey,int,No Change,,,
rob,vw_Fact_ME5BilledRevenueExclStrategic,MSSTPID,int,No Change,,,
rob,vw_Fact_ME5BilledRevenueExclStrategic,ReportedSubSegmentID,int,No Change,,,
rob,vw_Fact_ME5BilledRevenueExclStrategic,RevSumDivisionKey,int,No Change,,,
rob,vw_Fact_ME5BilledRevenueExclStrategic,DetailPricingLevelID,int,No Change,,,
rob,vw_Fact_ME5BilledRevenueExclStrategic,BusinessID,int,No Change,,,
rob,vw_Fact_ME5BilledRevenueExclStrategic,ProgramOfferingID,int,No Change,,,
rob,vw_Fact_ME5BilledRevenueExclStrategic,ProgramOfferingTypeID,int,No Change,,,
rob,vw_Fact_ME5BilledRevenueExclStrategic,BilledRevenue,decimal,No Change,,,
rob,vw_Fact_ME5BilledRevenueExclStrategic_Detailed,AssociationID,bigint,No Change,,,
rob,vw_Fact_ME5BilledRevenueExclStrategic_Detailed,FiscalMonthID,int,No Change,,,
rob,vw_Fact_ME5BilledRevenueExclStrategic_Detailed,CreditedGeographyKey,int,No Change,,,
rob,vw_Fact_ME5BilledRevenueExclStrategic_Detailed,MSSTPID,int,No Change,,,
rob,vw_Fact_ME5BilledRevenueExclStrategic_Detailed,ReportedSubSegmentID,int,No Change,,,
rob,vw_Fact_ME5BilledRevenueExclStrategic_Detailed,RevSumDivisionKey,int,No Change,,,
rob,vw_Fact_ME5BilledRevenueExclStrategic_Detailed,ProductKey,bigint,No Change,,,
rob,vw_Fact_ME5BilledRevenueExclStrategic_Detailed,SubscriptionKey,bigint,No Change,,,
rob,vw_Fact_ME5BilledRevenueExclStrategic_Detailed,OlServiceFlagKey,int,No Change,,,
rob,vw_Fact_ME5BilledRevenueExclStrategic_Detailed,DetailPricingLevelID,int,No Change,,,
rob,vw_Fact_ME5BilledRevenueExclStrategic_Detailed,BusinessID,int,No Change,,,
rob,vw_Fact_ME5BilledRevenueExclStrategic_Detailed,DetailSalesModelID,int,No Change,,,
rob,vw_Fact_ME5BilledRevenueExclStrategic_Detailed,DetailTransactionTypeId,int,No Change,,,
rob,vw_Fact_ME5BilledRevenueExclStrategic_Detailed,DistributorPartnerID,varchar,No Change,,,
rob,vw_Fact_ME5BilledRevenueExclStrategic_Detailed,ProgramOfferingID,int,No Change,,,
rob,vw_Fact_ME5BilledRevenueExclStrategic_Detailed,ProgramOfferingTypeID,int,No Change,,,
rob,vw_Fact_ME5BilledRevenueExclStrategic_Detailed,ChannelMotionKey,int,No Change,,,
rob,vw_Fact_ME5BilledRevenueExclStrategic_Detailed,SoldSeatsRevenue,decimal,No Change,,,
rob,vw_Bridge_AzureConsumedRevenue,AssociationTypeID,int,No Change,,,
rob,vw_Bridge_AzureConsumedRevenue_FRA,ConsumptionID,bigint,View Renamed,vw_Bridge_AzureConsumedRevenue,AllocationID,
rob,vw_Bridge_AzureConsumedRevenue_FRA,PartnerOneReportingKey,bigint,View Renamed,vw_Bridge_AzureConsumedRevenue,,
rob,vw_Bridge_AzureConsumedRevenue_FRA,PercentAllocation,decimal,View Renamed,vw_Bridge_AzureConsumedRevenue,,
rob,vw_Bridge_AzureConsumedRevenue_FRA,AssociationTypeID,int,View Renamed,vw_Bridge_AzureConsumedRevenue,,
rob,vw_Bridge_AzureConsumedRevenueAIPL,ConsumptionID,bigint,Column Renamed,vw_Bridge_AzureConsumedRevenueAIPL,AllocationID,
rob,vw_Bridge_AzureConsumedRevenueAIPL,PartnerOneReportingKey,bigint,No Change,,,
rob,vw_Bridge_AzureConsumedRevenueAIPL,PercentAllocation,decimal,No Change,,,
rob,vw_Bridge_AzureConsumedRevenueAIPL,AssociationTypeID,int,No Change,,,
rob,vw_Bridge_AzureConsumedRevenuePAL,ConsumptionID,bigint,Column Renamed,vw_Bridge_AzureConsumedRevenuePAL,AllocationID,
rob,vw_Bridge_AzureConsumedRevenuePAL,PartnerOneReportingKey,bigint,No Change,,,
rob,vw_Bridge_AzureConsumedRevenuePAL,PercentAllocation,decimal,No Change,,,
rob,vw_Bridge_AzureConsumedRevenuePAL,AssociationTypeID,int,No Change,,,
rob,vw_Bridge_BilledRevenue,AssociationID,bigint,No Change,,,
rob,vw_Bridge_BilledRevenue,AssociationTypeID,int,No Change,,,
rob,vw_Bridge_BilledRevenue,PartnerOneReportingKey,bigint,No Change,,,
rob,vw_Bridge_BilledRevenue,PerspectiveID,int,No Change,,,
rob,vw_Bridge_BilledRevenue_FRA,AssociationID,bigint,No Change,,,
rob,vw_Bridge_BilledRevenue_FRA,AssociationTypeID,int,No Change,,,
rob,vw_Bridge_BilledRevenue_FRA,PartnerOneReportingKey,bigint,No Change,,,
rob,vw_Bridge_BilledRevenue_FRA,PerspectiveID,int,No Change,,,
rob,vw_Bridge_CSPAzureConsumedRevenue,ConsumptionID,bigint,Column Renamed,vw_Bridge_CSPAzureConsumedRevenue,AllocationID,
rob,vw_Bridge_CSPAzureConsumedRevenue,PartnerOneReportingKey,bigint,No Change,,,
rob,vw_Bridge_CSPAzureConsumedRevenue,PercentAllocation,decimal,No Change,,,
rob,vw_Bridge_CSPAzureConsumedRevenue,AssociationTypeID,int,No Change,,,
rob,vw_Bridge_CSPCloudFRABilledRevenue,AssociationID,bigint,No Change,,,
rob,vw_Bridge_CSPCloudFRABilledRevenue,AssociationTypeID,int,No Change,,,
rob,vw_Bridge_CSPCloudFRABilledRevenue,PartnerOneReportingKey,bigint,No Change,,,
rob,vw_Bridge_CSPCloudFRABilledRevenue,PerspectiveID,int,No Change,,,
rob,vw_Bridge_CSPCloudFRASMCACR,ConsumptionID,bigint,Deprecate,,,
rob,vw_Bridge_CSPCloudFRASMCACR,PartnerOneReportingKey,bigint,Deprecate,,,
rob,vw_Bridge_CSPCloudFRASMCACR,PercentAllocation,decimal,Deprecate,,,
rob,vw_Bridge_CSPCloudFRASMCACR,AssociationTypeID,int,Deprecate,,,
rob,vw_Bridge_CustomPartnerSegment,PartnerOneReportingKey,bigint,No Change,,,
rob,vw_Bridge_CustomPartnerSegment,CustomPartnerSegmentID,int,No Change,,,
rob,vw_Bridge_CustomPartnerSegment,CustomPartnerSegment,varchar,No Change,,,
rob,vw_Bridge_CustomPartnerSegment,ReportedCustomPartnerSegment,varchar,No Change,,,
rob,vw_Bridge_E5Usage,E5UsageID,varchar,No Change,,,
rob,vw_Bridge_E5Usage,PartnerOneReportingKey,bigint,No Change,,,
rob,vw_Bridge_E5Usage,AssociationTypeKey,int,No Change,,,
rob,vw_Bridge_FieldRevenueAccountability,AssociationID,bigint,No Change,,,
rob,vw_Bridge_FieldRevenueAccountability,AssociationTypeID,int,No Change,,,
rob,vw_Bridge_FieldRevenueAccountability,PartnerOneReportingKey,bigint,No Change,,,
rob,vw_Bridge_FieldRevenueAccountability,PerspectiveID,int,No Change,,,
rob,vw_Bridge_FieldRevenueAccountabilityBizApps,AssociationID,bigint,No Change,,,
rob,vw_Bridge_FieldRevenueAccountabilityBizApps,AssociationTypeID,int,No Change,,,
rob,vw_Bridge_FieldRevenueAccountabilityBizApps,PartnerOneReportingKey,bigint,No Change,,,
rob,vw_Bridge_FieldRevenueAccountabilityBizApps,PerspectiveID,int,No Change,,,
rob,vw_Bridge_FieldRevenueAccountabilityMW,AssociationID,bigint,No Change,,,
rob,vw_Bridge_FieldRevenueAccountabilityMW,AssociationTypeID,int,No Change,,,
rob,vw_Bridge_FieldRevenueAccountabilityMW,PartnerOneReportingKey,bigint,No Change,,,
rob,vw_Bridge_FieldRevenueAccountabilityMW,PerspectiveID,int,No Change,,,
rob,vw_Bridge_FieldRevenueAccountabilityMWSec,AssociationID,bigint,No Change,,,
rob,vw_Bridge_FieldRevenueAccountabilityMWSec,AssociationTypeID,int,No Change,,,
rob,vw_Bridge_FieldRevenueAccountabilityMWSec,PartnerOneReportingKey,bigint,No Change,,,
rob,vw_Bridge_FieldRevenueAccountabilityMWSec,PerspectiveID,int,No Change,,,
rob,vw_Bridge_FieldRevenueAccountabilityOthers,AssociationID,bigint,No Change,,,
rob,vw_Bridge_FieldRevenueAccountabilityOthers,AssociationTypeID,int,No Change,,,
rob,vw_Bridge_FieldRevenueAccountabilityOthers,PartnerOneReportingKey,bigint,No Change,,,
rob,vw_Bridge_FieldRevenueAccountabilityOthers,PerspectiveID,int,No Change,,,
rob,vw_Bridge_FieldRevenueAccountabilitySec,AssociationID,bigint,No Change,,,
rob,vw_Bridge_FieldRevenueAccountabilitySec,AssociationTypeID,int,No Change,,,
rob,vw_Bridge_FieldRevenueAccountabilitySec,PartnerOneReportingKey,bigint,No Change,,,
rob,vw_Bridge_FieldRevenueAccountabilitySec,PerspectiveID,int,No Change,,,
rob,vw_Fact_TelcoCSPBilledRevenue_Detailed,AssociationID,bigint,Deprecate,,,
rob,vw_Fact_TelcoCSPBilledRevenue_Detailed,FiscalMonthID,int,Deprecate,,,
rob,vw_Fact_TelcoCSPBilledRevenue_Detailed,CreditedGeographyKey,int,Deprecate,,,
rob,vw_Fact_TelcoCSPBilledRevenue_Detailed,MSSTPID,int,Deprecate,,,
rob,vw_Fact_TelcoCSPBilledRevenue_Detailed,SubSegmentID,int,Deprecate,,,
rob,vw_Fact_TelcoCSPBilledRevenue_Detailed,RevSumDivisionKey,int,Deprecate,,,
rob,vw_Fact_TelcoCSPBilledRevenue_Detailed,ProductKey,bigint,Deprecate,,,
rob,vw_Fact_TelcoCSPBilledRevenue_Detailed,SubscriptionKey,bigint,Deprecate,,,
rob,vw_Fact_TelcoCSPBilledRevenue_Detailed,OlServiceFlagKey,int,Deprecate,,,
rob,vw_Fact_TelcoCSPBilledRevenue_Detailed,DetailPricingLevelID,int,Deprecate,,,
rob,vw_Fact_TelcoCSPBilledRevenue_Detailed,BusinessID,int,Deprecate,,,
rob,vw_Fact_TelcoCSPBilledRevenue_Detailed,DetailSalesModelID,int,Deprecate,,,
rob,vw_Fact_TelcoCSPBilledRevenue_Detailed,DetailTransactionTypeId,int,Deprecate,,,
rob,vw_Fact_TelcoCSPBilledRevenue_Detailed,DistributorPartnerID,varchar,Deprecate,,,
rob,vw_Fact_TelcoCSPBilledRevenue_Detailed,ProgramOfferingID,int,Deprecate,,,
rob,vw_Fact_TelcoCSPBilledRevenue_Detailed,ProgramOfferingTypeID,int,Deprecate,,,
rob,vw_Fact_TelcoCSPBilledRevenue_Detailed,SoldSeatsRevenue,decimal,Deprecate,,,
rob,vw_Fact_TelcoCSPBilledRevenue_Detailed,ChannelMotionKey,int,Deprecate,,,
rob,vw_FactCSPRenewals,CreditedGeographyId,int,No Change,,,
rob,vw_FactCSPRenewals,CustomerID,int,No Change,,,
rob,vw_FactCSPRenewals,SubSegmentID,int,No Change,,,
rob,vw_FactCSPRenewals,BusinessID,int,No Change,,,
rob,vw_FactCSPRenewals,PartnerOneReportingKey,bigint,No Change,,,
rob,vw_FactCSPRenewals,FiscalMonthID,int,No Change,,,
rob,vw_FactCSPRenewals,newannualizedrevenue_starting,float,No Change,,,
rob,vw_FactCSPRenewals,oldannualizedrevenue_starting,float,No Change,,,
rob,vw_Bridge_ISVBizAppCloudBilledRevenue,PartnerOneReportingKey,bigint,Deprecate,,,
rob,vw_Bridge_ISVBizAppCloudBilledRevenue,PartnerAssociationMethodMapKey,int,Deprecate,,,
rob,vw_Bridge_ISVBizAppCloudBilledRevenue,PartnerAssociationMethodKey,int,Deprecate,,,
rob,vw_Bridge_ISVMarketplaceAzureConsumedRevenue,ConsumptionID,bigint,Deprecate,,,
rob,vw_Bridge_ISVMarketplaceAzureConsumedRevenue,PartnerOneReportingKey,bigint,Deprecate,,,
rob,vw_Bridge_ISVMarketplaceAzureConsumedRevenue,PercentAllocation,decimal,Deprecate,,,
rob,vw_Bridge_ISVMarketplaceAzureConsumedRevenue,AssociationTypeID,int,Deprecate,,,
rob,vw_Bridge_ISVSMBPAECAzureConsumedRevenue,ConsumptionID,bigint,Deprecate,,,
rob,vw_Bridge_ISVSMBPAECAzureConsumedRevenue,PartnerOneReportingKey,bigint,Deprecate,,,
rob,vw_Bridge_ISVSMBPAECAzureConsumedRevenue,PercentAllocation,decimal,Deprecate,,,
rob,vw_Bridge_ISVSMBPAECAzureConsumedRevenue,AssociationTypeID,int,Deprecate,,,
rob,vw_Bridge_ME3BilledRevenue,AssociationID,bigint,Deprecate,,,
rob,vw_Bridge_ME3BilledRevenue,AssociationTypeID,int,Deprecate,,,
rob,vw_Bridge_ME3BilledRevenue,PartnerOneReportingKey,bigint,Deprecate,,,
rob,vw_Bridge_ME3BilledRevenue,PerspectiveID,int,Deprecate,,,
rob,vw_Bridge_ME5BilledRevenueExclStrategic,AssociationID,bigint,No Change,,,
rob,vw_Bridge_ME5BilledRevenueExclStrategic,AssociationTypeID,int,No Change,,,
rob,vw_Bridge_ME5BilledRevenueExclStrategic,PartnerOneReportingKey,bigint,No Change,,,
rob,vw_Bridge_ME5BilledRevenueExclStrategic,PerspectiveID,int,No Change,,,
rob,vw_Bridge_NewBizAppsNonRecBilledRevenueGSIESI,TPID,int,Deprecate,,,
rob,vw_Bridge_NewBizAppsNonRecBilledRevenueGSIESI,PartnerOneID,varchar,Deprecate,,,
rob,vw_Bridge_NewBizAppsNonRecBilledRevenueGSIESI,PartnerOneReportingKey,bigint,Deprecate,,,
rob,vw_Bridge_NewBizAppsNonRecBilledRevenueGSIESI,OpportunityDueFiscalYear,varchar,Deprecate,,,
rob,vw_Bridge_NewBizAppsNonRecBilledRevenueGSIESI,ActiveSuperRevSumDivisionGroup,int,Deprecate,,,
rob,vw_Bridge_NewBizAppsNonRecBilledRevenueGSIESI,Uniquekey,int,Deprecate,,,
rob,vw_Bridge_PartnerOneReportingKey,PartnerOneReportingKey,bigint,No Change,,,
rob,vw_Bridge_TelcoCSPBilledRevenue,AssociationID,bigint,Deprecate,,,
rob,vw_Bridge_TelcoCSPBilledRevenue,AssociationTypeID,int,Deprecate,,,
rob,vw_Bridge_TelcoCSPBilledRevenue,PartnerOneReportingKey,bigint,Deprecate,,,
rob,vw_Bridge_TelcoCSPBilledRevenue,PerspectiveID,int,Deprecate,,,
rob,vw_BridgePartnerOneID,PartnerOneID,int,No Change,,,
rob,vw_FactNetNewARB,NewRoleBasedCertifications,bigint,No Change,,,
rob,vw_FactNetPaidSeatsAdds_MW,ProductFamilyId,bigint,View Renamed,vw_FactNetPaidSeatAdds,ProductKey,
rob,vw_FactNetPaidSeatsAdds_MW,SubscriptionStatusID,int,Deprecate,,,
rob,vw_FactNetPaidSeatsAdds_MW,DetailTransactionTypeID,int,Deprecate,,,
rob,vw_FactNetPaidSeatsAdds_MW,SubSegmentID,int,View Renamed,vw_FactNetPaidSeatAdds,SubSegmentID,
rob,vw_FactNetPaidSeatsAdds_MW,TPID,int,View Renamed,vw_FactNetPaidSeatAdds,CustomerId,
rob,vw_FactNetPaidSeatsAdds_MW,CreditedSubsidiaryId,int,View Renamed,vw_FactNetPaidSeatAdds,CreditedGeographyId,
rob,vw_FactNetPaidSeatsAdds_MW,DetailSalesModelID,int,Deprecate,,,
rob,vw_FactNetPaidSeatsAdds_MW,FiscalMonthID,int,View Renamed,vw_FactNetPaidSeatAdds,FiscalMonthId,
rob,vw_FactNetPaidSeatsAdds_MW,PartnerOneReportingKey,bigint,Deprecate,,,
rob,vw_FactNetPaidSeatsAdds_MW,Seats,bigint,Deprecate,,,
rob,vw_FactNetPaidSeatsAdds_MW,Seats_Prev,bigint,Deprecate,,,
rob,vw_FactNetPaidSeatsAdds_MW,NPSA,bigint,View Renamed,vw_FactNetPaidSeatAdds,NPSA_MW,
rob,vw_FactNetPaidSeatsAdds_Security,ProductFamilyId,bigint,View Renamed,vw_FactNetPaidSeatAdds,ProductKey,
rob,vw_FactNetPaidSeatsAdds_Security,SubscriptionStatusID,int,Deprecate,,,
rob,vw_FactNetPaidSeatsAdds_Security,DetailTransactionTypeID,int,Deprecate,,,
rob,vw_FactNetPaidSeatsAdds_Security,SubSegmentID,int,View Renamed,vw_FactNetPaidSeatAdds,SubSegmentID,
rob,vw_FactNetPaidSeatsAdds_Security,TPID,int,View Renamed,vw_FactNetPaidSeatAdds,CustomerId,
rob,vw_FactNetPaidSeatsAdds_Security,CreditedSubsidiaryId,int,View Renamed,vw_FactNetPaidSeatAdds,CreditedGeographyId,
rob,vw_FactNetPaidSeatsAdds_Security,DetailSalesModelID,int,Deprecate,,,
rob,vw_FactNetPaidSeatsAdds_Security,FiscalMonthID,int,View Renamed,vw_FactNetPaidSeatAdds,FiscalMonthId,
rob,vw_FactNetPaidSeatsAdds_Security,PartnerOneReportingKey,bigint,Deprecate,,,
rob,vw_FactNetPaidSeatsAdds_Security,Seats,bigint,Deprecate,,,
rob,vw_FactNetPaidSeatsAdds_Security,Seats_Prev,bigint,Deprecate,,,
rob,vw_FactNetPaidSeatsAdds_Security,NPSA,bigint,View Renamed,vw_FactNetPaidSeatAdds,NPSA_Security,
rob,vw_Dim_AZPricingLevel,AZPricingLevel2ID,int,No Change,,,
rob,vw_Dim_AZPricingLevel,AZPricingLevel2,varchar,No Change,,,
rob,vw_Dim_AzureOffer,OfferID,int,No Change,,,
rob,vw_Dim_AzureOffer,OfferType,varchar,No Change,,,
rob,vw_Dim_AzureOffer,Offer,varchar,No Change,,,
rob,vw_Dim_AzureServiceLevel,ServiceLevel1,varchar,No Change,,,
rob,vw_Dim_AzureServiceLevel,ServiceLevel2,varchar,No Change,,,
rob,vw_Dim_AzureServiceLevel,ServiceLevel3,varchar,No Change,,,
rob,vw_Dim_AzureServiceLevel,ServiceLevel4,varchar,No Change,,,
rob,vw_Dim_AzureServiceLevel,ServiceLevel5,varchar,No Change,,,
rob,vw_Dim_AzureServiceLevel,ComputeOS,varchar,No Change,,,
rob,vw_Dim_AzureServiceLevel,ComputeFamily,varchar,No Change,,,
rob,vw_Dim_AzureStrategicPillar,AzureStrategicPillarID,int,No Change,,,
rob,vw_Dim_AzureStrategicPillar,SuperStrategicPillar,varchar,No Change,,,
rob,vw_Dim_AzureStrategicPillar,SubStrategicPillar,varchar,No Change,,,
rob,vw_Dim_AzureStrategicPillar,StrategicPillar,varchar,No Change,,,
rob,vw_Dim_BillingSystem,BillingSystem,varchar,No Change,,,
rob,vw_Dim_ChannelMotion,ChannelMotion,varchar,No Change,,,
rob,vw_Dim_ChannelMotion,ChannelMotionKey,int,No Change,,,
rob,vw_Dim_ComputeOSAttribute,ComputeOSAttributeID,smallint,No Change,,,
rob,vw_Dim_ComputeOSAttribute,ComputeOSAttributeName,varchar,No Change,,,
rob,vw_Dim_CreditedGeography,SubsidiaryID,int,No Change,,,
rob,vw_Dim_CreditedGeography,SubsidiaryName,varchar,No Change,,,
rob,vw_Dim_CreditedGeography,SubRegionID,int,No Change,,,
rob,vw_Dim_CreditedGeography,SubRegionName,varchar,No Change,,,
rob,vw_Dim_CreditedGeography,RegionID,int,No Change,,,
rob,vw_Dim_CreditedGeography,RegionName,varchar,No Change,,,
rob,vw_Dim_CreditedGeography,AreaID,int,No Change,,,
rob,vw_Dim_CreditedGeography,AreaName,varchar,No Change,,,
rob,vw_Dim_CreditedGeography,ReportArea,varchar,No Change,,,
rob,vw_Dim_CreditedGeography,CustomTimeZone,varchar,No Change,,,
rob,vw_Dim_DetailTransactionType_Detailed,DetailTransactionTypeID,int,No Change,,,
rob,vw_Dim_DetailTransactionType_Detailed,DetailTransactionTypeName,varchar,No Change,,,
rob,vw_Dim_Distributor,DistributorKey,varchar,No Change,,,
rob,vw_Dim_Distributor,DistributorID,varchar,No Change,,,
rob,vw_Dim_Distributor,DistributorName,varchar,No Change,,,
rob,vw_FactTotalAICertification,FiscalMonthID,int,No Change,,,
rob,vw_FactTotalAICertification,SubSegmentKey,int,No Change,,,
rob,vw_FactTotalAICertification,CreditedGeographyKey,int,No Change,,,
rob,vw_FactTotalAICertification,PartnerOneReportingKey,bigint,No Change,,,
rob,vw_FactTotalAICertification,TotalAICapacity,bigint,No Change,,,
rob,vw_Dim_Distributor,DistributorType,varchar,No Change,,,
rob,vw_Dim_Distributor,DistributorGeographyKey,varchar,No Change,,,
rob,vw_Dim_Distributor,PartnerOneID,varchar,No Change,,,
rob,vw_Dim_Distributor,PartnerOneName,varchar,No Change,,,
rob,vw_Dim_Distributor,IsActiveDistributor,varchar,No Change,,,
rob,vw_Dim_Distributor,IsStrategicDistributor,varchar,No Change,,,
rob,vw_Dim_Distributor,IsPartnerOneLSP,varchar,No Change,,,
rob,vw_Dim_Distributor,PartnerOneNameID,varchar,No Change,,,
rob,vw_Dim_Distributor,Subsidiary,varchar,No Change,,,
rob,vw_Dim_Distributor,Area,varchar,No Change,,,
rob,vw_Dim_FieldGeography,FieldGeographyKey,int,No Change,,,
rob,vw_Dim_FieldGeography,FieldSubsidiaryName,varchar,No Change,,,
rob,vw_Dim_FieldGeography,FieldSubRegionID,int,No Change,,,
rob,vw_Dim_FieldGeography,FieldSubRegionName,varchar,No Change,,,
rob,vw_Dim_FieldGeography,RegionID,int,No Change,,,Change Type
rob,vw_Dim_FieldGeography,FieldRegionName,varchar,No Change,,,Data Type Change
rob,vw_Dim_FieldGeography,FieldAccountabilityUnitId,int,No Change,,,Deprecate
rob,vw_Dim_FieldGeography,FieldAccountabilityUnitName,varchar,No Change,,,No Change
rob,vw_Dim_FieldGeography,FieldAreaID,int,No Change,,,Rename
rob,vw_Dim_FieldGeography,FieldAreaName,varchar,No Change,,,
rob,vw_Dim_FieldGeography,FieldBigAreaId,int,No Change,,,
rob,vw_Dim_FieldGeography,FieldBigAreaName,varchar,No Change,,,
rob,vw_Map_AzureConsumedRevenuePRACR,ConsumptionID,bigint,Column Renamed,vw_Map_AzureConsumedRevenuePRACR,AllocationID,
rob,vw_Map_AzureConsumedRevenuePRACR,PartnerOneReportingKey,bigint,No Change,,,
rob,vw_Map_AzureConsumedRevenuePRACR,PercentAllocation,decimal,No Change,,,
rob,vw_Map_AzureConsumedRevenuePRACR,AssociationTypeID,int,No Change,,,
rob,vw_MSSalesBusiness,BusinessID,int,No Change,,,
rob,vw_MSSalesCreditedGeography,CreditedGeographyKey,int,No Change,,,
rob,vw_ReportingPartnerOne,CustomPartnerSegmentID,int,No Change,,,
rob,vw_ReportingPartnerOne,CustomPartnerSegment,varchar,No Change,,,
rob,vw_ReportingPartnerOne,IsGlobalIAP,varchar,No Change,,,
rob,vw_ReportingPartnerOne,IsQuestionablePartnerIAP,varchar,No Change,,,
rob,vw_ReportingPartnerOne,PartnerOneReportingID,varchar,No Change,,,
rob,vw_ReportingPartnerOne,PartnerOneNameID,varchar,No Change,,,
rob,vw_ReportingPartnerOne,PartnerOneReportingKey,bigint,No Change,,,
rob,vw_ReportingPartnerOne,PartnerOneID,int,No Change,,,
rob,vw_ReportingPartnerOne,PartnerOneName,varchar,No Change,,,
rob,vw_ReportingPartnerOne,IsCascaded,varchar,No Change,,,
rob,vw_ReportingPartnerOne,IsManaged,varchar,No Change,,,
rob,vw_ReportingPartnerOne,BusinessUnit,varchar,No Change,,,
rob,vw_ReportingPartnerOne,PartnerSegment,varchar,No Change,,,
rob,vw_ReportingPartnerOne,PartnerSubSegment,varchar,No Change,,,
rob,vw_ReportingPartnerOne,PrimaryRoleType,varchar,No Change,,,
rob,vw_ReportingPartnerOne,DetailedEngagedType,varchar,No Change,,,
rob,vw_ReportingPartnerOne,ReportingDetailedEngagedType,varchar,No Change,,,
rob,vw_ReportingPartnerOne,Area,varchar,No Change,,,
rob,vw_ReportingPartnerOne,Region,varchar,No Change,,,
rob,vw_ReportingPartnerOne,SubRegion,varchar,No Change,,,
rob,vw_ReportingPartnerOne,Subsidiary,varchar,No Change,,,
rob,vw_ReportingPartnerOne,SubsidiaryID,int,No Change,,,
rob,vw_ReportingPartnerOne,IsGlobalChannel,varchar,No Change,,,
rob,vw_ReportingPartnerOne,IsGlobalISV,varchar,No Change,,,
rob,vw_ReportingPartnerOne,IsGSI,varchar,No Change,,,
rob,vw_ReportingPartnerOne,IsAzureExpertMSP,varchar,No Change,,,
rob,vw_ReportingPartnerOne,IsPDMPresentInSub,varchar,No Change,,,
rob,vw_ReportingPartnerOne,IsGlobal,varchar,No Change,,,
rob,vw_ReportingPartnerOne,IsSubRegion,varchar,No Change,,,
rob,vw_ReportingPartnerOne,IsGlobalDownstreamManaged,varchar,No Change,,,
rob,vw_ReportingPartnerOne,IsQuestionablePartner,varchar,No Change,,,
rob,vw_ReportingPartnerOne,IsCALCMastered,varchar,Deprecate,,,
rob,vw_ReportingPartnerOne,IsPrimary,varchar,No Change,,,
rob,vw_ReportingPartnerOne,PartnerBusinessModel,varchar,No Change,,,
rob,vw_ReportingPartnerOne,HasSpecialization,varchar,No Change,,,
rob,vw_ReportingPartnerOne,IsCoreConsideredforRole,varchar,No Change,,,
rob,vw_ReportingPartnerOne,Role,varchar,No Change,,,
rob,vw_ReportingPartnerOne,ContactAlias,varchar,No Change,,,
rob,vw_ReportingPartnerOne,ContactName,varchar,No Change,,,
rob,vw_ReportingPartnerOne,Manager1Alias,varchar,No Change,,,
rob,vw_ReportingPartnerOne,Manager1Name,varchar,No Change,,,
rob,vw_ReportingPartnerOne,Manager2Alias,varchar,No Change,,,
rob,vw_ReportingPartnerOne,Manager2Name,varchar,No Change,,,
rob,vw_ReportingPartnerOne,FieldKey,varchar,No Change,,,
rob,vw_ReportingPartnerOne,CorpKey,int,No Change,,,
rob,vw_ReportingPartnerOne,IsOSSPartner,varchar,No Change,,,
rob,vw_ReportingPartnerOne,IsOSSOrGlobalDownstreamManagedPartner,varchar,No Change,,,
rob,vw_ReportingPartnerOne,IsTopTierPartner,varchar,No Change,,,
rob,vw_ReportingPartnerOne,IsRegionTZInstance,varchar,No Change,,,
rob,vw_ReportingPartnerOne,IsRegionTZPlaceholder,varchar,No Change,,,
rob,vw_ReportingPartnerOne,CustomManagementLevel,varchar,No Change,,,
rob,vw_ReportingPartnerOne,IsTransitionGISV,varchar,No Change,,,
rob,vw_ReportingPartnerOne,AmericasManagementLevel,varchar,Column Renamed,vw_ReportingPartnerOne,EPSManagementLevel,
rob,vw_ReportingPartnerOne,AmericasPartnerTeam,varchar,Column Renamed,vw_ReportingPartnerOne,EPSPartnerTeam,
rob,vw_ReportingPartnerOne,AmericasPartnerSubTeam,varchar,Column Renamed,vw_ReportingPartnerOne,EPSPartnerSubTeam,
rob,vw_ReportingPartnerOne,AmericasPartnerTeamKey,int,Column Renamed,vw_ReportingPartnerOne,EPSPartnerTeamKey,
rob,vw_ReportingPartnerOne,AmericasPartnerSubTeamKey,int,Column Renamed,vw_ReportingPartnerOne,EPSPartnerSubTeamKey,
rob,vw_ReportingPartnerOne,IsAmericasPartner,int,No Change,,,
rob,vw_ReportingPartnerOne,GPSCRMID,varchar,No Change,,,
rob,vw_ReportingPartnerOne,IsStrategicServices,varchar,Deprecate,,,
rob,vw_ReportingPartnerOne,IsStrategicISV,varchar,Deprecate,,,
rob,vw_ReportingPartnerOne,IsStrategicLSP,varchar,Deprecate,,,
rob,vw_ReportingPartnerOne,IsStrategicDistributor,varchar,Deprecate,,,
rob,vw_ReportingPartnerOne,IsLEGOPartner,varchar,Deprecate,,,
rob,vw_ReportingPartnerOne,IsITESPartner,varchar,Deprecate,,,
rob,vw_ReportingPartnerOne,IsAGIPartner,varchar,Deprecate,,,
rob,vw_ReportingPartnerOne,IsP200Partner,varchar,Deprecate,,,
rob,vw_ReportingPartnerOne,IsLegoITES,varchar,Deprecate,,,
rob,vw_ReportingPartnerOne,IsBGIPartner,varchar,Deprecate,,,
rob,vw_ReportingPartnerOne,IsSureStep,varchar,Deprecate,,,
rob,vw_ReportingPartnerOne,IsRegion,varchar,Deprecate,,,
rob,vw_ReportingPartnerOne,IsLocal,varchar,Deprecate,,,
rob,vw_ReportingPartnerOne,IsRegionDownstreamManaged,varchar,Deprecate,,,
rob,vw_ReportingPartnerOne,IsSubRegionDownstreamManaged,varchar,Deprecate,,,
rob,vw_ReportingPartnerOne,IsStrategicPartnerOne,varchar,Deprecate,,,
rob,vw_ReportingPartnerOne,MembershipLevel,varchar,Deprecate,,,
rob,vw_ReportingPartnerOne,PartnerCategory,varchar,Deprecate,,,
rob,vw_ReportingPartnerOne,IsSI,varchar,Deprecate,,,
rob,vw_ReportingPartnerOne,IsDigitalAgency,varchar,Deprecate,,,
rob,vw_ReportingPartnerOne,IsAdvisory,varchar,Deprecate,,,
rob,vw_ReportingPartnerOne,IsTelcoOperator,varchar,Deprecate,,,
rob,vw_ReportingPartnerOne,IsDigitalNative,varchar,Deprecate,,,
rob,vw_ReportingPartnerOne,IsHoster,varchar,Column Renamed,vw_ReportingPartnerOne,IsHCP,
rob,vw_ReportingPartnerOne,IsIndirectProvider,varchar,Deprecate,,,
rob,vw_ReportingPartnerOne,IsMWGoDaddy,varchar,Deprecate,,,
rob,vw_ReportingPartnerOne,IsMWTop1TPartner,varchar,Deprecate,,,
rob,vw_ReportingPartnerOne,MWTop1TPartnerType,varchar,Deprecate,,,
rob,vw_ReportingPartnerOne,IsMWTopDistiPartner,varchar,Deprecate,,,
rob,vw_ReportingPartnerOne,IsGlobalPMA,varchar,Deprecate,,,
rob,vw_ReportingPartnerOne,IsPERCPartner,varchar,Deprecate,,,
rob,vw_ReportingPartnerOne,IsPERCTopPartner,varchar,Deprecate,,,
rob,vw_ReportingPartnerOne,IsPERCRehabPartner,varchar,Deprecate,,,
rob,vw_ReportingPartnerOne,IsSPL,varchar,Deprecate,,,
rob,vw_ReportingPartnerOne,SalesEngagement,varchar,Deprecate,,,
rob,vw_ReportingPartnerOne,ScaleManagedPartnerSegment,varchar,Deprecate,,,
rob,vw_ReportingPartnerOne,IsBPGI,varchar,Deprecate,,,
rob,vw_ReportingPartnerOne,IsIAMCP,varchar,Deprecate,,,
rob,vw_ReportingPartnerOne,IsBuildfor2030,varchar,Deprecate,,,
rob,vw_ReportingPartnerOne,IsStrategicGlobalISV,varchar,Deprecate,,,
rob,vw_ReportingPartnerOne,IsStrategicRecruitGISV,varchar,Deprecate,,,
rob,vw_ReportingPartnerOne,IsAG,varchar,Deprecate,,,
rob,vw_ReportingPartnerOne,IsStrategicRecruitISV,varchar,Deprecate,,,
rob,vw_ReportingPartnerOne,IsEnterpriseSI,varchar,Deprecate,,,
rob,vw_ReportingPartnerOne,IsRecruitServices,varchar,Deprecate,,,
rob,vw_ReportingPartnerOne,IsSMCSI,varchar,Deprecate,,,
rob,vw_ReportingPartnerOne,IsSMCSIAzurePartners,varchar,Deprecate,,,
rob,vw_ReportingPartnerOne,IsSMCSIMWSPartners,varchar,Deprecate,,,
rob,vw_ReportingPartnerOne,IsSMCSIBizAppsPartners,varchar,Deprecate,,,
rob,vw_ReportingPartnerOne,IsSMCSIBPGIPartners,varchar,Deprecate,,,
rob,vw_ReportingPartnerOne,IsHyperscaler,varchar,Deprecate,,,
rob,vw_ReportingPartnerOne,IsArea,varchar,Deprecate,,,
rob,vw_ReportingPartnerOne,IsAreaDownstreamManaged,varchar,Deprecate,,,
rob,,,,New view,vw_FactM365NPSA,FiscalMonthId,
rob,,,,New view,vw_FactM365NPSA,CreditedGeographyId,
rob,,,,New view,vw_FactM365NPSA,SubSegmentID,
rob,,,,New view,vw_FactM365NPSA,CustomerId,
rob,,,,New view,vw_FactM365NPSA,ProductKey,
rob,,,,New view,vw_FactM365NPSA,BusinessID,
rob,,,,New view,vw_FactM365NPSA,FieldGeographyID,
rob,,,,New view,vw_FactM365NPSA,AssociationMapKey,
rob,,,,New view,vw_FactM365NPSA,NPSA,
rob,,,,New view,vw_FactM365NPSA,DetailPricingLevelID,
rob,,,,New view,vw_Bridge_M365NPSA,AssociationMapKey,
rob,,,,New view,vw_Bridge_M365NPSA,AssociationTypeKey,
rob,,,,New view,vw_Bridge_M365NPSA,PartnerOneReportingKey,
rob,,,,New view,vw_FactME7NPSA,FiscalMonthId,
rob,,,,New view,vw_FactME7NPSA,CreditedGeographyId,
rob,,,,New view,vw_FactME7NPSA,SubSegmentID,
rob,,,,New view,vw_FactME7NPSA,CustomerId,
rob,,,,New view,vw_FactME7NPSA,ProductKey,
rob,,,,New view,vw_FactME7NPSA,BusinessID,
rob,,,,New view,vw_FactME7NPSA,FieldGeographyID,
rob,,,,New view,vw_FactME7NPSA,AssociationMapKey,
rob,,,,New view,vw_FactME7NPSA,NPSA,
rob,,,,New view,vw_FactME7NPSA,DetailPricingLevelID,
rob,,,,New view,vw_Bridge_ME7NPSA,AssociationMapKey,
rob,,,,New view,vw_Bridge_ME7NPSA,AssociationTypeKey,
rob,,,,New view,vw_Bridge_ME7NPSA,PartnerOneReportingKey,
rob,,,,New view,vw_FactNetPaidSeatAdds,FiscalMonthId,
rob,,,,New view,vw_FactNetPaidSeatAdds,CreditedGeographyId,
rob,,,,New view,vw_FactNetPaidSeatAdds,SubSegmentID,
rob,,,,New view,vw_FactNetPaidSeatAdds,CustomerId,
rob,,,,New view,vw_FactNetPaidSeatAdds,BusinessID,
rob,,,,New view,vw_FactNetPaidSeatAdds,FieldGeographyID,
rob,,,,New view,vw_FactNetPaidSeatAdds,AssociationID,
rob,,,,New view,vw_FactNetPaidSeatAdds,ProductKey,
rob,,,,New view,vw_FactNetPaidSeatAdds,NPSA_MW,
rob,,,,New view,vw_FactNetPaidSeatAdds,NPSA_Security,
rob,,,,New view,vw_FactNetPaidSeatAdds,NPSA_Copilot,
rob,,,,New view,vw_FactNetPaidSeatAdds,NPSA_Copilot_BSKU,
rob,,,,New view,vw_FactNetPaidSeatAdds,NPSA_Security_Suites_BSKU,
rob,,,,New view,vw_FactNetPaidSeatAdds,NPSA_D365,
rob,,,,New view,vw_FactNetPaidSeatAdds,NPSA_BP,
rob,,,,New view,vw_FactNetPaidSeatAdds,NPSA_ME7,
rob,,,,New view,vw_FactNetPaidSeatAdds,CSPCopilotSeats,
rob,,,,New view,vw_Bridge_NetPaidSeatAdds,AssociationID,
rob,,,,New view,vw_Bridge_NetPaidSeatAdds,PartnerOneReportingKey,
rob,,,,New view,vw_Bridge_NetPaidSeatAdds,AssociationTypeID,
Sales,vw_Dim_UnifiedPartner,Region,varchar,No Change,vw_Dim_UnifiedPartner,Region,
Sales,vw_Dim_UnifiedPartner,UpstreamName,varchar,No Change,vw_Dim_UnifiedPartner,UpstreamName,
Sales,vw_Dim_UnifiedPartner,SubRegion,varchar,No Change,vw_Dim_UnifiedPartner,SubRegion,
Sales,vw_Dim_UnifiedPartner,Subsidiary,varchar,No Change,vw_Dim_UnifiedPartner,Subsidiary,
Sales,vw_Dim_UnifiedPartner,SubsidiaryName,varchar,No Change,vw_Dim_UnifiedPartner,SubsidiaryName,
Sales,vw_Dim_UnifiedPartner,URL,varchar,No Change,vw_Dim_UnifiedPartner,URL,
Sales,vw_Dim_UnifiedPartner,PartnerGlobalArea,varchar,No Change,vw_Dim_UnifiedPartner,PartnerGlobalArea,
Sales,vw_Dim_UnifiedPartner,PartnerGlobalID,int,No Change,vw_Dim_UnifiedPartner,PartnerGlobalID,
Sales,vw_Dim_UnifiedPartner,PartnerGlobalName,varchar,No Change,vw_Dim_UnifiedPartner,PartnerGlobalName,
Sales,vw_Dim_UnifiedPartner,PartnerGlobalNameID,varchar,No Change,vw_Dim_UnifiedPartner,PartnerGlobalNameID,
Sales,vw_Dim_UnifiedPartner,PGANameID,varchar,No Change,vw_Dim_UnifiedPartner,PGANameID,
Sales,vw_Dim_UnifiedPartner,PartnerGlobalRegion,varchar,No Change,vw_Dim_UnifiedPartner,PartnerGlobalRegion,
Sales,vw_Dim_UnifiedPartner,PartnerGlobalSubRegion,varchar,No Change,vw_Dim_UnifiedPartner,PartnerGlobalSubRegion,
Sales,vw_Dim_UnifiedPartner,PartnerGlobalSubsidiary,varchar,No Change,vw_Dim_UnifiedPartner,PartnerGlobalSubsidiary,
Sales,vw_Dim_UnifiedPartner,PartnerID_Investment,varchar,No Change,vw_Dim_UnifiedPartner,PartnerID_Investment,
Sales,vw_Dim_UsageType,UsageTypeKey,int,No Change,vw_Dim_UsageType,UsageTypeKey,
Sales,vw_Dim_UsageType,UsageType,varchar,No Change,vw_Dim_UsageType,UsageType,
Sales,vw_Dim_UsageType,UsageTypeID,int,No Change,vw_Dim_UsageType,UsageTypeID,
Sales,vw_Dim_UserType,UserTypeKey,int,No Change,vw_Dim_UserType,UserTypeKey,
Sales,vw_Dim_UserType,UserTypeName,varchar,No Change,vw_Dim_UserType,UserTypeName,
Sales,vw_Dim_VerticalIndustry,VerticalIndustryKey,int,No Change,vw_Dim_VerticalIndustry,VerticalIndustryKey,
Sales,vw_Dim_VerticalIndustry,IndustryID,int,No Change,vw_Dim_VerticalIndustry,IndustryID,
Sales,vw_Dim_VerticalIndustry,IndustryName,varchar,No Change,vw_Dim_VerticalIndustry,IndustryName,
Sales,vw_Dim_VerticalIndustry,VerticalID,int,No Change,vw_Dim_VerticalIndustry,VerticalID,
Sales,vw_Dim_VerticalIndustry,VerticalName,varchar,No Change,vw_Dim_VerticalIndustry,VerticalName,
Sales,vw_Dim_LicenseAgreementContractType,LicenseAgreementContractTypeKey,int,No Change,vw_Dim_LicenseAgreementContractType,LicenseAgreementContractTypeKey,
Sales,vw_Dim_LicenseAgreementContractType,LicenseAgreementContractTypeCode,varchar,No Change,vw_Dim_LicenseAgreementContractType,LicenseAgreementContractTypeCode,
Sales,vw_Dim_LicenseAgreementContractType,LicenseAgreementContractTypeID,int,No Change,vw_Dim_LicenseAgreementContractType,LicenseAgreementContractTypeID,
Sales,vw_Dim_LicenseAgreementContractType,LicenseAgreementContractTypeName,varchar,No Change,vw_Dim_LicenseAgreementContractType,LicenseAgreementContractTypeName,
Sales,vw_Dim_Offer,OfferKey,int,No Change,vw_Dim_Offer,OfferKey,
Sales,vw_Dim_Offer,SourceSystemCode,varchar,No Change,vw_Dim_Offer,SourceSystemCode,
Sales,vw_Dim_Offer,OfferName,varchar,No Change,vw_Dim_Offer,OfferName,
Sales,vw_Dim_Offer,DurableOfferIdentifier,varchar,No Change,vw_Dim_Offer,DurableOfferIdentifier,
Sales,vw_Dim_Offer,OMSOfferIdentifier,varchar,No Change,vw_Dim_Offer,OMSOfferIdentifier,
Sales,vw_Dim_Offer,ProductIdentifier,varchar,No Change,vw_Dim_Offer,ProductIdentifier,
Sales,vw_Dim_Offer,ProductName,varchar,No Change,vw_Dim_Offer,ProductName,
Sales,vw_Dim_Offer,MSSalesProductId,int,No Change,vw_Dim_Offer,MSSalesProductId,
Sales,vw_Dim_Offer,IsTrial,varchar,No Change,vw_Dim_Offer,IsTrial,
Sales,vw_Dim_Offer,IsAddon,varchar,No Change,vw_Dim_Offer,IsAddon,
Sales,vw_Dim_Offer,BillingType,varchar,No Change,vw_Dim_Offer,BillingType,
Sales,vw_Dim_Offer,InternalOfferPartner,varchar,No Change,vw_Dim_Offer,InternalOfferPartner,
Sales,vw_Dim_Offer,IsDeleted,varchar,No Change,vw_Dim_Offer,IsDeleted,
Sales,vw_Dim_Offer,IsFree,varchar,No Change,vw_Dim_Offer,IsFree,
Sales,vw_Dim_Offer,IsAcademicDatabookProduct,varchar,No Change,vw_Dim_Offer,IsAcademicDatabookProduct,
Sales,vw_Dim_Offer,OfferKey_Source,int,No Change,vw_Dim_Offer,OfferKey_Source,
Sales,vw_Dim_Offer,CPI_Source,varchar,No Change,vw_Dim_Offer,CPI_Source,
Sales,vw_Dim_OLServiceFlag,DetailOLServiceFlagKey,int,No Change,vw_Dim_OLServiceFlag,DetailOLServiceFlagKey,
Sales,vw_Dim_OLServiceFlag,DetailOLServiceFlagID,int,No Change,vw_Dim_OLServiceFlag,DetailOLServiceFlagID,
Sales,vw_Dim_OLServiceFlag,DetailOLServiceFlagName,varchar,No Change,vw_Dim_OLServiceFlag,DetailOLServiceFlagName,
Sales,vw_Dim_OLServiceFlag,OLServiceFlagCode,varchar,No Change,vw_Dim_OLServiceFlag,OLServiceFlagCode,
Sales,vw_Dim_OLServiceFlag,OLServiceFlagID,int,No Change,vw_Dim_OLServiceFlag,OLServiceFlagID,
Sales,vw_Dim_OLServiceFlag,OLServiceFlagName,varchar,No Change,vw_Dim_OLServiceFlag,OLServiceFlagName,
Sales,vw_Dim_OMCPartner,OMCOrganizationKey,int,No Change,vw_Dim_OMCPartner,OMCOrganizationKey,
Sales,vw_Dim_OMCPartner,PartnerSubsidiaryKey,int,No Change,vw_Dim_OMCPartner,PartnerSubsidiaryKey,
Sales,vw_Dim_OMCPartner,OMCOrganizationID,int,No Change,vw_Dim_OMCPartner,OMCOrganizationID,
Sales,vw_Dim_OMCPartner,OMCOrganizationName,varchar,No Change,vw_Dim_OMCPartner,OMCOrganizationName,
Sales,vw_Dim_OMCPartner,PartnerOneID,int,No Change,vw_Dim_OMCPartner,PartnerOneID,
Sales,vw_Dim_OMCPartner,PartnerOneName,varchar,No Change,vw_Dim_OMCPartner,PartnerOneName,
Sales,vw_Dim_OMCPartner,PartnerSubsidiaryName,varchar,No Change,vw_Dim_OMCPartner,PartnerSubsidiaryName,
Sales,vw_Dim_OMCPartner,PartnerType,varchar,No Change,vw_Dim_OMCPartner,PartnerType,
Sales,vw_Dim_OMCPartner,PCN,varchar,No Change,vw_Dim_OMCPartner,PCN,
Sales,vw_Dim_OMCPartner,SPLAKey,bigint,No Change,vw_Dim_OMCPartner,SPLAKey,
Sales,vw_Dim_OMCPartner,SPLAName,varchar,No Change,vw_Dim_OMCPartner,SPLAName,
Sales,vw_Dim_PartnerAssociation,AssociationKey,bigint,No Change,vw_Dim_PartnerAssociation,AssociationKey,
Sales,vw_Dim_PartnerAssociation,AssociationID,bigint,No Change,vw_Dim_PartnerAssociation,AssociationID,
Sales,vw_Dim_PartnerAssociation,IsDisti,varchar,No Change,vw_Dim_PartnerAssociation,IsDisti,
Sales,vw_Dim_PartnerAssociation,IsPartnerAssociated (Revenue),varchar,No Change,vw_Dim_PartnerAssociation,IsPartnerAssociated (Revenue),
Sales,vw_Dim_PartnerAssociation,RevenueType,varchar,No Change,vw_Dim_PartnerAssociation,RevenueType,
Sales,vw_Dim_PartnerOneGroup,GroupKey,int,No Change,vw_Dim_PartnerOneGroup,GroupKey,
Sales,vw_Dim_PartnerOneGroup,GroupName,varchar,No Change,vw_Dim_PartnerOneGroup,GroupName,
Sales,vw_Dim_Perspective,PerspectiveKey,int,No Change,vw_Dim_Perspective,PerspectiveKey,
Sales,vw_Dim_Perspective,PerspectiveName,varchar,No Change,vw_Dim_Perspective,PerspectiveName,
Sales,vw_Dim_Product,ProductKey,int,No Change,vw_Dim_Product,ProductKey,
Sales,vw_Dim_Product,IsHardware,varchar,No Change,vw_Dim_Product,IsHardware,
Sales,vw_Dim_Product,IsMicrosoft365,varchar,No Change,vw_Dim_Product,IsMicrosoft365,
Sales,vw_Dim_Product,OLServiceFlagID,int,No Change,vw_Dim_Product,OLServiceFlagID,
Sales,vw_Dim_Product,ProductFamilyCode,varchar,No Change,vw_Dim_Product,ProductFamilyCode,
Sales,vw_Dim_Product,ProductFamilyID,int,No Change,vw_Dim_Product,ProductFamilyID,
Sales,vw_Dim_Product,ProductFamilyName,varchar,No Change,vw_Dim_Product,ProductFamilyName,
Sales,vw_Dim_Product,ProductID,int,No Change,vw_Dim_Product,ProductID,
Sales,vw_Dim_Product,ProductName,varchar,No Change,vw_Dim_Product,ProductName,
Sales,vw_Dim_Product,ReportingProductID,int,No Change,vw_Dim_Product,ReportingProductID,
Sales,vw_Dim_Product,ReportingProductName,varchar,No Change,vw_Dim_Product,ReportingProductName,
Sales,vw_Dim_Product,RevSumCategoryCode,varchar,No Change,vw_Dim_Product,RevSumCategoryCode,
Sales,vw_Dim_Product,RevSumCategoryID,int,No Change,vw_Dim_Product,RevSumCategoryID,
Sales,vw_Dim_Product,RevSumCategoryName,varchar,No Change,vw_Dim_Product,RevSumCategoryName,
Sales,vw_Dim_Product,RevSumDivisionCode,varchar,No Change,vw_Dim_Product,RevSumDivisionCode,
Sales,vw_Dim_Product,RevSumDivisionID,int,No Change,vw_Dim_Product,RevSumDivisionID,
Sales,vw_Dim_Product,RevSumDivisionName,varchar,No Change,vw_Dim_Product,RevSumDivisionName,
Sales,vw_Dim_Product,SolutionArea,varchar,No Change,vw_Dim_Product,SolutionArea,
Sales,vw_Dim_Product,,,New Column,vw_Dim_Product,SolutionAreaDetail,
Sales,vw_Dim_Product,SuperRevSumDivisionCode,varchar,No Change,vw_Dim_Product,SuperRevSumDivisionCode,
Sales,vw_Dim_Product,SuperRevSumDivisionID,int,No Change,vw_Dim_Product,SuperRevSumDivisionID,
Sales,vw_Dim_Product,SuperRevSumDivisionName,varchar,No Change,vw_Dim_Product,SuperRevSumDivisionName,
Sales,vw_Dim_ProductPartNumber,ProductKey,int,No Change,vw_Dim_ProductPartNumber,ProductKey,
Sales,vw_Dim_ProductPartNumber,ProductName,varchar,No Change,vw_Dim_ProductPartNumber,ProductName,
Sales,vw_Dim_ProductPartNumber,ProductPartNumber,varchar,No Change,vw_Dim_ProductPartNumber,ProductPartNumber,
Sales,vw_Dim_ProductPartNumber,ProductType,varchar,No Change,vw_Dim_ProductPartNumber,ProductType,
Sales,vw_Dim_ProductType,DetailProductTypeKey,int,No Change,vw_Dim_ProductType,DetailProductTypeKey,
Sales,vw_Dim_ProductType,DetailProductType,varchar,No Change,vw_Dim_ProductType,DetailProductType,
Sales,vw_Dim_ProductType,OLServiceFlagKey,int,No Change,vw_Dim_ProductType,OLServiceFlagKey,
Sales,vw_Dim_ProductType,ProductGroup,varchar,No Change,vw_Dim_ProductType,ProductGroup,
Sales,vw_Dim_ProductType,ProductGroupID,int,No Change,vw_Dim_ProductType,ProductGroupID,
Sales,vw_Dim_ProductType,ProductType,varchar,No Change,vw_Dim_ProductType,ProductType,
Sales,vw_Dim_ProductType,ProductTypeID,int,No Change,vw_Dim_ProductType,ProductTypeID,
Sales,vw_Dim_ProgramMSS,ProgramKey,int,No Change,vw_Dim_ProgramMSS,ProgramKey,
Sales,vw_Dim_ProgramMSS,ProgramCode,varchar,No Change,vw_Dim_ProgramMSS,ProgramCode,
Sales,vw_Dim_ProgramMSS,ProgramID,int,No Change,vw_Dim_ProgramMSS,ProgramID,
Sales,vw_Dim_ProgramMSS,ProgramName,varchar,No Change,vw_Dim_ProgramMSS,ProgramName,
Sales,vw_Dim_ProgramOffering,ProgramOfferingKey,int,No Change,vw_Dim_ProgramOffering,ProgramOfferingKey,
Sales,vw_Dim_ProgramOffering,ProgramOfferingID,int,No Change,vw_Dim_ProgramOffering,ProgramOfferingID,
Sales,vw_Dim_ProgramOffering,ProgramOfferingName,varchar,No Change,vw_Dim_ProgramOffering,ProgramOfferingName,
Sales,vw_Dim_ProgramOfferingType,ProgramOfferingTypeKey,smallint,No Change,vw_Dim_ProgramOfferingType,ProgramOfferingTypeKey,
Sales,vw_Dim_ProgramOfferingType,ProgramOfferingTypeID,smallint,No Change,vw_Dim_ProgramOfferingType,ProgramOfferingTypeID,
Sales,vw_Dim_ProgramOfferingType,ProgramOfferingTypeCode,varchar,No Change,vw_Dim_ProgramOfferingType,ProgramOfferingTypeCode,
Sales,vw_Dim_ProgramOfferingType,ProgramOfferingTypeName,varchar,No Change,vw_Dim_ProgramOfferingType,ProgramOfferingTypeName,
Sales,vw_Dim_PurchaseType,PurchaseTypeKey,int,No Change,vw_Dim_PurchaseType,PurchaseTypeKey,
Sales,vw_Dim_PurchaseType,PurchaseTypeName,varchar,No Change,vw_Dim_PurchaseType,PurchaseTypeName,
Sales,vw_Dim_ReportedSegment,ReportedSubSegmentKey,int,No Change,vw_Dim_ReportedSegment,ReportedSubSegmentKey,
Sales,vw_Dim_ReportedSegment,ReportedCustomReportingSummarySegment,varchar,No Change,vw_Dim_ReportedSegment,ReportedCustomReportingSummarySegment,
Sales,vw_Dim_ReportedSegment,ReportedCustomReportingSummarySubSegment,varchar,No Change,vw_Dim_ReportedSegment,ReportedCustomReportingSummarySubSegment,
Sales,vw_Dim_ReportedSegment,ReportedCustomSummarySegment,varchar,No Change,vw_Dim_ReportedSegment,ReportedCustomSummarySegment,
Sales,vw_Dim_ReportedSegment,ReportedCustomSummarySubSegment,varchar,No Change,vw_Dim_ReportedSegment,ReportedCustomSummarySubSegment,
Sales,vw_Dim_ReportedSegment,ReportedSegment,varchar,No Change,vw_Dim_ReportedSegment,ReportedSegment,
Sales,vw_Dim_ReportedSegment,ReportedSegmentFiltering,varchar,No Change,vw_Dim_ReportedSegment,ReportedSegmentFiltering,
Sales,vw_Dim_ReportedSegment,ReportedSegmentKey,int,No Change,vw_Dim_ReportedSegment,ReportedSegmentKey,
Sales,vw_Dim_ReportedSegment,ReportedSubSegmentID,int,No Change,vw_Dim_ReportedSegment,ReportedSubSegmentID,
Sales,vw_Dim_ReportedSegment,ReportedSubSegmentName,varchar,No Change,vw_Dim_ReportedSegment,ReportedSubSegmentName,
Sales,vw_Dim_ReportedSegment,ReportedSummarySegment,varchar,No Change,vw_Dim_ReportedSegment,ReportedSummarySegment,
Sales,vw_Dim_ReportedSegment,ReportedSummarySegmentID,int,No Change,vw_Dim_ReportedSegment,ReportedSummarySegmentID,
Sales,vw_Dim_ReportedSegment,ReportedTopSegment,varchar,No Change,vw_Dim_ReportedSegment,ReportedTopSegment,
Sales,vw_Dim_ReportingProduct,AUReportingProductName,varchar,No Change,vw_Dim_ReportingProduct,AUReportingProductName,
Sales,vw_Dim_ReportingProduct,CustomReportingProductID,int,No Change,vw_Dim_ReportingProduct,CustomReportingProductID,
Sales,vw_Dim_ReportingProduct,CustomReportingProductName,varchar,No Change,vw_Dim_ReportingProduct,CustomReportingProductName,
Sales,vw_Dim_ReportingProduct,IsCloudProduct,varchar,No Change,vw_Dim_ReportingProduct,IsCloudProduct,
Sales,vw_Dim_ReportingProduct,IsHardware,varchar,No Change,vw_Dim_ReportingProduct,IsHardware,
Sales,vw_Dim_ReportingProduct,IsMicrosoft365,varchar,No Change,vw_Dim_ReportingProduct,IsMicrosoft365,
Sales,vw_Dim_ReportingProduct,IsO365Premium,varchar,No Change,vw_Dim_ReportingProduct,IsO365Premium,
Sales,vw_Dim_ReportingProduct,Office Mix Flag,varchar,No Change,vw_Dim_ReportingProduct,Office Mix Flag,
Sales,vw_Dim_ReportingProduct,ProductFamilyCode,varchar,No Change,vw_Dim_ReportingProduct,ProductFamilyCode,
Sales,vw_Dim_ReportingProduct,ProductFamilyKey,int,No Change,vw_Dim_ReportingProduct,ProductFamilyKey,
Sales,vw_Dim_ReportingProduct,ProductFamilyName,varchar,No Change,vw_Dim_ReportingProduct,ProductFamilyName,
Sales,vw_Dim_ReportingProduct,ReportingProductID,int,No Change,vw_Dim_ReportingProduct,ReportingProductID,
Sales,vw_Dim_ReportingProduct,ReportingProductName,varchar,No Change,vw_Dim_ReportingProduct,ReportingProductName,
Sales,vw_Dim_ReportingProduct,RevSumCategoryID,int,No Change,vw_Dim_ReportingProduct,RevSumCategoryID,
Sales,vw_Dim_ReportingProduct,RevSumCategoryName,varchar,No Change,vw_Dim_ReportingProduct,RevSumCategoryName,
Sales,vw_Dim_ReportingProduct,RevSumDivisionID,int,No Change,vw_Dim_ReportingProduct,RevSumDivisionID,
Sales,vw_Dim_ReportingProduct,RevSumDivisionName,varchar,No Change,vw_Dim_ReportingProduct,RevSumDivisionName,
Sales,vw_Dim_ReportingProduct,SKU Type,int,No Change,vw_Dim_ReportingProduct,SKU Type,
Sales,vw_Dim_ReportingProduct,SolutionArea,varchar,No Change,vw_Dim_ReportingProduct,SolutionArea,
Sales,vw_Dim_ReportingProduct,,,New Column,vw_Dim_ReportingProduct,SolutionAreaDetail,
Sales,vw_Dim_ReportingProduct,SolutionAreaSortOrder,int,No Change,vw_Dim_ReportingProduct,SolutionAreaSortOrder,
Sales,vw_Dim_ReportingProduct,SuperRevSumDivisionID,int,No Change,vw_Dim_ReportingProduct,SuperRevSumDivisionID,
Sales,vw_Dim_ReportingProduct,SuperRevSumDivisionName,varchar,No Change,vw_Dim_ReportingProduct,SuperRevSumDivisionName,
Sales,vw_Dim_Reseller,ResellerKey,varchar,No Change,vw_Dim_Reseller,ResellerKey,
Sales,vw_Dim_Reseller,ResellerID,varchar,No Change,vw_Dim_Reseller,ResellerID,
Sales,vw_Dim_Reseller,ResellerName,varchar,No Change,vw_Dim_Reseller,ResellerName,
Sales,vw_Dim_RevenueType,Revenuekey,int,No Change,vw_Dim_RevenueType,Revenuekey,
Sales,vw_Dim_RevenueType,IsPartnerAssociated,varchar,No Change,vw_Dim_RevenueType,IsPartnerAssociated,
Sales,vw_Dim_RevenueType,PartnerAssociationkey,int,No Change,vw_Dim_RevenueType,PartnerAssociationkey,
Sales,vw_Dim_RevenueType,RevenueType,varchar,No Change,vw_Dim_RevenueType,RevenueType,
Sales,vw_Dim_RevenueType,RevenueTypeKey,int,No Change,vw_Dim_RevenueType,RevenueTypeKey,
Sales,vw_Dim_RevSumHierarchy,RevSumCategoryKey,int,No Change,vw_Dim_RevSumHierarchy,RevSumCategoryKey,
Sales,vw_Dim_RevSumHierarchy,ReportingProductID,int,No Change,vw_Dim_RevSumHierarchy,ReportingProductID,
Sales,vw_Dim_RevSumHierarchy,ReportingProductName,varchar,No Change,vw_Dim_RevSumHierarchy,ReportingProductName,
Sales,vw_Dim_RevSumHierarchy,ReportingRevSumDivisionID,int,No Change,vw_Dim_RevSumHierarchy,ReportingRevSumDivisionID,
Sales,vw_Dim_RevSumHierarchy,ReportingRevSumDivisionName,varchar,No Change,vw_Dim_RevSumHierarchy,ReportingRevSumDivisionName,
Sales,vw_Dim_RevSumHierarchy,ReportingSummaryRevSumDivisionID,int,No Change,vw_Dim_RevSumHierarchy,ReportingSummaryRevSumDivisionID,
Sales,vw_Dim_RevSumHierarchy,ReportingSummaryRevSumDivisionName,varchar,No Change,vw_Dim_RevSumHierarchy,ReportingSummaryRevSumDivisionName,
Sales,vw_Dim_RevSumHierarchy,RevSumCategoryName,varchar,No Change,vw_Dim_RevSumHierarchy,RevSumCategoryName,
Sales,vw_Dim_RevSumHierarchy,RevSumDivisionID,int,No Change,vw_Dim_RevSumHierarchy,RevSumDivisionID,
Sales,vw_Dim_RevSumHierarchy,RevSumDivisionName,varchar,No Change,vw_Dim_RevSumHierarchy,RevSumDivisionName,
Sales,vw_Dim_RevSumHierarchy,SalesPlayGroup,varchar,No Change,vw_Dim_RevSumHierarchy,SalesPlayGroup,
Sales,vw_Dim_RevSumHierarchy,SolutionArea,varchar,No Change,vw_Dim_RevSumHierarchy,SolutionArea,
Sales,vw_Dim_RevSumHierarchy,,,New Column,vw_Dim_RevSumHierarchy,SolutionAreaDetail,
Sales,vw_Dim_RevSumHierarchy,SuperRevSumDivisionID,int,No Change,vw_Dim_RevSumHierarchy,SuperRevSumDivisionID,
Sales,vw_Dim_RevSumHierarchy,SuperRevSumDivisionName,varchar,No Change,vw_Dim_RevSumHierarchy,SuperRevSumDivisionName,
Sales,vw_Dim_SalesGeography,SalesGeographyKey,int,No Change,vw_Dim_SalesGeography,SalesGeographyKey,
Sales,vw_Dim_SalesGeography,Area,varchar,No Change,vw_Dim_SalesGeography,Area,
Sales,vw_Dim_SalesGeography,AreaCode,varchar,No Change,vw_Dim_SalesGeography,AreaCode,
Sales,vw_Dim_SalesGeography,AreaID,int,No Change,vw_Dim_SalesGeography,AreaID,
Sales,vw_Dim_SalesGeography,BigAreaCode,varchar,No Change,vw_Dim_SalesGeography,BigAreaCode,
Sales,vw_Dim_SalesGeography,BigAreaID,int,No Change,vw_Dim_SalesGeography,BigAreaID,
Sales,vw_Dim_SalesGeography,BigAreaName,varchar,No Change,vw_Dim_SalesGeography,BigAreaName,
Sales,vw_Dim_SalesGeography,CountryCode,varchar,No Change,vw_Dim_SalesGeography,CountryCode,
Sales,vw_Dim_SalesGeography,CountryID,int,No Change,vw_Dim_SalesGeography,CountryID,
Sales,vw_Dim_SalesGeography,CountryName,varchar,No Change,vw_Dim_SalesGeography,CountryName,
Sales,vw_Dim_SalesGeography,EmergingMarketFlagID,int,No Change,vw_Dim_SalesGeography,EmergingMarketFlagID,
Sales,vw_Dim_SalesGeography,Region,varchar,No Change,vw_Dim_SalesGeography,Region,
Sales,vw_Dim_SalesGeography,RegionCode,varchar,No Change,vw_Dim_SalesGeography,RegionCode,
Sales,vw_Dim_SalesGeography,RegionID,int,No Change,vw_Dim_SalesGeography,RegionID,
Sales,vw_Dim_SalesGeography,SubRegion,varchar,No Change,vw_Dim_SalesGeography,SubRegion,
Sales,vw_Dim_SalesGeography,SubRegionCode,varchar,No Change,vw_Dim_SalesGeography,SubRegionCode,
Sales,vw_Dim_SalesGeography,SubRegionID,int,No Change,vw_Dim_SalesGeography,SubRegionID,
Sales,vw_Dim_SalesGeography,Subsidiary,varchar,No Change,vw_Dim_SalesGeography,Subsidiary,
Sales,vw_Dim_SalesGeography,SubsidiaryCode,varchar,No Change,vw_Dim_SalesGeography,SubsidiaryCode,
Sales,vw_Dim_SalesGeography,SubsidiaryID,int,No Change,vw_Dim_SalesGeography,SubsidiaryID,
Sales,vw_Dim_SalesGroupHierarchy,ATUID,int,No Change,vw_Dim_SalesGroupHierarchy,ATUID,
Sales,vw_Dim_SalesGroupHierarchy,SalesGroupID,int,No Change,vw_Dim_SalesGroupHierarchy,SalesGroupID,
Sales,vw_Dim_SalesGroupHierarchy,SalesTeamID,int,No Change,vw_Dim_SalesGroupHierarchy,SalesTeamID,
Sales,vw_Dim_SalesGroupHierarchy,SalesTerritoryID,int,No Change,vw_Dim_SalesGroupHierarchy,SalesTerritoryID,
Sales,vw_Dim_SalesGroupHierarchy,SalesUnitID,int,No Change,vw_Dim_SalesGroupHierarchy,SalesUnitID,
Sales,vw_Dim_SalesGroupHierarchy,SubsidiaryId,int,No Change,vw_Dim_SalesGroupHierarchy,SubsidiaryId,
Sales,vw_Dim_SalesGroupHierarchy,AtuName,varchar,No Change,vw_Dim_SalesGroupHierarchy,AtuName,
Sales,vw_Dim_SalesGroupHierarchy,EOU,varchar,No Change,vw_Dim_SalesGroupHierarchy,EOU,
Sales,vw_Dim_SalesGroupHierarchy,SalesGroupName,varchar,No Change,vw_Dim_SalesGroupHierarchy,SalesGroupName,
Sales,vw_Dim_SalesGroupHierarchy,SalesTeamName,varchar,No Change,vw_Dim_SalesGroupHierarchy,SalesTeamName,
Sales,vw_Dim_SalesGroupHierarchy,SalesTerritoryName,varchar,No Change,vw_Dim_SalesGroupHierarchy,SalesTerritoryName,
Sales,vw_Dim_SalesModel,SalesModelKey,int,No Change,vw_Dim_SalesModel,SalesModelKey,
Sales,vw_Dim_SalesModel,DetailSalesModelName,varchar,No Change,vw_Dim_SalesModel,DetailSalesModelName,
Sales,vw_Dim_SalesModel,ReportingSalesModelName,varchar,No Change,vw_Dim_SalesModel,ReportingSalesModelName,
Sales,vw_Dim_SalesModel,SalesModelID,int,No Change,vw_Dim_SalesModel,SalesModelID,
Sales,vw_Dim_SalesModel,SalesModelName,varchar,No Change,vw_Dim_SalesModel,SalesModelName,
Sales,vw_Dim_SalesModel,SummarySalesModelID,int,No Change,vw_Dim_SalesModel,SummarySalesModelID,
Sales,vw_Dim_SalesModel,SummarySalesModelName,varchar,No Change,vw_Dim_SalesModel,SummarySalesModelName,
Sales,vw_Dim_Segment,SubSegmentKey,int,No Change,vw_Dim_Segment,SubSegmentKey,
Sales,vw_Dim_Segment,CustomReportingSummarySegment,varchar,No Change,vw_Dim_Segment,CustomReportingSummarySegment,
Sales,vw_Dim_Segment,CustomReportingSummarySubSegment,varchar,No Change,vw_Dim_Segment,CustomReportingSummarySubSegment,
Sales,vw_Dim_Segment,CustomSummarySegment,varchar,No Change,vw_Dim_Segment,CustomSummarySegment,
Sales,vw_Dim_Segment,CustomSummarySubSegment,varchar,No Change,vw_Dim_Segment,CustomSummarySubSegment,
Sales,vw_Dim_Segment,SegmentID,int,No Change,vw_Dim_Segment,SegmentID,
Sales,vw_Dim_Segment,SegmentName,varchar,No Change,vw_Dim_Segment,SegmentName,
Sales,vw_Dim_Segment,SubSegmentID,int,No Change,vw_Dim_Segment,SubSegmentID,
Sales,vw_Dim_Segment,SubsegmentName,varchar,No Change,vw_Dim_Segment,SubsegmentName,
Sales,vw_Dim_Segment,SummarySegmentID,int,No Change,vw_Dim_Segment,SummarySegmentID,
Sales,vw_Dim_Segment,SummarySegmentName,varchar,No Change,vw_Dim_Segment,SummarySegmentName,
Sales,vw_Dim_Segment,TopSegment,varchar,No Change,vw_Dim_Segment,TopSegment,
Sales,vw_Dim_SKU,SKUKey,float,No Change,vw_Dim_SKU,SKUKey,
Sales,vw_Dim_SKU,O365SKU,varchar,No Change,vw_Dim_SKU,O365SKU,
Sales,vw_Dim_SKU,Product,varchar,No Change,vw_Dim_SKU,Product,
Sales,vw_Dim_SKU,ProductGroup,varchar,No Change,vw_Dim_SKU,ProductGroup,
Sales,vw_Dim_SKU,SKU,varchar,No Change,vw_Dim_SKU,SKU,
Sales,vw_Dim_SKU,SKUGroupType,varchar,No Change,vw_Dim_SKU,SKUGroupType,
Sales,vw_Dim_SKU,SKUID,varchar,No Change,vw_Dim_SKU,SKUID,
Sales,vw_Dim_SKU,SKUType,varchar,No Change,vw_Dim_SKU,SKUType,
Sales,vw_Dim_SKUGroupType,PlanKey,int,No Change,vw_Dim_SKUGroupType,PlanKey,
Sales,vw_Dim_SKUGroupType,Plan,varchar,No Change,vw_Dim_SKUGroupType,Plan,
Sales,vw_Dim_SKUGroupType,ProductGroup,varchar,No Change,vw_Dim_SKUGroupType,ProductGroup,
Sales,vw_Dim_SKUGroupType,SKUGroupType,varchar,No Change,vw_Dim_SKUGroupType,SKUGroupType,
Sales,vw_Dim_SKUGroupType,SKUGroupTypeKey,int,No Change,vw_Dim_SKUGroupType,SKUGroupTypeKey,
Sales,vw_Dim_SKUType,SKUTypeKey,int,No Change,vw_Dim_SKUType,SKUTypeKey,
Sales,vw_Dim_SKUType,SKUType,varchar,No Change,vw_Dim_SKUType,SKUType,
Sales,vw_Dim_SPLAR,SPLARKey,int,No Change,vw_Dim_SPLAR,SPLARKey,
Sales,vw_Dim_SPLAR,ChannelPartnerOneID,bigint,No Change,vw_Dim_SPLAR,ChannelPartnerOneID,
Sales,vw_Dim_SPLAR,ChannelPartnerOneName,varchar,No Change,vw_Dim_SPLAR,ChannelPartnerOneName,
Sales,vw_Dim_SPLAR,MSSalesTPID,bigint,No Change,vw_Dim_SPLAR,MSSalesTPID,
Sales,vw_Dim_SPLAR,MSSalesTPIDType,varchar,No Change,vw_Dim_SPLAR,MSSalesTPIDType,
Sales,vw_Dim_SPLAR,MSSalesTPName,varchar,No Change,vw_Dim_SPLAR,MSSalesTPName,
Sales,vw_Dim_SPLAR,SPLAR,varchar,No Change,vw_Dim_SPLAR,SPLAR,
Sales,vw_Dim_SPLAR,SPLARID,varchar,No Change,vw_Dim_SPLAR,SPLARID,
Sales,vw_Dim_SPLAR,SPLARType,varchar,No Change,vw_Dim_SPLAR,SPLARType,
Sales,vw_Dim_Subscription,SubscriptionKey,bigint,No Change,vw_Dim_Subscription,SubscriptionKey,
Sales,vw_Dim_Subscription,SubscriptionEndDateKey,int,No Change,vw_Dim_Subscription,SubscriptionEndDateKey,
Sales,vw_Dim_Subscription,SubscriptionStartDateKey,int,No Change,vw_Dim_Subscription,SubscriptionStartDateKey,
Sales,vw_Dim_Subscription,TenantKey,bigint,No Change,vw_Dim_Subscription,TenantKey,
Sales,vw_Dim_Subscription,CountryKey,int,No Change,vw_Dim_Subscription,CountryKey,
Sales,vw_Dim_Subscription,DataSource,varchar,No Change,vw_Dim_Subscription,DataSource,
Sales,vw_Dim_Subscription,IsAutoRenew,varchar,No Change,vw_Dim_Subscription,IsAutoRenew,
Sales,vw_Dim_Subscription,IsDeleted,varchar,No Change,vw_Dim_Subscription,IsDeleted,
Sales,vw_Dim_Subscription,LastUpdatedDate,datetime2,No Change,vw_Dim_Subscription,LastUpdatedDate,
Sales,vw_Dim_Subscription,MOCPV1CustomerKey,bigint,No Change,vw_Dim_Subscription,MOCPV1CustomerKey,
Sales,vw_Dim_Subscription,NonRenewalReasonName,varchar,No Change,vw_Dim_Subscription,NonRenewalReasonName,
Sales,vw_Dim_Subscription,ShipToCityName,varchar,No Change,vw_Dim_Subscription,ShipToCityName,
Sales,vw_Dim_Subscription,ShipToPostalCode,varchar,No Change,vw_Dim_Subscription,ShipToPostalCode,
Sales,vw_Dim_Subscription,ShipToRegion,varchar,No Change,vw_Dim_Subscription,ShipToRegion,
Sales,vw_Dim_Subscription,SubscriptionCreatedDate,datetime2,No Change,vw_Dim_Subscription,SubscriptionCreatedDate,
Sales,vw_Dim_Subscription,SubscriptionEndDate,date,No Change,vw_Dim_Subscription,SubscriptionEndDate,
Sales,vw_Dim_Subscription,SubscriptionID,varchar,No Change,vw_Dim_Subscription,SubscriptionID,
Sales,vw_Dim_Subscription,SubscriptionStartDate,date,No Change,vw_Dim_Subscription,SubscriptionStartDate,
Sales,vw_Dim_Subscription,SyndicationPartnerKey,int,No Change,vw_Dim_Subscription,SyndicationPartnerKey,
Sales,vw_Dim_Subscription,TrialToPaidConversionDate,datetime2,No Change,vw_Dim_Subscription,TrialToPaidConversionDate,
Sales,vw_Dim_SubscriptionAttr,SubscriptionKey,bigint,No Change,vw_Dim_SubscriptionAttr,SubscriptionKey,
Sales,vw_Dim_SubscriptionAttr,SalesModelKey,int,No Change,vw_Dim_SubscriptionAttr,SalesModelKey,
Sales,vw_Dim_SubscriptionAttr,SubscriptionStartDateKey,int,No Change,vw_Dim_SubscriptionAttr,SubscriptionStartDateKey,
Sales,vw_Dim_SubscriptionAttr,SubscriptionStatusKey,int,No Change,vw_Dim_SubscriptionAttr,SubscriptionStatusKey,
Sales,vw_Dim_SubscriptionAttr,AccountSKUIdentifier,varchar,No Change,vw_Dim_SubscriptionAttr,AccountSKUIdentifier,
Sales,vw_Dim_SubscriptionAttr,DistiPartnerID,varchar,No Change,vw_Dim_SubscriptionAttr,DistiPartnerID,
Sales,vw_Dim_SubscriptionAttr,IsAddon,varchar,No Change,vw_Dim_SubscriptionAttr,IsAddon,
Sales,vw_Dim_SubscriptionAttr,IsFilteredInPPR,varchar,No Change,vw_Dim_SubscriptionAttr,IsFilteredInPPR,
Sales,vw_Dim_SubscriptionAttr,IsIURSubscription,varchar,No Change,vw_Dim_SubscriptionAttr,IsIURSubscription,
Sales,vw_Dim_SubscriptionAttr,IsTrial,varchar,No Change,vw_Dim_SubscriptionAttr,IsTrial,
Sales,vw_Dim_SubscriptionAttr,OfferKey,int,No Change,vw_Dim_SubscriptionAttr,OfferKey,
Sales,vw_Dim_SubscriptionAttr,PartnerID,varchar,No Change,vw_Dim_SubscriptionAttr,PartnerID,
Sales,vw_Dim_SubscriptionAttr,ProductKey,int,No Change,vw_Dim_SubscriptionAttr,ProductKey,
Sales,vw_Dim_SubscriptionAttr,QuoteKey,int,No Change,vw_Dim_SubscriptionAttr,QuoteKey,
Sales,vw_Dim_SubscriptionAttr,SummarySalesModelID,int,No Change,vw_Dim_SubscriptionAttr,SummarySalesModelID,
Sales,vw_Dim_SubscriptionAttr,UnitStatusKey,int,No Change,vw_Dim_SubscriptionAttr,UnitStatusKey,
Sales,vw_Dim_SubscriptionPartnerHistory,SubscriptionKey,bigint,No Change,vw_Dim_SubscriptionPartnerHistory,SubscriptionKey,
Sales,vw_Dim_SubscriptionPartnerHistory,PartnerID,varchar,No Change,vw_Dim_SubscriptionPartnerHistory,PartnerID,
Sales,vw_Dim_SubscriptionPartnerHistory,RowEndDateTime,date,No Change,vw_Dim_SubscriptionPartnerHistory,RowEndDateTime,
Sales,vw_Dim_SubscriptionPartnerHistory,RowStartDateTime,date,No Change,vw_Dim_SubscriptionPartnerHistory,RowStartDateTime,
Sales,vw_Dim_SubscriptionStatus,SubscriptionStatusKey,int,No Change,vw_Dim_SubscriptionStatus,SubscriptionStatusKey,
Sales,vw_Dim_SubscriptionStatus,StatusCategory,varchar,No Change,vw_Dim_SubscriptionStatus,StatusCategory,
Sales,vw_Dim_SubscriptionStatus,StatusCategoryID,int,No Change,vw_Dim_SubscriptionStatus,StatusCategoryID,
Sales,vw_Dim_SubscriptionStatus,SubscriptionStatusID,int,No Change,vw_Dim_SubscriptionStatus,SubscriptionStatusID,
Sales,vw_Dim_SubscriptionStatus,SubscriptionStatusName,varchar,No Change,vw_Dim_SubscriptionStatus,SubscriptionStatusName,
Sales,vw_Dim_SubscriptionType,SubscriptionTypeKey,bigint,No Change,vw_Dim_SubscriptionType,SubscriptionTypeKey,
Sales,vw_Dim_SubscriptionType,DueIn,varchar,No Change,vw_Dim_SubscriptionType,DueIn,
Sales,vw_Dim_SubscriptionType,IsAutoRenew,varchar,No Change,vw_Dim_SubscriptionType,IsAutoRenew,
Sales,vw_Dim_SubscriptionType,IsAutoRenewFlag,int,No Change,vw_Dim_SubscriptionType,IsAutoRenewFlag,
Sales,vw_Dim_SubscriptionType,IsLostPORFlag,int,No Change,vw_Dim_SubscriptionType,IsLostPORFlag,
Sales,vw_Dim_SubscriptionType,IsLostPORInLAStMonth,varchar,No Change,vw_Dim_SubscriptionType,IsLostPORInLAStMonth,
Sales,vw_Dim_SubscriptionType,IsNewCustomerFlag,int,No Change,vw_Dim_SubscriptionType,IsNewCustomerFlag,
Sales,vw_Dim_SubscriptionType,IsNewCustomerSubscriptionInLastMonth,varchar,No Change,vw_Dim_SubscriptionType,IsNewCustomerSubscriptionInLastMonth,
Sales,vw_Dim_SubscriptionType,IsTrial,varchar,No Change,vw_Dim_SubscriptionType,IsTrial,
Sales,vw_Dim_SubscriptionType,IsTrialFlag,int,No Change,vw_Dim_SubscriptionType,IsTrialFlag,
Sales,vw_Dim_SubscriptionType,SubscriptionRenewalKey,int,No Change,vw_Dim_SubscriptionType,SubscriptionRenewalKey,
Sales,vw_Dim_Tenant,TenantKey,bigint,No Change,vw_Dim_Tenant,TenantKey,
Sales,vw_Dim_Tenant,AccountPUID,varchar,No Change,vw_Dim_Tenant,AccountPUID,
Sales,vw_Dim_Tenant,City,varchar,No Change,vw_Dim_Tenant,City,
Sales,vw_Dim_Tenant,CountryKey,int,No Change,vw_Dim_Tenant,CountryKey,
Sales,vw_Dim_Tenant,CurrentDefaultDomain,varchar,No Change,vw_Dim_Tenant,CurrentDefaultDomain,
Sales,vw_Dim_Tenant,DomainName,varchar,No Change,vw_Dim_Tenant,DomainName,
Sales,vw_Dim_Tenant,InitialDomain,varchar,No Change,vw_Dim_Tenant,InitialDomain,
Sales,vw_Dim_Tenant,IsMigratedToMINT,varchar,No Change,vw_Dim_Tenant,IsMigratedToMINT,
Sales,vw_Dim_Tenant,MTAccountIdentifier,int,No Change,vw_Dim_Tenant,MTAccountIdentifier,
Sales,vw_Dim_Tenant,OMSMINTAccountID,varchar,No Change,vw_Dim_Tenant,OMSMINTAccountID,
Sales,vw_Dim_Tenant,PostalCode,varchar,No Change,vw_Dim_Tenant,PostalCode,
Sales,vw_Dim_Tenant,Region,varchar,No Change,vw_Dim_Tenant,Region,
Sales,vw_Dim_Tenant,SourceSystemCode,varchar,No Change,vw_Dim_Tenant,SourceSystemCode,
Sales,vw_Dim_Tenant,TenantCreateDateTime,datetime2,No Change,vw_Dim_Tenant,TenantCreateDateTime,
Sales,vw_Dim_Tenant,TenantID,varchar,No Change,vw_Dim_Tenant,TenantID,
Sales,vw_Dim_Tenant,TenantKey_Source,int,No Change,vw_Dim_Tenant,TenantKey_Source,
Sales,vw_Dim_Tenant,TenantName,varchar,No Change,vw_Dim_Tenant,TenantName,
Sales,vw_Dim_Tenant,TenantSnapShotDateKey,int,No Change,vw_Dim_Tenant,TenantSnapShotDateKey,
Sales,vw_Dim_Tenant,V1TenantIdentifier,varchar,No Change,vw_Dim_Tenant,V1TenantIdentifier,
Sales,vw_Dim_TimePeriod,TimePeriodKey,int,No Change,vw_Dim_TimePeriod,TimePeriodKey,
Sales,vw_Dim_TimePeriod,TimePeriod,varchar,No Change,vw_Dim_TimePeriod,TimePeriod,
Sales,vw_Dim_UnifiedPartner,UnifiedPartnerKey,varchar,No Change,vw_Dim_UnifiedPartner,UnifiedPartnerKey,
Sales,vw_Dim_UnifiedPartner,Address,varchar,No Change,vw_Dim_UnifiedPartner,Address,
Sales,vw_Dim_UnifiedPartner,Area,varchar,No Change,vw_Dim_UnifiedPartner,Area,
Sales,vw_Dim_UnifiedPartner,GlobalDistributorGrouping,varchar,No Change,vw_Dim_UnifiedPartner,GlobalDistributorGrouping,
Sales,vw_Dim_UnifiedPartner,HasCloudCompetency,varchar,No Change,vw_Dim_UnifiedPartner,HasCloudCompetency,
Sales,vw_Dim_UnifiedPartner,HasProfile,varchar,No Change,vw_Dim_UnifiedPartner,HasProfile,
Sales,vw_Dim_UnifiedPartner,HasValidPartnerOne,varchar,No Change,vw_Dim_UnifiedPartner,HasValidPartnerOne,
Sales,vw_Dim_UnifiedPartner,HierarchyLevelName,varchar,No Change,vw_Dim_UnifiedPartner,HierarchyLevelName,
Sales,vw_Dim_UnifiedPartner,IsHyperscaler,varchar,No Change,vw_Dim_UnifiedPartner,IsHyperscaler,
Sales,vw_Dim_UnifiedPartner,IsPartnerAssociated (Usage/Consumption),varchar,No Change,vw_Dim_UnifiedPartner,IsPartnerAssociated (Usage/Consumption),
Sales,vw_Dim_UnifiedPartner,IsPartnerMastered,varchar,No Change,vw_Dim_UnifiedPartner,IsPartnerMastered,
Sales,vw_Dim_UnifiedPartner,IsPDMManaged,varchar,No Change,vw_Dim_UnifiedPartner,IsPDMManaged,
Sales,vw_Dim_UnifiedPartner,MembershipLevel,varchar,No Change,vw_Dim_UnifiedPartner,MembershipLevel,
Sales,vw_Dim_UnifiedPartner,MCPPMembershipLevel,varchar,No Change,vw_Dim_UnifiedPartner,MCPPMembershipLevel,
Sales,vw_Dim_UnifiedPartner,MembershipStartDate,date,No Change,vw_Dim_UnifiedPartner,MembershipStartDate,
Sales,vw_Dim_UnifiedPartner,MPNPartnerNameID,varchar,No Change,vw_Dim_UnifiedPartner,MPNPartnerNameID,
Sales,vw_Dim_UnifiedPartner,PartnerNameID,varchar,No Change,vw_Dim_UnifiedPartner,PartnerNameID,
Sales,vw_Dim_UnifiedPartner,OrganizationName,varchar,No Change,vw_Dim_UnifiedPartner,OrganizationName,
Sales,vw_Dim_UnifiedPartner,PartnerCenterEnrollmentEndDate,date,No Change,vw_Dim_UnifiedPartner,PartnerCenterEnrollmentEndDate,
Sales,vw_Dim_UnifiedPartner,PartnerHasOpportunity,varchar,No Change,vw_Dim_UnifiedPartner,PartnerHasOpportunity,
Sales,vw_Dim_UnifiedPartner,PartnerID,varchar,No Change,vw_Dim_UnifiedPartner,PartnerID,
Sales,vw_Dim_UnifiedPartner,PartnerOneID,int,No Change,vw_Dim_UnifiedPartner,PartnerOneID,
Sales,vw_Dim_UnifiedPartner,PartnerOneName,varchar,No Change,vw_Dim_UnifiedPartner,PartnerOneName,
Sales,vw_Dim_UnifiedPartner,PartnerOrgType,varchar,No Change,vw_Dim_UnifiedPartner,PartnerOrgType,
Sales,vw_Dim_UnifiedPartner,PartnerTimeZone,varchar,No Change,vw_Dim_UnifiedPartner,PartnerTimeZone,
Sales,vw_Dim_UnifiedPartner,PCN,varchar,No Change,vw_Dim_UnifiedPartner,PCN,
Sales,vw_Dim_UnifiedPartner,PhoneNumber,varchar,No Change,vw_Dim_UnifiedPartner,PhoneNumber,
Sales,vw_Dim_UnifiedPartner,PORAttach,varchar,No Change,vw_Dim_UnifiedPartner,PORAttach,
Sales,vw_Dim_UnifiedPartner,PrimaryContactName,varchar,No Change,vw_Dim_UnifiedPartner,PrimaryContactName,
Sales,vw_Dim_UnifiedPartner,ProgramName,varchar,No Change,vw_Dim_UnifiedPartner,ProgramName,
Sales,vw_Dim_UnifiedPartner,ProgramStatus,varchar,No Change,vw_Dim_UnifiedPartner,ProgramStatus,
Sales,vw_Fact_CustomerSeats,CustomerKey,int,No Change,vw_Fact_CustomerSeats,CustomerKey,
Sales,vw_Fact_CustomerSeats,SubscriptionKey,bigint,No Change,vw_Fact_CustomerSeats,SubscriptionKey,
Sales,vw_Fact_CustomerSeats,AssignedSeats,decimal,No Change,vw_Fact_CustomerSeats,AssignedSeats,
Sales,vw_Fact_CustomerSeats,SoldSeats,decimal,No Change,vw_Fact_CustomerSeats,SoldSeats,
Sales,vw_Bridge_AssociationPartnerSeat,ConsumptionKey,bigint,No Change,vw_Bridge_AssociationPartnerSeat,ConsumptionKey,
Sales,vw_Bridge_AssociationPartnerSeat,UnifiedPartnerKey,varchar,No Change,vw_Bridge_AssociationPartnerSeat,UnifiedPartnerKey,
Sales,vw_Bridge_AssociationPartnerSeat,SubscriptionKey,bigint,No Change,vw_Bridge_AssociationPartnerSeat,SubscriptionKey,
Sales,vw_Bridge_AssociationPartnerSeat,AssociationTypeKey,bigint,No Change,vw_Bridge_AssociationPartnerSeat,AssociationTypeKey,
Sales,vw_Bridge_AssociationPartnerSeat,PartnerOnekey,int,No Change,vw_Bridge_AssociationPartnerSeat,PartnerOnekey,
Sales,vw_Bridge_AssociationPartnerSeat,ProductKey,int,No Change,vw_Bridge_AssociationPartnerSeat,ProductKey,
Sales,vw_Bridge_AssociationPartnerSeat,PartnerOneReportingKey,bigint,No Change,vw_Bridge_AssociationPartnerSeat,PartnerOneReportingKey,
Sales,vw_Fact_MPLResellerAdvisor,PartnerOneKey,int,No Change,vw_Fact_MPLResellerAdvisor,PartnerOneKey,
Sales,vw_Fact_MPLResellerAdvisor,PartnerSubsidiaryKey,int,No Change,vw_Fact_MPLResellerAdvisor,PartnerSubsidiaryKey,
Sales,vw_Fact_MPLResellerAdvisor,PartnerKey,int,No Change,vw_Fact_MPLResellerAdvisor,PartnerKey,
Sales,vw_Fact_MPLResellerAdvisor,PartnerOrgType,varchar,No Change,vw_Fact_MPLResellerAdvisor,PartnerOrgType,
Sales,vw_Fact_MPLResellerAdvisor,PartnerOrgTypeKey,int,No Change,vw_Fact_MPLResellerAdvisor,PartnerOrgTypeKey,
Sales,vw_Bridge_ConsumptionPartnerSeat,ProductKey,int,No Change,vw_Bridge_ConsumptionPartnerSeat,ProductKey,
Sales,vw_Bridge_ConsumptionPartnerSeat,ConsumptionKey,bigint,No Change,vw_Bridge_ConsumptionPartnerSeat,ConsumptionKey,
Sales,vw_Bridge_ConsumptionPartnerSeat,SubscriptionKey,bigint,No Change,vw_Bridge_ConsumptionPartnerSeat,SubscriptionKey,
Sales,vw_Bridge_ConsumptionPartnerSeat,PartnerOneReportingKey,bigint,No Change,vw_Bridge_ConsumptionPartnerSeat,PartnerOneReportingKey,
Sales,vw_Bridge_CustomerSubscriptions,CustomerKey,int,No Change,vw_Bridge_CustomerSubscriptions,CustomerKey,
Sales,vw_Bridge_CustomerSubscriptions,HasValidPartnerAttachment,int,No Change,vw_Bridge_CustomerSubscriptions,HasValidPartnerAttachment,
Sales,vw_Bridge_CustomerSubscriptions,IsActiveOrInGraceSubscription,int,No Change,vw_Bridge_CustomerSubscriptions,IsActiveOrInGraceSubscription,
Sales,vw_Bridge_CustomerSubscriptions,ProductKey,int,No Change,vw_Bridge_CustomerSubscriptions,ProductKey,
Sales,vw_Bridge_CustomerSubscriptions,SubscriptionKey,bigint,No Change,vw_Bridge_CustomerSubscriptions,SubscriptionKey,
Sales,vw_Bridge_HostingMaster,AccountID,int,No Change,vw_Bridge_HostingMaster,AccountID,
Sales,vw_Bridge_HostingMaster,AccountInCRM,bit,No Change,vw_Bridge_HostingMaster,AccountInCRM,
Sales,vw_Bridge_HostingMaster,AccountName,varchar,No Change,vw_Bridge_HostingMaster,AccountName,
Sales,vw_Bridge_HostingMaster,AccountOwner,varchar,No Change,vw_Bridge_HostingMaster,AccountOwner,
Sales,vw_Bridge_HostingMaster,AgreementEndDate,datetime2,No Change,vw_Bridge_HostingMaster,AgreementEndDate,
Sales,vw_Bridge_HostingMaster,AgreementID,int,No Change,vw_Bridge_HostingMaster,AgreementID,
Sales,vw_Bridge_HostingMaster,AgreementNumber,varchar,No Change,vw_Bridge_HostingMaster,AgreementNumber,
Sales,vw_Bridge_HostingMaster,AgreementStartDate,datetime2,No Change,vw_Bridge_HostingMaster,AgreementStartDate,
Sales,vw_Bridge_HostingMaster,AgreementStatus,varchar,No Change,vw_Bridge_HostingMaster,AgreementStatus,
Sales,vw_Bridge_HostingMaster,AgreementType,varchar,No Change,vw_Bridge_HostingMaster,AgreementType,
Sales,vw_Bridge_HostingMaster,ContractTypeName,varchar,No Change,vw_Bridge_HostingMaster,ContractTypeName,
Sales,vw_Bridge_HostingMaster,CustomerSignedDate,datetime2,No Change,vw_Bridge_HostingMaster,CustomerSignedDate,
Sales,vw_Bridge_HostingMaster,CustSegment,varchar,No Change,vw_Bridge_HostingMaster,CustSegment,
Sales,vw_Bridge_HostingMaster,DIRCurrent,varchar,No Change,vw_Bridge_HostingMaster,DIRCurrent,
Sales,vw_Bridge_HostingMaster,DirectOMCOrganizationID,int,No Change,vw_Bridge_HostingMaster,DirectOMCOrganizationID,
Sales,vw_Bridge_HostingMaster,DIREndEffectiveDate,datetime2,No Change,vw_Bridge_HostingMaster,DIREndEffectiveDate,
Sales,vw_Bridge_HostingMaster,DIRStartEffectiveDate,datetime2,No Change,vw_Bridge_HostingMaster,DIRStartEffectiveDate,
Sales,vw_Bridge_HostingMaster,District,varchar,No Change,vw_Bridge_HostingMaster,District,
Sales,vw_Bridge_HostingMaster,HMC,varchar,No Change,vw_Bridge_HostingMaster,HMC,
Sales,vw_Bridge_HostingMaster,Hoster,varchar,No Change,vw_Bridge_HostingMaster,Hoster,
Sales,vw_Bridge_HostingMaster,HosterAddressLine1,varchar,No Change,vw_Bridge_HostingMaster,HosterAddressLine1,
Sales,vw_Fact_Revenue,AdvisorKey,int,No Change,vw_Fact_Revenue,AdvisorKey,
Sales,vw_Fact_Revenue,AllocationKey,int,No Change,vw_Fact_Revenue,AllocationKey,
Sales,vw_Fact_Revenue,AssociationKey,bigint,No Change,vw_Fact_Revenue,AssociationKey,
Sales,vw_Fact_Revenue,BusinessKey,int,No Change,vw_Fact_Revenue,BusinessKey,
Sales,vw_Fact_Revenue,CreditedGeographyKey,int,No Change,vw_Fact_Revenue,CreditedGeographyKey,
Sales,vw_Fact_Revenue,CustomerGeographyKey,int,No Change,vw_Fact_Revenue,CustomerGeographyKey,
Sales,vw_Fact_Revenue,CustomerKey,int,No Change,vw_Fact_Revenue,CustomerKey,
Sales,vw_Fact_Revenue,DetailPricingLevelKey,int,No Change,vw_Fact_Revenue,DetailPricingLevelKey,
Sales,vw_Fact_Revenue,DetailTransactionTypeKey,int,No Change,vw_Fact_Revenue,DetailTransactionTypeKey,
Sales,vw_Fact_Revenue,LicenseAgreementContractTypeKey,int,No Change,vw_Fact_Revenue,LicenseAgreementContractTypeKey,
Sales,vw_Fact_Revenue,OlServiceFlagKey,int,No Change,vw_Fact_Revenue,OlServiceFlagKey,
Sales,vw_Fact_Revenue,PlanKey,int,No Change,vw_Fact_Revenue,PlanKey,
Sales,vw_Fact_Revenue,ProductFamilyKey,int,No Change,vw_Fact_Revenue,ProductFamilyKey,
Sales,vw_Fact_Revenue,ProductKey,int,No Change,vw_Fact_Revenue,ProductKey,
Sales,vw_Fact_Revenue,ProgramKey,int,No Change,vw_Fact_Revenue,ProgramKey,
Sales,vw_Fact_Revenue,ProgramOfferingTypeKey,int,No Change,vw_Fact_Revenue,ProgramOfferingTypeKey,
Sales,vw_Fact_Revenue,ProgramOfferingKey,int,No Change,vw_Fact_Revenue,ProgramOfferingKey,
Sales,vw_Fact_Revenue,PurchaseTypeKey,int,No Change,vw_Fact_Revenue,PurchaseTypeKey,
Sales,vw_Fact_Revenue,ReportedSubSegmentKey,int,No Change,vw_Fact_Revenue,ReportedSubSegmentKey,
Sales,vw_Fact_Revenue,ResellerKey,varchar,No Change,vw_Fact_Revenue,ResellerKey,
Sales,vw_Fact_Revenue,SalesModelKey,int,No Change,vw_Fact_Revenue,SalesModelKey,
Sales,vw_Fact_Revenue,SPLARKey,int,No Change,vw_Fact_Revenue,SPLARKey,
Sales,vw_Fact_Revenue,SubscriptionID,nvarchar,No Change,vw_Fact_Revenue,SubscriptionID,
Sales,vw_Fact_Revenue,SubscriptionKey,bigint,No Change,vw_Fact_Revenue,SubscriptionKey,
Sales,vw_Fact_Revenue,TenantKey,bigint,No Change,vw_Fact_Revenue,TenantKey,
Sales,vw_Fact_Revenue,UserTypeKey,int,No Change,vw_Fact_Revenue,UserTypeKey,
Sales,vw_Fact_Revenue,AgreementID,varchar,No Change,vw_Fact_Revenue,AgreementID,
Sales,vw_Fact_Revenue,AssociationID,bigint,No Change,vw_Fact_Revenue,AssociationID,
Sales,vw_Fact_Revenue,BilledRevenue,decimal,No Change,vw_Fact_Revenue,BilledRevenue,
Sales,vw_Fact_Revenue,DistributorID_Source_Calc,varchar,No Change,vw_Fact_Revenue,DistributorID_Source_Calc,
Sales,vw_Fact_Revenue,DistributorPartnerID,varchar,No Change,vw_Fact_Revenue,DistributorPartnerID,
Sales,vw_Fact_Revenue,Enrollment,varchar,No Change,vw_Fact_Revenue,Enrollment,
Sales,vw_Fact_Revenue,FiscalMonthID,int,No Change,vw_Fact_Revenue,FiscalMonthID,
Sales,vw_Fact_Revenue,IsDisti,varchar,No Change,vw_Fact_Revenue,IsDisti,
Sales,vw_Fact_Revenue,LIRPartnerID,bigint,No Change,vw_Fact_Revenue,LIRPartnerID,
Sales,vw_Fact_Revenue,PartnerID,int,No Change,vw_Fact_Revenue,PartnerID,
Sales,vw_Fact_Revenue,ResellerID_Source,varchar,No Change,vw_Fact_Revenue,ResellerID_Source,
Sales,vw_Fact_Revenue,ResellerID_Source_Calc,varchar,No Change,vw_Fact_Revenue,ResellerID_Source_Calc,
Sales,vw_Fact_Revenue,ResellerID_source_FM,varchar,No Change,vw_Fact_Revenue,ResellerID_source_FM,
Sales,vw_Fact_Revenue,SubscriptionAgreement,varchar,No Change,vw_Fact_Revenue,SubscriptionAgreement,
Sales,vw_Fact_Revenue,BillingOptionKey,int,No Change,vw_Fact_Revenue,BillingOptionKey,
Sales,vw_Fact_Revenue,ChannelMotionKey,int,No Change,vw_Fact_Revenue,ChannelMotionKey,
Sales,vw_Fact_Sales,AdvisorKey,int,No Change,vw_Fact_Sales,AdvisorKey,
Sales,vw_Fact_Sales,AllocationKey,int,No Change,vw_Fact_Sales,AllocationKey,
Sales,vw_Fact_Sales,AssociationKey,bigint,No Change,vw_Fact_Sales,AssociationKey,
Sales,vw_Fact_Sales,BusinessKey,int,No Change,vw_Fact_Sales,BusinessKey,
Sales,vw_Fact_Sales,CreditedGeographyKey,int,No Change,vw_Fact_Sales,CreditedGeographyKey,
Sales,vw_Fact_Sales,CustomerGeographyKey,int,No Change,vw_Fact_Sales,CustomerGeographyKey,
Sales,vw_Fact_Sales,DetailPricingLevelKey,int,No Change,vw_Fact_Sales,DetailPricingLevelKey,
Sales,vw_Fact_Sales,DetailTransactionTypeKey,int,No Change,vw_Fact_Sales,DetailTransactionTypeKey,
Sales,vw_Fact_Sales,LicenseAgreementContractTypeKey,int,No Change,vw_Fact_Sales,LicenseAgreementContractTypeKey,
Sales,vw_Fact_Sales,OlServiceFlagKey,int,No Change,vw_Fact_Sales,OlServiceFlagKey,
Sales,vw_Fact_Sales,PlanKey,int,No Change,vw_Fact_Sales,PlanKey,
Sales,vw_Fact_Sales,ProductFamilyKey,int,No Change,vw_Fact_Sales,ProductFamilyKey,
Sales,vw_Fact_Sales,ProductKey,int,No Change,vw_Fact_Sales,ProductKey,
Sales,vw_Fact_Sales,ProgramKey,int,No Change,vw_Fact_Sales,ProgramKey,
Sales,vw_Fact_Sales,ProgramOfferingTypeKey,int,No Change,vw_Fact_Sales,ProgramOfferingTypeKey,
Sales,vw_Fact_Sales,ProgramOfferingKey,int,No Change,vw_Fact_Sales,ProgramOfferingKey,
Sales,vw_Fact_Sales,PurchaseTypeKey,int,No Change,vw_Fact_Sales,PurchaseTypeKey,
Sales,vw_Fact_Sales,ReportedSubSegmentKey,int,No Change,vw_Fact_Sales,ReportedSubSegmentKey,
Sales,vw_Fact_Sales,SalesModelKey,int,No Change,vw_Fact_Sales,SalesModelKey,
Sales,vw_Fact_Sales,SPLARKey,int,No Change,vw_Fact_Sales,SPLARKey,
Sales,vw_Fact_Sales,SubscriptionKey,bigint,No Change,vw_Fact_Sales,SubscriptionKey,
Sales,vw_Fact_Sales,TenantKey,bigint,No Change,vw_Fact_Sales,TenantKey,
Sales,vw_Fact_Sales,UserTypeKey,int,No Change,vw_Fact_Sales,UserTypeKey,
Sales,vw_Fact_Sales,AgreementID,varchar,No Change,vw_Fact_Sales,AgreementID,
Sales,vw_Fact_Sales,AssociationID,bigint,No Change,vw_Fact_Sales,AssociationID,
Sales,vw_Fact_Sales,DeployedSeats,decimal,No Change,vw_Fact_Sales,DeployedSeats,
Sales,vw_Fact_Sales,DeployedSeatsEOP,decimal,No Change,vw_Fact_Sales,DeployedSeatsEOP,
Sales,vw_Fact_Sales,DistributorPartnerID,varchar,No Change,vw_Fact_Sales,DistributorPartnerID,
Sales,vw_Fact_Sales,EndCustomerFlagKey,int,No Change,vw_Fact_Sales,EndCustomerFlagKey,
Sales,vw_Fact_Sales,Enrollment,varchar,No Change,vw_Fact_Sales,Enrollment,
Sales,vw_Fact_Sales,FiscalMonthID,int,No Change,vw_Fact_Sales,FiscalMonthID,
Sales,vw_Fact_Sales,IsCustomerHavingSeats,int,No Change,vw_Fact_Sales,IsCustomerHavingSeats,
Sales,vw_Fact_Sales,IsDisti,varchar,No Change,vw_Fact_Sales,IsDisti,
Sales,vw_Fact_Sales,IsSubscriptionAvailable,int,No Change,vw_Fact_Sales,IsSubscriptionAvailable,
Sales,vw_Fact_Sales,IsValidPartner,int,No Change,vw_Fact_Sales,IsValidPartner,
Sales,vw_Fact_Sales,Licenses,decimal,No Change,vw_Fact_Sales,Licenses,
Sales,vw_Fact_Sales,LIRPartnerID,bigint,No Change,vw_Fact_Sales,LIRPartnerID,
Sales,vw_Fact_Sales,MSSTPID,int,No Change,vw_Fact_Sales,MSSTPID,
Sales,vw_Fact_Sales,PartnerID,int,No Change,vw_Fact_Sales,PartnerID,
Sales,vw_Fact_Sales,ResellerID_Source,varchar,No Change,vw_Fact_Sales,ResellerID_Source,
Sales,vw_Fact_Sales,SoldSeats,decimal,No Change,vw_Fact_Sales,SoldSeats,
Sales,vw_Fact_Sales,SoldSeatsAdds,decimal,No Change,vw_Fact_Sales,SoldSeatsAdds,
Sales,vw_Fact_Sales,SoldSeatsEOP,decimal,No Change,vw_Fact_Sales,SoldSeatsEOP,
Sales,vw_Fact_Sales,SoldSeatsLost,decimal,No Change,vw_Fact_Sales,SoldSeatsLost,
Sales,vw_Fact_Sales,SoldSeatsRevenue,decimal,No Change,vw_Fact_Sales,SoldSeatsRevenue,
Sales,vw_Fact_Sales,StatusFlag,int,No Change,vw_Fact_Sales,StatusFlag,
Sales,vw_Fact_Sales,Unit Type,varchar,No Change,vw_Fact_Sales,Unit Type,
Sales,vw_Fact_Sales,BillingOptionKey,int,No Change,vw_Fact_Sales,BillingOptionKey,
Sales,vw_Fact_Sales,ChannelMotionKey,int,No Change,vw_Fact_Sales,ChannelMotionKey,
Sales,vw_Fact_Sales_Test,AdvisorKey,int,No Change,vw_Fact_Sales_Test,AdvisorKey,
Sales,vw_Fact_Sales_Test,AllocationKey,int,No Change,vw_Fact_Sales_Test,AllocationKey,
Sales,vw_Fact_Sales_Test,AssociationKey,bigint,No Change,vw_Fact_Sales_Test,AssociationKey,
Sales,vw_Fact_Sales_Test,BusinessKey,int,No Change,vw_Fact_Sales_Test,BusinessKey,
Sales,vw_Fact_Sales_Test,CreditedGeographyKey,int,No Change,vw_Fact_Sales_Test,CreditedGeographyKey,
Sales,vw_Fact_Sales_Test,CustomerGeographyKey,int,No Change,vw_Fact_Sales_Test,CustomerGeographyKey,
Sales,vw_Fact_Sales_Test,DetailPricingLevelKey,int,No Change,vw_Fact_Sales_Test,DetailPricingLevelKey,
Sales,vw_Fact_Sales_Test,DetailTransactionTypeKey,int,No Change,vw_Fact_Sales_Test,DetailTransactionTypeKey,
Sales,vw_Fact_Sales_Test,LicenseAgreementContractTypeKey,int,No Change,vw_Fact_Sales_Test,LicenseAgreementContractTypeKey,
Sales,vw_Fact_Sales_Test,OlServiceFlagKey,int,No Change,vw_Fact_Sales_Test,OlServiceFlagKey,
Sales,vw_Fact_Sales_Test,PlanKey,int,No Change,vw_Fact_Sales_Test,PlanKey,
Sales,vw_Fact_Sales_Test,ProductFamilyKey,int,No Change,vw_Fact_Sales_Test,ProductFamilyKey,
Sales,vw_Fact_Sales_Test,ProductKey,int,No Change,vw_Fact_Sales_Test,ProductKey,
Sales,vw_Fact_Sales_Test,ProgramKey,int,No Change,vw_Fact_Sales_Test,ProgramKey,
Sales,vw_Fact_Sales_Test,ProgramOfferingTypeKey,int,No Change,vw_Fact_Sales_Test,ProgramOfferingTypeKey,
Sales,vw_Fact_Sales_Test,ProgramOfferingKey,int,No Change,vw_Fact_Sales_Test,ProgramOfferingKey,
Sales,vw_Fact_Sales_Test,PurchaseTypeKey,int,No Change,vw_Fact_Sales_Test,PurchaseTypeKey,
Sales,vw_Fact_Sales_Test,ReportedSubSegmentKey,int,No Change,vw_Fact_Sales_Test,ReportedSubSegmentKey,
Sales,vw_Fact_Sales_Test,SalesModelKey,int,No Change,vw_Fact_Sales_Test,SalesModelKey,
Sales,vw_Fact_Sales_Test,SPLARKey,int,No Change,vw_Fact_Sales_Test,SPLARKey,
Sales,vw_Fact_Sales_Test,SubscriptionKey,bigint,No Change,vw_Fact_Sales_Test,SubscriptionKey,
Sales,vw_Fact_Sales_Test,TenantKey,bigint,No Change,vw_Fact_Sales_Test,TenantKey,
Sales,vw_Fact_Sales_Test,UserTypeKey,int,No Change,vw_Fact_Sales_Test,UserTypeKey,
Sales,vw_Fact_Sales_Test,AgreementID,varchar,No Change,vw_Fact_Sales_Test,AgreementID,
Sales,vw_Fact_Sales_Test,AssociationID,bigint,No Change,vw_Fact_Sales_Test,AssociationID,
Sales,vw_Fact_Sales_Test,DeployedSeats,decimal,No Change,vw_Fact_Sales_Test,DeployedSeats,
Sales,vw_Fact_Sales_Test,DeployedSeatsEOP,decimal,No Change,vw_Fact_Sales_Test,DeployedSeatsEOP,
Sales,vw_Fact_Sales_Test,DistributorPartnerID,varchar,No Change,vw_Fact_Sales_Test,DistributorPartnerID,
Sales,vw_Fact_Sales_Test,EndCustomerFlagKey,int,No Change,vw_Fact_Sales_Test,EndCustomerFlagKey,
Sales,vw_Fact_Sales_Test,Enrollment,varchar,No Change,vw_Fact_Sales_Test,Enrollment,
Sales,vw_Fact_Sales_Test,FiscalMonthID,int,No Change,vw_Fact_Sales_Test,FiscalMonthID,
Sales,vw_Fact_Sales_Test,IsCustomerHavingSeats,int,No Change,vw_Fact_Sales_Test,IsCustomerHavingSeats,
Sales,vw_Fact_Sales_Test,IsDisti,varchar,No Change,vw_Fact_Sales_Test,IsDisti,
Sales,vw_Fact_Sales_Test,IsSubscriptionAvailable,int,No Change,vw_Fact_Sales_Test,IsSubscriptionAvailable,
Sales,vw_Fact_Sales_Test,IsValidPartner,int,No Change,vw_Fact_Sales_Test,IsValidPartner,
Sales,vw_Fact_Sales_Test,Licenses,decimal,No Change,vw_Fact_Sales_Test,Licenses,
Sales,vw_Fact_Sales_Test,LIRPartnerID,bigint,No Change,vw_Fact_Sales_Test,LIRPartnerID,
Sales,vw_Fact_Sales_Test,MSSTPID,int,No Change,vw_Fact_Sales_Test,MSSTPID,
Sales,vw_Fact_Sales_Test,PartnerID,int,No Change,vw_Fact_Sales_Test,PartnerID,
Sales,vw_Fact_Sales_Test,ResellerID_Source,varchar,No Change,vw_Fact_Sales_Test,ResellerID_Source,
Sales,vw_Fact_Sales_Test,SoldSeats,decimal,No Change,vw_Fact_Sales_Test,SoldSeats,
Sales,vw_Fact_Sales_Test,SoldSeatsAdds,decimal,No Change,vw_Fact_Sales_Test,SoldSeatsAdds,
Sales,vw_Fact_Sales_Test,SoldSeatsEOP,decimal,No Change,vw_Fact_Sales_Test,SoldSeatsEOP,
Sales,vw_Fact_Sales_Test,SoldSeatsLost,decimal,No Change,vw_Fact_Sales_Test,SoldSeatsLost,
Sales,vw_Fact_Sales_Test,SoldSeatsRevenue,decimal,No Change,vw_Fact_Sales_Test,SoldSeatsRevenue,
Sales,vw_Fact_Sales_Test,StatusFlag,int,No Change,vw_Fact_Sales_Test,StatusFlag,
Sales,vw_Fact_Sales_Test,Unit Type,varchar,No Change,vw_Fact_Sales_Test,Unit Type,
Sales,vw_Fact_Sales_Test,BillingOptionKey,int,No Change,vw_Fact_Sales_Test,BillingOptionKey,
Sales,vw_Fact_Sales_Test,ChannelMotionKey,int,No Change,vw_Fact_Sales_Test,ChannelMotionKey,
Sales,vw_Fact_SeatsDetail,ConsumptionKey,bigint,No Change,vw_Fact_SeatsDetail,ConsumptionKey,
Sales,vw_Fact_SeatsDetail,CustomerGeographyKey,int,No Change,vw_Fact_SeatsDetail,CustomerGeographyKey,
Sales,vw_Fact_SeatsDetail,CustomerKey,int,No Change,vw_Fact_SeatsDetail,CustomerKey,
Sales,vw_Fact_SeatsDetail,PlanKey,int,No Change,vw_Fact_SeatsDetail,PlanKey,
Sales,vw_Fact_SeatsDetail,SubscriptionKey,bigint,No Change,vw_Fact_SeatsDetail,SubscriptionKey,
Sales,vw_Fact_SeatsDetail,TenantKey,bigint,No Change,vw_Fact_SeatsDetail,TenantKey,
Sales,vw_Fact_SeatsDetail,ReportingSnapshotDateKey,varchar,No Change,vw_Fact_SeatsDetail,ReportingSnapshotDateKey,
Sales,vw_Fact_SeatsDetail,SalesModelKey,int,No Change,vw_Fact_SeatsDetail,SalesModelKey,
Sales,vw_Fact_SeatsDetail,SubscriptionStatusKey,int,No Change,vw_Fact_SeatsDetail,SubscriptionStatusKey,
Sales,vw_Fact_SeatsDetail,AssignedSeats,decimal,No Change,vw_Fact_SeatsDetail,AssignedSeats,
Sales,vw_Fact_SeatsDetail,AvailableSeats,decimal,No Change,vw_Fact_SeatsDetail,AvailableSeats,
Sales,vw_Fact_SeatsDetail,DeploymentOpportunity,decimal,No Change,vw_Fact_SeatsDetail,DeploymentOpportunity,
Sales,vw_Fact_SeatsDetail,DistiPartnerKey,varchar,No Change,vw_Fact_SeatsDetail,DistiPartnerKey,
Sales,vw_Fact_SeatsDetail,RevSumDivisionKey,int,No Change,vw_Fact_SeatsDetail,RevSumDivisionKey,
Sales,vw_Fact_SeatsDetail,SubscriptionProductKey,bigint,No Change,vw_Fact_SeatsDetail,SubscriptionProductKey,
Sales,vw_Fact_SeatsDetail,SubscriptionTypeKey,int,No Change,vw_Fact_SeatsDetail,SubscriptionTypeKey,
Sales,vw_Bridge_HostingMaster,HosterAddressLine2,varchar,No Change,vw_Bridge_HostingMaster,HosterAddressLine2,
Sales,vw_Bridge_HostingMaster,HosterCity,varchar,No Change,vw_Bridge_HostingMaster,HosterCity,
Sales,vw_Bridge_HostingMaster,HosterCountryName,varchar,No Change,vw_Bridge_HostingMaster,HosterCountryName,
Sales,vw_Bridge_HostingMaster,HosterEmailAddress,varchar,No Change,vw_Bridge_HostingMaster,HosterEmailAddress,
Sales,vw_Bridge_HostingMaster,HosterEmailOptInFlag,varchar,No Change,vw_Bridge_HostingMaster,HosterEmailOptInFlag,
Sales,vw_Bridge_HostingMaster,HosterFaxOptInFlag,varchar,No Change,vw_Bridge_HostingMaster,HosterFaxOptInFlag,
Sales,vw_Bridge_HostingMaster,HosterPhoneNumber,varchar,No Change,vw_Bridge_HostingMaster,HosterPhoneNumber,
Sales,vw_Bridge_HostingMaster,HosterPhoneOptInFlag,varchar,No Change,vw_Bridge_HostingMaster,HosterPhoneOptInFlag,
Sales,vw_Bridge_HostingMaster,HosterPostalCode,varchar,No Change,vw_Bridge_HostingMaster,HosterPostalCode,
Sales,vw_Bridge_HostingMaster,HosterPostalOptInFlag,varchar,No Change,vw_Bridge_HostingMaster,HosterPostalOptInFlag,
Sales,vw_Bridge_HostingMaster,HosterPrimaryContact,varchar,No Change,vw_Bridge_HostingMaster,HosterPrimaryContact,
Sales,vw_Bridge_HostingMaster,HosterPublicCustomerNumber,varchar,No Change,vw_Bridge_HostingMaster,HosterPublicCustomerNumber,
Sales,vw_Bridge_HostingMaster,HosterStateProvince,varchar,No Change,vw_Bridge_HostingMaster,HosterStateProvince,
Sales,vw_Bridge_HostingMaster,HosterThirdPartyUseOptInFlag,varchar,No Change,vw_Bridge_HostingMaster,HosterThirdPartyUseOptInFlag,
Sales,vw_Bridge_HostingMaster,ID,int,No Change,vw_Bridge_HostingMaster,ID,
Sales,vw_Bridge_HostingMaster,IsDirectAgreement,varchar,No Change,vw_Bridge_HostingMaster,IsDirectAgreement,
Sales,vw_Bridge_HostingMaster,IsRenewal,varchar,No Change,vw_Bridge_HostingMaster,IsRenewal,
Sales,vw_Bridge_HostingMaster,LicenseAgreementTypeName,varchar,No Change,vw_Bridge_HostingMaster,LicenseAgreementTypeName,
Sales,vw_Bridge_HostingMaster,MasterAgreementEndDate,datetime2,No Change,vw_Bridge_HostingMaster,MasterAgreementEndDate,
Sales,vw_Bridge_HostingMaster,MasterAgreementStartDate,datetime2,No Change,vw_Bridge_HostingMaster,MasterAgreementStartDate,
Sales,vw_Bridge_HostingMaster,MSexploreID,int,No Change,vw_Bridge_HostingMaster,MSexploreID,
Sales,vw_Bridge_HostingMaster,MSSOrgID,varchar,No Change,vw_Bridge_HostingMaster,MSSOrgID,
Sales,vw_Bridge_HostingMaster,MyhostingStatus,varchar,No Change,vw_Bridge_HostingMaster,MyhostingStatus,
Sales,vw_Bridge_HostingMaster,NewMasterAgreementNumber,varchar,No Change,vw_Bridge_HostingMaster,NewMasterAgreementNumber,
Sales,vw_Bridge_HostingMaster,NewMSPPCertification,varchar,No Change,vw_Bridge_HostingMaster,NewMSPPCertification,
Sales,vw_Bridge_HostingMaster,NewMSPPID,varchar,No Change,vw_Bridge_HostingMaster,NewMSPPID,
Sales,vw_Bridge_HostingMaster,NewMSSalesTPID,varchar,No Change,vw_Bridge_HostingMaster,NewMSSalesTPID,
Sales,vw_Bridge_HostingMaster,NewPartnerType,varchar,No Change,vw_Bridge_HostingMaster,NewPartnerType,
Sales,vw_Bridge_HostingMaster,NewReportingStatus,varchar,No Change,vw_Bridge_HostingMaster,NewReportingStatus,
Sales,vw_Bridge_HostingMaster,NewRevenueGroup,varchar,No Change,vw_Bridge_HostingMaster,NewRevenueGroup,
Sales,vw_Fact_SeatsDetail,ProductKey,int,No Change,vw_Fact_SeatsDetail,ProductKey,
Sales,vw_Fact_Subscription,CreditedGeographyKey,int,No Change,vw_Fact_Subscription,CreditedGeographyKey,
Sales,vw_Fact_Subscription,CustomerKey,int,No Change,vw_Fact_Subscription,CustomerKey,
Sales,vw_Fact_Subscription,ProductFamilyKey,int,No Change,vw_Fact_Subscription,ProductFamilyKey,
Sales,vw_Fact_Subscription,SalesModelKey,int,No Change,vw_Fact_Subscription,SalesModelKey,
Sales,vw_Fact_Subscription,SubscriptionEndDateKey,int,No Change,vw_Fact_Subscription,SubscriptionEndDateKey,
Sales,vw_Fact_Subscription,SubscriptionKey,bigint,No Change,vw_Fact_Subscription,SubscriptionKey,
Sales,vw_Fact_Subscription,SubscriptionstartDateKey,int,No Change,vw_Fact_Subscription,SubscriptionstartDateKey,
Sales,vw_Fact_Subscription,SubscriptionStatusKey,int,No Change,vw_Fact_Subscription,SubscriptionStatusKey,
Sales,vw_Fact_Subscription,SubscriptionTypeKey,int,No Change,vw_Fact_Subscription,SubscriptionTypeKey,
Sales,vw_Fact_Subscription,TenantKey,bigint,No Change,vw_Fact_Subscription,TenantKey,
Sales,vw_Fact_Subscription,AssignedSeats,decimal,No Change,vw_Fact_Subscription,AssignedSeats,
Sales,vw_Fact_Subscription,AvailableSeats,decimal,No Change,vw_Fact_Subscription,AvailableSeats,
Sales,vw_Fact_Subscription,DistiPartnerID,varchar,No Change,vw_Fact_Subscription,DistiPartnerID,
Sales,vw_Fact_Subscription,IsAddon,varchar,No Change,vw_Fact_Subscription,IsAddon,
Sales,vw_Fact_Subscription,IsFilteredInPPR,varchar,No Change,vw_Fact_Subscription,IsFilteredInPPR,
Sales,vw_Fact_Subscription,IsIncludedInGPS,varchar,No Change,vw_Fact_Subscription,IsIncludedInGPS,
Sales,vw_Fact_Subscription,IsPartnerAssociated,varchar,No Change,vw_Fact_Subscription,IsPartnerAssociated,
Sales,vw_Fact_Subscription,IsPartnerInMPL,varchar,No Change,vw_Fact_Subscription,IsPartnerInMPL,
Sales,vw_Fact_Subscription,OfferKey,int,No Change,vw_Fact_Subscription,OfferKey,
Sales,vw_Fact_Subscription,PartnerID,varchar,No Change,vw_Fact_Subscription,PartnerID,
Sales,vw_Fact_Subscription,ProductKey,int,No Change,vw_Fact_Subscription,ProductKey,
Sales,vw_Fact_Subscription,ReportingProductID,int,No Change,vw_Fact_Subscription,ReportingProductID,
Sales,vw_Fact_Subscription,RevSumDivisionKey,int,No Change,vw_Fact_Subscription,RevSumDivisionKey,
Sales,vw_Fact_Subscription,SubscriptionCountKey,int,No Change,vw_Fact_Subscription,SubscriptionCountKey,
Sales,vw_Fact_Subscription,UnitStatusKey,int,No Change,vw_Fact_Subscription,UnitStatusKey,
Sales,vw_Fact_SubscriptionCount,AssociationTypeKey,bigint,No Change,vw_Fact_SubscriptionCount,AssociationTypeKey,
Sales,vw_Fact_SubscriptionCount,AzureServiceLevelKey,int,No Change,vw_Fact_SubscriptionCount,AzureServiceLevelKey,
Sales,vw_Fact_SubscriptionCount,BusinessID,int,No Change,vw_Fact_SubscriptionCount,BusinessID,
Sales,vw_Fact_SubscriptionCount,CustomerGeographyKey,int,No Change,vw_Fact_SubscriptionCount,CustomerGeographyKey,
Sales,vw_Fact_SubscriptionCount,CustomerKey,int,No Change,vw_Fact_SubscriptionCount,CustomerKey,
Sales,vw_Fact_SubscriptionCount,DateKey,varchar,No Change,vw_Fact_SubscriptionCount,DateKey,
Sales,vw_Fact_SubscriptionCount,PartnerKey,varchar,No Change,vw_Fact_SubscriptionCount,PartnerKey,
Sales,vw_Fact_SubscriptionCount,PartnerOneKey,int,No Change,vw_Fact_SubscriptionCount,PartnerOneKey,
Sales,vw_Fact_SubscriptionCount,PlanKey,int,No Change,vw_Fact_SubscriptionCount,PlanKey,
Sales,vw_Fact_SubscriptionCount,SalesModelKey,int,No Change,vw_Fact_SubscriptionCount,SalesModelKey,
Sales,vw_Fact_SubscriptionCount,SubscriptionKey,bigint,No Change,vw_Fact_SubscriptionCount,SubscriptionKey,
Sales,vw_Fact_SubscriptionCount,SubscriptionStatusKey,int,No Change,vw_Fact_SubscriptionCount,SubscriptionStatusKey,
Sales,vw_Fact_SubscriptionCount,TenantKey,bigint,No Change,vw_Fact_SubscriptionCount,TenantKey,
Sales,vw_Fact_SubscriptionCount,DetailPricingLevelKey,int,No Change,vw_Fact_SubscriptionCount,DetailPricingLevelKey,
Sales,vw_Fact_SubscriptionCount,IsDuplicateAtPartnerGlobalLevel,varchar,No Change,vw_Fact_SubscriptionCount,IsDuplicateAtPartnerGlobalLevel,
Sales,vw_Fact_SubscriptionCount,IsDuplicateAtPGALevel,varchar,No Change,vw_Fact_SubscriptionCount,IsDuplicateAtPGALevel,
Sales,vw_Fact_SubscriptionCount,NewSubscriptionKey,int,No Change,vw_Fact_SubscriptionCount,NewSubscriptionKey,
Sales,vw_Fact_SubscriptionCount,OfferTypeKey,int,No Change,vw_Fact_SubscriptionCount,OfferTypeKey,
Sales,vw_Fact_SubscriptionCount,PORTypeKey,int,No Change,vw_Fact_SubscriptionCount,PORTypeKey,
Sales,vw_Fact_SubscriptionCount,ProductKey,int,No Change,vw_Fact_SubscriptionCount,ProductKey,
Sales,vw_Fact_SubscriptionCount,SubscriptionCountKey,int,No Change,vw_Fact_SubscriptionCount,SubscriptionCountKey,
Sales,vw_Fact_SubscriptionCount,SubscriptionProductKey,bigint,No Change,vw_Fact_SubscriptionCount,SubscriptionProductKey,
Sales,vw_Fact_SubscriptionCount,SubscriptionTypeKey,int,No Change,vw_Fact_SubscriptionCount,SubscriptionTypeKey,
Sales,vw_Bridge_HostingMaster,NewSegmentation,varchar,No Change,vw_Bridge_HostingMaster,NewSegmentation,
Sales,vw_Bridge_HostingMaster,NewWintheWebGroup,varchar,No Change,vw_Bridge_HostingMaster,NewWintheWebGroup,
Sales,vw_Bridge_HostingMaster,NoticesCustomerName,varchar,No Change,vw_Bridge_HostingMaster,NoticesCustomerName,
Sales,vw_Bridge_HostingMaster,NoticesOMCOrganizationID,int,No Change,vw_Bridge_HostingMaster,NoticesOMCOrganizationID,
Sales,vw_Bridge_HostingMaster,NTCCurrent,varchar,No Change,vw_Bridge_HostingMaster,NTCCurrent,
Sales,vw_Bridge_HostingMaster,NTCEndEffectiveDate,datetime2,No Change,vw_Bridge_HostingMaster,NTCEndEffectiveDate,
Sales,vw_Bridge_HostingMaster,NTCStartEffectiveDate,datetime2,No Change,vw_Bridge_HostingMaster,NTCStartEffectiveDate,
Sales,vw_Bridge_HostingMaster,ParentAccount,varchar,No Change,vw_Bridge_HostingMaster,ParentAccount,
Sales,vw_Bridge_HostingMaster,PRICurrent,varchar,No Change,vw_Bridge_HostingMaster,PRICurrent,
Sales,vw_Bridge_HostingMaster,PRIEndEffectiveDate,datetime2,No Change,vw_Bridge_HostingMaster,PRIEndEffectiveDate,
Sales,vw_Bridge_HostingMaster,PrimaryCustomerName,varchar,No Change,vw_Bridge_HostingMaster,PrimaryCustomerName,
Sales,vw_Bridge_HostingMaster,PrimaryOMCOrganizationID,int,No Change,vw_Bridge_HostingMaster,PrimaryOMCOrganizationID,
Sales,vw_Bridge_HostingMaster,PriorAgreementKey,int,No Change,vw_Bridge_HostingMaster,PriorAgreementKey,
Sales,vw_Bridge_HostingMaster,PriorAgreementNumber,varchar,No Change,vw_Bridge_HostingMaster,PriorAgreementNumber,
Sales,vw_Bridge_HostingMaster,PRIStartEffectiveDate,datetime2,No Change,vw_Bridge_HostingMaster,PRIStartEffectiveDate,
Sales,vw_Bridge_HostingMaster,Program,varchar,No Change,vw_Bridge_HostingMaster,Program,
Sales,vw_Bridge_HostingMaster,Region,varchar,No Change,vw_Bridge_HostingMaster,Region,
Sales,vw_Bridge_HostingMaster,Reseller,varchar,No Change,vw_Bridge_HostingMaster,Reseller,
Sales,vw_Bridge_HostingMaster,ResellerMSexploreID,int,No Change,vw_Bridge_HostingMaster,ResellerMSexploreID,
Sales,vw_Bridge_HostingMaster,RSMsSalesSAPID,varchar,No Change,vw_Bridge_HostingMaster,RSMsSalesSAPID,
Sales,vw_Bridge_HostingMaster,RSPublicCustomerNumber,varchar,No Change,vw_Bridge_HostingMaster,RSPublicCustomerNumber,
Sales,vw_Bridge_HostingMaster,RunDate,datetime2,No Change,vw_Bridge_HostingMaster,RunDate,
Sales,vw_Bridge_HostingMaster,Servers,varchar,No Change,vw_Bridge_HostingMaster,Servers,
Sales,vw_Bridge_HostingMaster,Subsidiary,varchar,No Change,vw_Bridge_HostingMaster,Subsidiary,
Sales,vw_Bridge_HostingMaster,TeamMember1,varchar,No Change,vw_Bridge_HostingMaster,TeamMember1,
Sales,vw_Bridge_HostingMaster,TeamMember2,varchar,No Change,vw_Bridge_HostingMaster,TeamMember2,
Sales,vw_Bridge_HostingMaster,TeamMember3,varchar,No Change,vw_Bridge_HostingMaster,TeamMember3,
Sales,vw_Bridge_HostingMaster,UploadCRMAccount,varchar,No Change,vw_Bridge_HostingMaster,UploadCRMAccount,
Sales,vw_Bridge_HostingMaster,UploadCRMLIcenseAgreement,varchar,No Change,vw_Bridge_HostingMaster,UploadCRMLIcenseAgreement,
Sales,vw_Bridge_HostingMaster,WH,varchar,No Change,vw_Bridge_HostingMaster,WH,
Sales,vw_Bridge_PartnerAssociation,PerspectiveKey,int,No Change,vw_Bridge_PartnerAssociation,PerspectiveKey,
Sales,vw_Bridge_PartnerAssociation,UnifiedPartnerKey,varchar,No Change,vw_Bridge_PartnerAssociation,UnifiedPartnerKey,
Sales,vw_Bridge_PartnerAssociation,AssociationID,bigint,No Change,vw_Bridge_PartnerAssociation,AssociationID,
Sales,vw_Bridge_PartnerAssociation,AssociationName,varchar,No Change,vw_Bridge_PartnerAssociation,AssociationName,
Sales,vw_Bridge_PartnerAssociation,AssociationTypeID,int,No Change,vw_Bridge_PartnerAssociation,AssociationTypeID,
Sales,vw_Bridge_PartnerAssociation,DefaultLoadID,int,No Change,vw_Bridge_PartnerAssociation,DefaultLoadID,
Sales,vw_Bridge_PartnerAssociation,PartnerOneReportingKey,bigint,No Change,vw_Bridge_PartnerAssociation,PartnerOneReportingKey,
Sales,vw_Bridge_PartnerAssociation,PartnerID,varchar,No Change,vw_Bridge_PartnerAssociation,PartnerID,
Sales,vw_Bridge_PartnerAssociation,PartnerOneID,int,No Change,vw_Bridge_PartnerAssociation,PartnerOneID,
Sales,vw_Bridge_PartnerAssociation,PartnerGeographyKey,int,No Change,vw_Bridge_PartnerAssociation,PartnerGeographyKey,
Sales,vw_Dim_Advisor,AdvisorKey,int,No Change,vw_Dim_Advisor,AdvisorKey,
Sales,vw_Dim_Advisor,AdvisorID,int,No Change,vw_Dim_Advisor,AdvisorID,
Sales,vw_Dim_Advisor,AdvisorName,varchar,No Change,vw_Dim_Advisor,AdvisorName,
Sales,vw_Dim_Agreement,AgreementEffectiveDate,datetime2,No Change,vw_Dim_Agreement,AgreementEffectiveDate,
Sales,vw_Dim_Agreement,AgreementEffectiveMonth,varchar,No Change,vw_Dim_Agreement,AgreementEffectiveMonth,
Sales,vw_Dim_Agreement,AgreementEffectiveMonthID,int,No Change,vw_Dim_Agreement,AgreementEffectiveMonthID,
Sales,vw_Dim_Agreement,AgreementEndDate,date,No Change,vw_Dim_Agreement,AgreementEndDate,
Sales,vw_Dim_Agreement,AgreementEndMonth,varchar,No Change,vw_Dim_Agreement,AgreementEndMonth,
Sales,vw_Dim_Agreement,AgreementEndMonthID,int,No Change,vw_Dim_Agreement,AgreementEndMonthID,
Sales,vw_Dim_Agreement,AgreementNumber,varchar,No Change,vw_Dim_Agreement,AgreementNumber,
Sales,vw_Dim_Agreement,AgreementStatus,varchar,No Change,vw_Dim_Agreement,AgreementStatus,
Sales,vw_Dim_Agreement,AgreementType,varchar,No Change,vw_Dim_Agreement,AgreementType,
Sales,vw_Dim_Agreement,IsExpired,varchar,No Change,vw_Dim_Agreement,IsExpired,
Sales,vw_Dim_Agreement,IsMSP,varchar,No Change,vw_Dim_Agreement,IsMSP,
Sales,vw_Dim_Agreement,IsRenewed,varchar,No Change,vw_Dim_Agreement,IsRenewed,
Sales,vw_Dim_Agreement,LastUpdatedDate,datetime2,No Change,vw_Dim_Agreement,LastUpdatedDate,
Sales,vw_Dim_Agreement,PrimaryExpirationDate,datetime2,No Change,vw_Dim_Agreement,PrimaryExpirationDate,
Sales,vw_Dim_Agreement,RenewalType,varchar,No Change,vw_Dim_Agreement,RenewalType,
Sales,vw_Dim_Agreement,SubsidiaryID,int,No Change,vw_Dim_Agreement,SubsidiaryID,
Sales,vw_Dim_AgreementMSS,EnrollmentGeographyKey,int,No Change,vw_Dim_AgreementMSS,EnrollmentGeographyKey,
Sales,vw_Dim_AgreementMSS,LicenseAgreementContractTypeKey,int,No Change,vw_Dim_AgreementMSS,LicenseAgreementContractTypeKey,
Sales,vw_Dim_AgreementMSS,PrimaryGeographyKey,int,No Change,vw_Dim_AgreementMSS,PrimaryGeographyKey,
Sales,vw_Dim_AgreementMSS,PrimarySubsegmentKey,int,No Change,vw_Dim_AgreementMSS,PrimarySubsegmentKey,
Sales,vw_Dim_AgreementMSS,ProgramKey,int,No Change,vw_Dim_AgreementMSS,ProgramKey,
Sales,vw_Dim_AgreementMSS,AgreementEffectiveDate,datetime2,No Change,vw_Dim_AgreementMSS,AgreementEffectiveDate,
Sales,vw_Dim_AgreementMSS,AgreementEffectiveMonthID,int,No Change,vw_Dim_AgreementMSS,AgreementEffectiveMonthID,
Sales,vw_Dim_AgreementMSS,AgreementEndDate,date,No Change,vw_Dim_AgreementMSS,AgreementEndDate,
Sales,vw_Dim_AgreementMSS,AgreementEndMonthID,int,No Change,vw_Dim_AgreementMSS,AgreementEndMonthID,
Sales,vw_Dim_AgreementMSS,AgreementID,varchar,No Change,vw_Dim_AgreementMSS,AgreementID,
Sales,vw_Dim_AgreementMSS,AgreementStatusId,int,No Change,vw_Dim_AgreementMSS,AgreementStatusId,
Sales,vw_Dim_AgreementMSS,AgreementVersionID,int,No Change,vw_Dim_AgreementMSS,AgreementVersionID,
Sales,vw_Dim_AgreementMSS,AgreementVersionNumber,int,No Change,vw_Dim_AgreementMSS,AgreementVersionNumber,
Sales,vw_Dim_AgreementMSS,BusinessAgreementNumber,varchar,No Change,vw_Dim_AgreementMSS,BusinessAgreementNumber,
Sales,vw_Dim_AgreementMSS,Enrollment,varchar,No Change,vw_Dim_AgreementMSS,Enrollment,
Sales,vw_Dim_AgreementMSS,MasterAgreementEffectiveDate,date,No Change,vw_Dim_AgreementMSS,MasterAgreementEffectiveDate,
Sales,vw_Dim_AgreementMSS,MasterAgreementEffectiveMonthID,int,No Change,vw_Dim_AgreementMSS,MasterAgreementEffectiveMonthID,
Sales,vw_Dim_AgreementMSS,MasterAgreementEndDate,date,No Change,vw_Dim_AgreementMSS,MasterAgreementEndDate,
Sales,vw_Dim_AgreementMSS,MasterAgreementEndMonthID,int,No Change,vw_Dim_AgreementMSS,MasterAgreementEndMonthID,
Sales,vw_Dim_AgreementMSS,PrimaryExpirationDate,date,No Change,vw_Dim_AgreementMSS,PrimaryExpirationDate,
Sales,vw_Dim_AgreementMSS,PrimaryExpirationMonthID,int,No Change,vw_Dim_AgreementMSS,PrimaryExpirationMonthID,
Sales,vw_Dim_AgreementMSS,PrimaryPriorAgreementID,varchar,No Change,vw_Dim_AgreementMSS,PrimaryPriorAgreementID,
Sales,vw_Dim_AgreementMSS,RenewalEndDate,date,No Change,vw_Dim_AgreementMSS,RenewalEndDate,
Sales,vw_Dim_AgreementMSS,RenewalEndMonthID,int,No Change,vw_Dim_AgreementMSS,RenewalEndMonthID,
Sales,vw_Dim_AgreementMSS,RenewalFlag,int,No Change,vw_Dim_AgreementMSS,RenewalFlag,
Sales,vw_Dim_AgreementMSS,RenewalStartDate,date,No Change,vw_Dim_AgreementMSS,RenewalStartDate,
Sales,vw_Dim_AgreementMSS,RenewalStartMonthID,int,No Change,vw_Dim_AgreementMSS,RenewalStartMonthID,
Sales,vw_Dim_AgreementMSS,RenewalTypeID,int,No Change,vw_Dim_AgreementMSS,RenewalTypeID,
Sales,vw_Dim_Allocation,AllocationKey,int,No Change,vw_Dim_Allocation,AllocationKey,
Sales,vw_Dim_Allocation,AllocationID,int,No Change,vw_Dim_Allocation,AllocationID,
Sales,vw_Dim_Allocation,AllocationName,varchar,No Change,vw_Dim_Allocation,AllocationName,
Sales,vw_Dim_BillingOption,BillingOptionKey,int,No Change,vw_Dim_BillingOption,BillingOptionKey,
Sales,vw_Dim_BillingOption,BillingOptionCode,varchar,No Change,vw_Dim_BillingOption,BillingOptionCode,
Sales,vw_Dim_BillingOption,BillingOptionName,varchar,No Change,vw_Dim_BillingOption,BillingOptionName,
Sales,vw_Dim_Business,BusinessKey,int,No Change,vw_Dim_Business,BusinessKey,
Sales,vw_Dim_Business,BusinessID,int,No Change,vw_Dim_Business,BusinessID,
Sales,vw_Dim_Business,BusinessName,varchar,No Change,vw_Dim_Business,BusinessName,
Sales,vw_Dim_Business,BusinessSummaryName,varchar,No Change,vw_Dim_Business,BusinessSummaryName,
Sales,vw_Dim_ChannelMotion,ChannelMotionKey,int,No Change,vw_Dim_ChannelMotion,ChannelMotionKey,
Sales,vw_Dim_ChannelMotion,ChannelMotion,varchar,No Change,vw_Dim_ChannelMotion,ChannelMotion,
Sales,vw_Dim_Country,CountryKey,int,No Change,vw_Dim_Country,CountryKey,
Sales,vw_Dim_Country,Area,varchar,No Change,vw_Dim_Country,Area,
Sales,vw_Dim_Country,AreaID,int,No Change,vw_Dim_Country,AreaID,
Sales,vw_Dim_Country,CountryCode,varchar,No Change,vw_Dim_Country,CountryCode,
Sales,vw_Dim_Country,CountryName,varchar,No Change,vw_Dim_Country,CountryName,
Sales,vw_Dim_Country,Region,varchar,No Change,vw_Dim_Country,Region,
Sales,vw_Dim_Country,RegionID,int,No Change,vw_Dim_Country,RegionID,
Sales,vw_Dim_Country,SubRegion,varchar,No Change,vw_Dim_Country,SubRegion,
Sales,vw_Dim_Country,SubRegionID,int,No Change,vw_Dim_Country,SubRegionID,
Sales,vw_Dim_Country,Subsidiary,varchar,No Change,vw_Dim_Country,Subsidiary,
Sales,vw_Dim_Country,SubsidiaryID,int,No Change,vw_Dim_Country,SubsidiaryID,
Sales,vw_Dim_Customer,CustomerKey,int,No Change,vw_Dim_Customer,CustomerKey,
Sales,vw_Dim_Customer,CustomerCountryKey,int,No Change,vw_Dim_Customer,CustomerCountryKey,
Sales,vw_Dim_Customer,CustomerGeographyKey,int,No Change,vw_Dim_Customer,CustomerGeographyKey,
Sales,vw_Dim_Customer,CustomerIndustryKey,int,No Change,vw_Dim_Customer,CustomerIndustryKey,
Sales,vw_Dim_Customer,SubSegmentKey,int,No Change,vw_Dim_Customer,SubSegmentKey,
Sales,vw_Dim_Customer,CustomerID,int,No Change,vw_Dim_Customer,CustomerID,
Sales,vw_Dim_Customer,CustomerName,varchar,No Change,vw_Dim_Customer,CustomerName,
Sales,vw_Dim_Customer,CustomerVerticalName,varchar,No Change,vw_Dim_Customer,CustomerVerticalName,
Sales,vw_Dim_Customer,IsACACustomer,varchar,No Change,vw_Dim_Customer,IsACACustomer,
Sales,vw_Dim_Customer,SalesTerritoryID,int,No Change,vw_Dim_Customer,SalesTerritoryID,
Sales,vw_Dim_Customer,IsGSI1800Customer,varchar,No Change,vw_Dim_Customer,IsGSI1800Customer,
Sales,vw_Dim_Customer,IsS500Customer,varchar,No Change,vw_Dim_Customer,IsS500Customer,
Sales,vw_Dim_CustomerIndustry,CustomerIndustryKey,smallint,No Change,vw_Dim_CustomerIndustry,CustomerIndustryKey,
Sales,vw_Dim_CustomerIndustry,IndustryID,smallint,No Change,vw_Dim_CustomerIndustry,IndustryID,
Sales,vw_Dim_CustomerIndustry,IndustryName,varchar,No Change,vw_Dim_CustomerIndustry,IndustryName,
Sales,vw_Dim_Date,DateKey,int,No Change,vw_Dim_Date,DateKey,
Sales,vw_Dim_Date,CalendarDate,date,No Change,vw_Dim_Date,CalendarDate,
Sales,vw_Dim_Date,CalendarMonthName,varchar,No Change,vw_Dim_Date,CalendarMonthName,
Sales,vw_Dim_Date,FirstDayOfMonth,datetime2,No Change,vw_Dim_Date,FirstDayOfMonth,
Sales,vw_Dim_Date,FirstDayOfWeek,datetime2,No Change,vw_Dim_Date,FirstDayOfWeek,
Sales,vw_Dim_Date,FiscalMonthID,int,No Change,vw_Dim_Date,FiscalMonthID,
Sales,vw_Dim_Date,FiscalMonthName,varchar,No Change,vw_Dim_Date,FiscalMonthName,
Sales,vw_Dim_Date,FiscalQuarterID,int,No Change,vw_Dim_Date,FiscalQuarterID,
Sales,vw_Dim_Date,FiscalQuarterName,varchar,No Change,vw_Dim_Date,FiscalQuarterName,
Sales,vw_Dim_Date,FiscalSemesterID,int,No Change,vw_Dim_Date,FiscalSemesterID,
Sales,vw_Dim_Date,FiscalSemesterName,varchar,No Change,vw_Dim_Date,FiscalSemesterName,
Sales,vw_Dim_Date,FiscalYear,varchar,No Change,vw_Dim_Date,FiscalYear,
Sales,vw_Dim_Date,FiscalYearID,int,No Change,vw_Dim_Date,FiscalYearID,
Sales,vw_Dim_Date,FiscalYearMonthName,varchar,No Change,vw_Dim_Date,FiscalYearMonthName,
Sales,vw_Dim_Date,FiscalYearMonthNumber,varchar,No Change,vw_Dim_Date,FiscalYearMonthNumber,
Sales,vw_Dim_Date,FiscalYearName,varchar,No Change,vw_Dim_Date,FiscalYearName,
Sales,vw_Dim_Date,FiscalYearQuarter,varchar,No Change,vw_Dim_Date,FiscalYearQuarter,
Sales,vw_Dim_Date,IsFiscalMonthEnd,varchar,No Change,vw_Dim_Date,IsFiscalMonthEnd,
Sales,vw_Dim_Date,LastFiscalQuarter,varchar,No Change,vw_Dim_Date,LastFiscalQuarter,
Sales,vw_Dim_Date,LastFiscalYear,varchar,No Change,vw_Dim_Date,LastFiscalYear,
Sales,vw_Dim_DetailPricingLevel,DetailPricingLevelKey,int,No Change,vw_Dim_DetailPricingLevel,DetailPricingLevelKey,
Sales,vw_Dim_DetailPricingLevel,DetailPricingLevelID,int,No Change,vw_Dim_DetailPricingLevel,DetailPricingLevelID,
Sales,vw_Dim_DetailPricingLevel,DetailPricingLevelName,varchar,No Change,vw_Dim_DetailPricingLevel,DetailPricingLevelName,
Sales,vw_Dim_DetailPricingLevel,PricingLevelID,int,No Change,vw_Dim_DetailPricingLevel,PricingLevelID,
Sales,vw_Dim_DetailPricingLevel,PricingLevelName,varchar,No Change,vw_Dim_DetailPricingLevel,PricingLevelName,
Sales,vw_Dim_DetailPricingLevel,ReportingPricingLevelID,int,No Change,vw_Dim_DetailPricingLevel,ReportingPricingLevelID,
Sales,vw_Dim_DetailPricingLevel,ReportingPricingLevelName,varchar,No Change,vw_Dim_DetailPricingLevel,ReportingPricingLevelName,
Sales,vw_Dim_DetailPricingLevel,ReportingSummaryPricingLevelID,int,No Change,vw_Dim_DetailPricingLevel,ReportingSummaryPricingLevelID,
Sales,vw_Dim_DetailPricingLevel,ReportingSummaryPricingLevelName,varchar,No Change,vw_Dim_DetailPricingLevel,ReportingSummaryPricingLevelName,
Sales,vw_Dim_DetailPricingLevel,SummaryPricingLevelID,int,No Change,vw_Dim_DetailPricingLevel,SummaryPricingLevelID,
Sales,vw_Dim_DetailPricingLevel,SummaryPricingLevelName,varchar,No Change,vw_Dim_DetailPricingLevel,SummaryPricingLevelName,
Sales,vw_Dim_DetailTransactionType,DetailTransactionTypeKey,int,No Change,vw_Dim_DetailTransactionType,DetailTransactionTypeKey,
Sales,vw_Dim_DetailTransactionType,DetailTransactionTypeName,varchar,No Change,vw_Dim_DetailTransactionType,DetailTransactionTypeName,
Sales,vw_Dim_Distributor,DistributorKey,varchar,No Change,vw_Dim_Distributor,DistributorKey,
Sales,vw_Dim_Distributor,DistributorGeographyKey,int,No Change,vw_Dim_Distributor,DistributorGeographyKey,
Sales,vw_Dim_Distributor,DistributorID,varchar,No Change,vw_Dim_Distributor,DistributorID,
Sales,vw_Dim_Distributor,DistributorName,varchar,No Change,vw_Dim_Distributor,DistributorName,
Sales,vw_Dim_Distributor,DistributorType,varchar,No Change,vw_Dim_Distributor,DistributorType,
Sales,vw_Dim_Distributor,PartnerOneID,int,No Change,vw_Dim_Distributor,PartnerOneID,
Sales,vw_Dim_Distributor,PartnerOneName,varchar,No Change,vw_Dim_Distributor,PartnerOneName,
Sales,vw_Dim_Distributor,PartnerOneNameID,varchar,No Change,vw_Dim_Distributor,PartnerOneNameID,
Sales,vw_Dim_Distributor,IsStrategicDistributor,varchar,Deprecate,,,
Sales,vw_Dim_Geography,GeographyKey,int,No Change,vw_Dim_Geography,GeographyKey,
Sales,vw_Dim_Geography,Area,varchar,No Change,vw_Dim_Geography,Area,
Sales,vw_Dim_Geography,AreaID,int,No Change,vw_Dim_Geography,AreaID,
Sales,vw_Dim_Geography,Region,varchar,No Change,vw_Dim_Geography,Region,
Sales,vw_Dim_Geography,RegionID,int,No Change,vw_Dim_Geography,RegionID,
Sales,vw_Dim_Geography,SubRegion,varchar,No Change,vw_Dim_Geography,SubRegion,
Sales,vw_Dim_Geography,SubRegionID,int,No Change,vw_Dim_Geography,SubRegionID,
Sales,vw_Dim_Geography,Subsidiary,varchar,No Change,vw_Dim_Geography,Subsidiary,
Sales,vw_Dim_Geography,SubsidiaryID,int,No Change,vw_Dim_Geography,SubsidiaryID,
Sales,vw_Dim_Geography,TimeZone,varchar,No Change,vw_Dim_Geography,TimeZone,
Sales,vw_MPL_SPLAFeed,PartnerSubsidiaryKey,int,No Change,vw_MPL_SPLAFeed,PartnerSubsidiaryKey,
Sales,vw_MPL_SPLAFeed,AgreementNumber,varchar,No Change,vw_MPL_SPLAFeed,AgreementNumber,
Sales,vw_MPL_SPLAFeed,MasterAgreementNumber,varchar,No Change,vw_MPL_SPLAFeed,MasterAgreementNumber,
Sales,vw_MPL_SPLAFeed,OMCOrganizationID,int,No Change,vw_MPL_SPLAFeed,OMCOrganizationID,
Sales,vw_MPL_SPLAFeed,OMCOrganizationName,varchar,No Change,vw_MPL_SPLAFeed,OMCOrganizationName,
Sales,vw_MPL_SPLAFeed,PartnerSubsidiaryName,varchar,No Change,vw_MPL_SPLAFeed,PartnerSubsidiaryName,
Sales,vw_MPL_SPLAFeed,PCN,varchar,No Change,vw_MPL_SPLAFeed,PCN,
Sales,vw_MPL_SPLAFeed,SPLAID,bigint,No Change,vw_MPL_SPLAFeed,SPLAID,
Sales,vw_MPL_SPLAFeed,SPLAName,varchar,No Change,vw_MPL_SPLAFeed,SPLAName,
Sales,vw_MSSalesRefreshLog,ParamName,varchar,No Change,vw_MSSalesRefreshLog,ParamName,
Sales,vw_MSSalesRefreshLog,ParamDate,datetime2,No Change,vw_MSSalesRefreshLog,ParamDate,
Sales,vw_MSSalesRefreshLog,ParamChar,varchar,No Change,vw_MSSalesRefreshLog,ParamChar,
training,vw_Supplier_PartnerOne,SupplierId,varchar,Deprecate,,,
training,vw_Supplier_PartnerOne,SupplierName,varchar,Deprecate,,,
training,vw_Supplier_PartnerOne,CountryShortCd,varchar,Deprecate,,,
training,vw_EICertifications,CertificationKey,int,No Change,vw_EICertifications,CertificationKey,
training,vw_EICertifications,PersonKey,varchar,No Change,vw_EICertifications,PersonKey,
training,vw_EICertifications,Area,varchar,No Change,vw_EICertifications,Area,
training,vw_EICertifications,Subsidiary,varchar,No Change,vw_EICertifications,Subsidiary,
training,vw_EICertifications,SubsidiaryId,varchar,No Change,vw_EICertifications,SubsidiaryId,
training,vw_EICertifications,SolutionArea,varchar,No Change,vw_EICertifications,SolutionArea,
training,vw_EICertifications,TechnicalCapability,varchar,No Change,vw_EICertifications,TechnicalCapability,
training,vw_EICertifications,Date,date,No Change,vw_EICertifications,Date,
training,vw_EICertifications,Fiscal_Year,varchar,No Change,vw_EICertifications,Fiscal_Year,
training,vw_EICertifications,PartnerId,varchar,No Change,vw_EICertifications,PartnerId,
training,vw_EICertifications,PartnerOneId,int,No Change,vw_EICertifications,PartnerOneId,
training,vw_EICertifications,TrackName,varchar,No Change,vw_EICertifications,TrackName,
training,vw_EICertifications,PremiumCertificationFlag,varchar,No Change,vw_EICertifications,PremiumCertificationFlag,
training,vw_EICertifications,Flag,varchar,No Change,vw_EICertifications,Flag,
training,vw_EICertifications,IsESIPartnerCertification,varchar,No Change,vw_EICertifications,IsESIPartnerCertification,
training,vw_EICertifications,IsESIPartner,bit,No Change,vw_EICertifications,IsESIPartner,
training,vw_EICertifications,GSISubSegment,varchar,No Change,vw_EICertifications,GSISubSegment,
training,vw_EICertifications,SolutionPlay,varchar,Column Renamed,vw_EICertifications,Conversation,
training,vw_ESIPartners,PartnerOneId,int,No Change,vw_ESIPartners,PartnerOneId,
training,vw_ESIPartners,PartnerOneName,varchar,No Change,vw_ESIPartners,PartnerOneName,
training,vw_ESIPartners,Status,varchar,No Change,vw_ESIPartners,Status,
training,vw_AllianceReadiness,Area,varchar,No Change,vw_AllianceReadiness,Area,
training,vw_AllianceReadiness,Subsidiary,varchar,No Change,vw_AllianceReadiness,Subsidiary,
training,vw_AllianceReadiness,SubsidiaryId,varchar,No Change,vw_AllianceReadiness,SubsidiaryId,
training,vw_AllianceReadiness,ProgramName,varchar,No Change,vw_AllianceReadiness,ProgramName,
training,vw_AllianceReadiness,SolutionArea,varchar,No Change,vw_AllianceReadiness,SolutionArea,
training,vw_AllianceReadiness,TechnicalCapability,varchar,No Change,vw_AllianceReadiness,TechnicalCapability,
training,vw_AllianceReadiness,DATE,date,No Change,vw_AllianceReadiness,DATE,
training,vw_AllianceReadiness,Fiscal_Year,varchar,No Change,vw_AllianceReadiness,Fiscal_Year,
training,vw_AllianceReadiness,TrainedKey,int,No Change,vw_AllianceReadiness,TrainedKey,
training,vw_AllianceReadiness,AICloudPartnerProgram,varchar,No Change,vw_AllianceReadiness,AICloudPartnerProgram,
training,vw_AllianceReadiness,Attendee,int,No Change,vw_AllianceReadiness,Attendee,
training,vw_AllianceReadiness,DataSourceKey,int,No Change,vw_AllianceReadiness,DataSourceKey,
training,vw_AllianceReadiness,DataSourceName,varchar,No Change,vw_AllianceReadiness,DataSourceName,
training,vw_AllianceReadiness,PartnerId,varchar,No Change,vw_AllianceReadiness,PartnerId,
training,vw_AllianceReadiness,PartnerOneId,int,No Change,vw_AllianceReadiness,PartnerOneId,
training,vw_AllianceReadiness,CourseId,varchar,No Change,vw_AllianceReadiness,CourseId,
training,vw_AllianceReadiness,CourseName,varchar,No Change,vw_AllianceReadiness,CourseName,
training,vw_AllianceReadiness,IsUniqueLearner,int,No Change,vw_AllianceReadiness,IsUniqueLearner,
training,vw_AllianceReadiness,IsTrainedLearner,int,No Change,vw_AllianceReadiness,IsTrainedLearner,
training,vw_AllianceReadiness,IsESIPartner,bit,No Change,vw_AllianceReadiness,IsESIPartner,
training,vw_AllianceReadiness,DataSourceMerge,varchar,No Change,vw_AllianceReadiness,DataSourceMerge,
training,vw_AllianceReadiness,SolutionPlay,varchar,Column Renamed,vw_AllianceReadiness,Conversation,
training,vw_AllianceReadiness,AttendeeKey,int,No Change,vw_AllianceReadiness,AttendeeKey,
training,vw_MCPPartnerOne,MCPID,varchar,No Change,vw_MCPPartnerOne,MCPID,
training,vw_MCPPartnerOne,DocsID,varchar,No Change,vw_MCPPartnerOne,DocsID,
training,vw_MCPPartnerOne,PartnerOneId,int,No Change,vw_MCPPartnerOne,PartnerOneId,
training,vw_MCPPartnerOne,IsESIPartner,bit,No Change,vw_MCPPartnerOne,IsESIPartner,
training,vw_MCPPartnerOne,IsManaged,bit,No Change,vw_MCPPartnerOne,IsManaged,
training,vw_MCPPartnerOne,GSISubSegment,varchar,No Change,vw_MCPPartnerOne,GSISubSegment,
training,vw_PartnerOne_Certifications,CertificationKey,int,No Change,vw_PartnerOne_Certifications,CertificationKey,
training,vw_PartnerOne_Certifications,Area,varchar,No Change,vw_PartnerOne_Certifications,Area,
training,vw_PartnerOne_Certifications,Subsidiary,varchar,No Change,vw_PartnerOne_Certifications,Subsidiary,
training,vw_PartnerOne_Certifications,SubsidiaryId,varchar,No Change,vw_PartnerOne_Certifications,SubsidiaryId,
training,vw_PartnerOne_Certifications,CountryShortCd,varchar,No Change,vw_PartnerOne_Certifications,CountryShortCd,
training,vw_PartnerOne_Certifications,SolutionArea,varchar,No Change,vw_PartnerOne_Certifications,SolutionArea,
training,vw_PartnerOne_Certifications,TechnicalCapability,varchar,No Change,vw_PartnerOne_Certifications,TechnicalCapability,
training,vw_PartnerOne_Certifications,Date,date,No Change,vw_PartnerOne_Certifications,Date,
training,vw_PartnerOne_Certifications,Fiscal_Year,varchar,No Change,vw_PartnerOne_Certifications,Fiscal_Year,
training,vw_PartnerOne_Certifications,PartnerOneId,int,No Change,vw_PartnerOne_Certifications,PartnerOneId,
training,vw_PartnerOne_Certifications,PartnerOneName,varchar,No Change,vw_PartnerOne_Certifications,PartnerOneName,
training,vw_PartnerOne_Certifications,TrackName,varchar,No Change,vw_PartnerOne_Certifications,TrackName,
training,vw_PartnerOne_Certifications,PremiumCertificationFlag,varchar,No Change,vw_PartnerOne_Certifications,PremiumCertificationFlag,
training,vw_PartnerOne_Certifications,Flag,varchar,No Change,vw_PartnerOne_Certifications,Flag,
training,vw_PartnerOne_Certifications,SalesPlay,varchar,Column Renamed,vw_PartnerOne_Certifications,Conversation,
training,vw_Supplier_PartnerOne,PartnerOneId,int,Deprecate,,,
training,vw_Supplier_PartnerOne,PartnerOneName,varchar,Deprecate,,,
rob,,,,New view,vw_Dim_AzureServiceCompGrouping,DIM_ServiceCompGroupingId,
rob,,,,New view,vw_Dim_AzureServiceCompGrouping,ServiceCompGroupingName,
rob,,,,New view,vw_Dim_AzureServiceCompGrouping,FYServiceCompGroupingName,
rob,,,,New view,vw_Fact_AzureConsumedRevenue_Frontier,AllocationID,
rob,,,,New view,vw_Fact_AzureConsumedRevenue_Frontier,CustomerID,
rob,,,,New view,vw_Fact_AzureConsumedRevenue_Frontier,FiscalMonthID,
rob,,,,New view,vw_Fact_AzureConsumedRevenue_Frontier,CreditedGeographyID,
rob,,,,New view,vw_Fact_AzureConsumedRevenue_Frontier,SubSegmentID,
rob,,,,New view,vw_Fact_AzureConsumedRevenue_Frontier,AzureStrategicPillarID,
rob,,,,New view,vw_Fact_AzureConsumedRevenue_Frontier,BusinessHierarchy_BusinessID,
rob,,,,New view,vw_Fact_AzureConsumedRevenue_Frontier,FieldGeographyID,
rob,,,,New view,vw_Fact_AzureConsumedRevenue_Frontier,"BilledConsumption_INT, BilledConsumption_DEC",
rob,,,,New view,vw_Fact_AzureConsumedRevenue_PAEC,AllocationID,
rob,,,,New view,vw_Fact_AzureConsumedRevenue_PAEC,CustomerID,
rob,,,,New view,vw_Fact_AzureConsumedRevenue_PAEC,FiscalMonthID,
rob,,,,New view,vw_Fact_AzureConsumedRevenue_PAEC,CreditedGeographyID,
rob,,,,New view,vw_Fact_AzureConsumedRevenue_PAEC,SubSegmentID,
rob,,,,New view,vw_Fact_AzureConsumedRevenue_PAEC,AzureStrategicPillarID,
rob,,,,New view,vw_Fact_AzureConsumedRevenue_PAEC,BusinessHierarchy_BusinessID,
rob,,,,New view,vw_Fact_AzureConsumedRevenue_PAEC,FieldGeographyID,
rob,,,,New view,vw_Fact_AzureConsumedRevenue_PAEC,"BilledConsumption_INT, BilledConsumption_DEC",
rob,,,,New view,vw_Fact_AzureConsumedRevenue_AgentConsumption,AllocationID,
rob,,,,New view,vw_Fact_AzureConsumedRevenue_AgentConsumption,CustomerID,
rob,,,,New view,vw_Fact_AzureConsumedRevenue_AgentConsumption,FiscalMonthID,
rob,,,,New view,vw_Fact_AzureConsumedRevenue_AgentConsumption,CreditedGeographyID,
rob,,,,New view,vw_Fact_AzureConsumedRevenue_AgentConsumption,SubSegmentID,
rob,,,,New view,vw_Fact_AzureConsumedRevenue_AgentConsumption,AzureStrategicPillarID,
rob,,,,New view,vw_Fact_AzureConsumedRevenue_AgentConsumption,BusinessHierarchy_BusinessID,
rob,,,,New view,vw_Fact_AzureConsumedRevenue_AgentConsumption,FieldGeographyID,
rob,,,,New view,vw_Fact_AzureConsumedRevenue_AgentConsumption,"BilledConsumption_INT, BilledConsumption_DEC",
,,,,,,,
,,,,,,,
,,,,,,,
,,,,,,,
,,,,,,,
,,,,,,,
